Ticker,Ad,Kategori,TEFAS_Kind,Tur,Risk_Deger,Son_Fiyat,RSI,Ret1M,Ret3M,Ret6M,Ret1Y,Ret3Y,Ret5Y,Vol,YF_Symbol,Optima_Skor,PB,PE,DY,_cache,_gecmis_veri_yok
ACSEL,ACISELSAN ACIPAYAM SELÜLOZ SANAYİ VE TİCARET A.Ş.,BIST,,,,84.55,14.1,-27.05,,,,,,38.0,ACSEL.IS,15.0,1.3416106,162.5,,,
ADEL,ADEL KALEMCİLİK TİCARET VE SANAYİ A.Ş.,BIST,,,,24.02,11.0,-29.56,,,,,,46.5,ADEL.IS,5.0,4.709665,,,,
ADESE,ADESE GAYRİMENKUL YATIRIM A.Ş.,BIST,,,,0.64,11.1,-24.71,,,,,,37.0,ADESE.IS,25.0,0.21167634,2.6956522,,,
ADLVY,ADLVY (islem gormuyor),BIST,,,,0.0,50.0,0.0,,,,,,30.0,ADLVY.IS,0.0,,,,,
ADGYO,ADRA GAYRİMENKUL YATIRIM ORTAKLIĞI A.Ş.,BIST,,,,46.5,29.2,-19.62,,,,,,60.9,ADGYO.IS,5.0,1.4497868,,,,
AFYON,AFYON ÇİMENTO SANAYİ T.A.Ş.,BIST,,,,10.86,15.4,-13.95,,,,,,26.3,AFYON.IS,18.0,0.52939427,118.666664,,,
AGHOL,AG ANADOLU GRUBU HOLDİNG A.Ş.,BIST,,,,32.4,32.5,1.25,,,,,,34.3,AGHOL.IS,33.0,0.5778798,17.392265,,,
AGESA,AGESA HAYAT VE EMEKLİLİK A.Ş.,BIST,,,,232.2,23.2,-11.12,,,,,,25.2,AGESA.IS,22.0,3.231194,5.9191084,,,
AGROT,AGROTECH YÜKSEK TEKNOLOJİ VE YATIRIM A.Ş.,BIST,,,,1.32,0.0,-34.98,,,,,,56.4,AGROT.IS,7.0,0.36073825,,,,
AAGYO,AĞAOĞLU AVRASYA GAYRİMENKUL YATIRIM ORTAKLIĞI A.Ş.,BIST,,,,7.84,7.3,-37.28,,,,,,40.9,AAGYO.IS,10.0,0.36420485,,,,
AHSGY,AHES GAYRİMENKUL YATIRIM ORTAKLIĞI A.Ş.,BIST,,,,8.64,31.6,-48.39,,,,,,76.3,AHSGY.IS,27.0,0.5244001,1.8792272,,,
AHGAZ,AHLATCI DOĞAL GAZ DAĞITIM ENERJİ VE YATIRIM A.Ş.,BIST,,,,42.22,63.7,11.16,,,,,,43.4,AHGAZ.IS,63.0,1.8781174,21.868687,0.14,,
AKSFA,AKSFA (islem gormuyor),BIST,,,,0.0,50.0,0.0,,,,,,30.0,AKSFA.IS,0.0,,,,,
AKFK,AKFK (islem gormuyor),BIST,,,,0.0,50.0,0.0,,,,,,30.0,AKFK.IS,0.0,,,,,
AKM,AKM (islem gormuyor),BIST,,,,0.0,50.0,0.0,,,,,,30.0,AKM.IS,0.0,,,,,
AKCVR,AKCVR (islem gormuyor),BIST,,,,0.0,50.0,0.0,,,,,,30.0,AKCVR.IS,0.0,,,,,
AKBNK,AKBANK T.A.Ş.,BIST,,,,69.9,43.1,-2.71,,,,,,38.9,AKBNK.IS,54.0,1.0727037,5.2221355,,,
AKCNS,AKÇANSA ÇİMENTO SANAYİ VE TİCARET A.Ş.,BIST,,,,190.7,27.5,-21.0,,,,,,45.4,AKCNS.IS,10.0,1.375442,73.21429,,,
AKDFA,AKDFA (islem gormuyor),BIST,,,,0.0,50.0,0.0,,,,,,30.0,AKDFA.IS,0.0,,,,,
AKYHO,AKDENİZ YATIRIM HOLDİNG A.Ş.,BIST,,,,1.55,21.2,-26.89,,,,,,42.5,AKYHO.IS,15.0,0.6236163,,,,
AKENR,AKENERJİ ELEKTRİK ÜRETİM A.Ş.,BIST,,,,8.0,12.9,-23.95,,,,,,45.3,AKENR.IS,15.0,0.35178646,,,,
AKFGY,AKFEN GAYRİMENKUL YATIRIM ORTAKLIĞI A.Ş.,BIST,,,,2.56,48.4,0.49,,,,,,37.0,AKFGY.IS,48.0,0.24620642,7.0000005,,,
AKFIS,AKFEN İNŞAAT TURİZM VE TİCARET A.Ş.,BIST,,,,16.03,44.1,-9.94,,,,,,68.7,AKFIS.IS,29.0,1.7178288,422.5,,,
AKFYE,AKFEN YENİLENEBİLİR ENERJİ A.Ş.,BIST,,,,3.26,20.9,-13.68,,,,,,59.4,AKFYE.IS,20.0,0.059384253,10.205882,,,
AKHAN,AKHAN UN FABRİKASI,BIST,,,,27.24,21.7,-34.42,,,,,,65.2,AKHAN.IS,8.0,1.2019231,,,,
ATEKS,AKIN TEKSTİL A.Ş.,BIST,,,,81.75,28.8,-16.58,,,,,,61.2,ATEKS.IS,18.0,0.22495012,1.0099832,,,
AKSGY,AKİŞ GAYRİMENKUL YATIRIM ORTAKLIĞI A.Ş.,BIST,,,,9.61,40.1,-4.0,,,,,,21.1,AKSGY.IS,57.0,0.43384445,6.89781,,,
AKMGY,AKMERKEZ GAYRİMENKUL YATIRIM ORTAKLIĞI A.Ş.,BIST,,,,216.8,19.0,-17.72,,,,,,42.9,AKMGY.IS,20.0,0.6993451,10.971638,,,
AKSA,AKSA AKRİLİK KİMYA SANAYİİ A.Ş.,BIST,,,,10.29,33.4,-4.46,,,,,,37.2,AKSA.IS,39.0,1.0869565,6.8791947,,,
AKSEN,AKSA ENERJİ ÜRETİM A.Ş.,BIST,,,,74.25,40.0,-6.49,,,,,,59.3,AKSEN.IS,33.0,1.3132532,29.395163,,,
AKGRT,AKSİGORTA A.Ş.,BIST,,,,5.15,20.0,-17.2,,,,,,25.0,AKGRT.IS,30.0,0.9592641,3.5985918,,,
AKSUE,AKSU ENERJİ VE TİCARET A.Ş.,BIST,,,,16.53,17.4,-50.89,,,,,,80.5,AKSUE.IS,7.0,0.9420703,,,,
AKTVK,AKTVK (islem gormuyor),BIST,,,,0.0,50.0,0.0,,,,,,30.0,AKTVK.IS,0.0,,,,,
AFB,AFB (islem gormuyor),BIST,,,,0.0,50.0,0.0,,,,,,30.0,AFB.IS,0.0,,,,,
ALCAR,ALARKO CARRIER SANAYİ VE TİCARET A.Ş.,BIST,,,,603.0,32.8,-11.58,,,,,,53.3,ALCAR.IS,17.0,3.1537032,,,,
ALGYO,ALARKO GAYRİMENKUL YATIRIM ORTAKLIĞI A.Ş.,BIST,,,,2.99,16.7,-18.53,,,,,,40.4,ALGYO.IS,15.0,0.3345639,,,,
ALARK,ALARKO HOLDİNG A.Ş.,BIST,,,,100.7,27.8,-7.02,,,,,,37.8,ALARK.IS,23.0,0.44517148,5.5955763,,,
ALBRK,ALBARAKA TÜRK KATILIM BANKASI A.Ş.,BIST,,,,8.14,30.8,-6.22,,,,,,33.1,ALBRK.IS,38.0,0.6447604,2.2311828,,,
ALCTL,ALCATEL LUCENT TELETAŞ TELEKOMÜNİKASYON A.Ş.,BIST,,,,86.95,12.0,-24.72,,,,,,56.0,ALCTL.IS,7.0,0.9566852,,,,
ALFAS,ALFA SOLAR ENERJİ SANAYİ VE TİCARET A.Ş.,BIST,,,,27.88,6.1,-31.53,,,,,,43.4,ALFAS.IS,9.0,1.53983,33.78049,,,
ALJF,ALJF (islem gormuyor),BIST,,,,0.0,50.0,0.0,,,,,,30.0,ALJF.IS,0.0,,,,,
ALKIM,ALKİM ALKALİ KİMYA A.Ş.,BIST,,,,11.9,2.6,-23.13,,,,,,32.5,ALKIM.IS,18.0,0.7304445,,,,
ALKA,ALKİM KAĞIT SANAYİ VE TİCARET A.Ş.,BIST,,,,5.99,2.5,-26.59,,,,,,33.9,ALKA.IS,16.0,1.7806139,,,,
ALNUS,ALNUS (islem gormuyor),BIST,,,,0.0,50.0,0.0,,,,,,30.0,ALNUS.IS,0.0,,,,,
AYCES,ALTIN YUNUS ÇEŞME TURİSTİK TESİSLER A.Ş.,BIST,,,,348.75,25.4,-22.33,,,,,,47.6,AYCES.IS,9.0,1.5138184,,,,
ALTNY,ALTINAY SAVUNMA TEKNOLOJİLERİ A.Ş.,BIST,,,,11.68,2.4,-34.16,,,,,,61.3,ALTNY.IS,4.0,2.3879488,1284.0,,,
ALKLC,ALTINKILAÇ GIDA VE SÜT SANAYİ TİCARET A.Ş.,BIST,,,,181.7,11.7,-57.32,,,,,,68.5,ALKLC.IS,0.0,6.167301,,0.02,,
ALVES,ALVES KABLO SANAYİ VE TİCARET A.Ş.,BIST,,,,0.58,1.3,-59.72,,,,,,67.3,ALVES.IS,13.0,0.2769535,9.333334,,,
ANSGR,ANADOLU ANONİM TÜRK SİGORTA ŞİRKETİ,BIST,,,,24.08,29.3,-11.47,,,,,,23.2,ANSGR.IS,30.0,1.18264,3.0320103,,,
AEFES,ANADOLU EFES BİRACILIK VE MALT SANAYİİ A.Ş.,BIST,,,,18.12,36.6,1.57,,,,,,35.8,AEFES.IS,46.0,0.83325475,12.363637,,,
ANHYT,ANADOLU HAYAT EMEKLİLİK A.Ş.,BIST,,,,98.0,35.3,-5.86,,,,,,35.5,ANHYT.IS,33.0,3.017561,5.9115686,,,
ASUZU,ANADOLU ISUZU OTOMOTİV SANAYİ VE TİCARET A.Ş.,BIST,,,,42.06,23.1,-12.37,,,,,,32.5,ASUZU.IS,20.0,0.67826426,,,,
ANGEN,ANATOLİA TANI VE BİYOTEKNOLOJİ ÜRÜNLERİ A.Ş.,BIST,,,,6.9,26.8,-23.42,,,,,,39.4,ANGEN.IS,15.0,0.8261241,,,,
ANELE,ANEL ELEKTRİK PROJE TAAHHÜT VE TİCARET A.Ş.,BIST,,,,50.35,0.0,-73.57,,,,,,100.7,ANELE.IS,0.0,17.050413,,,,
ARCLK,ARÇELİK A.Ş.,BIST,,,,84.1,26.2,-7.23,,,,,,23.4,ARCLK.IS,18.0,0.70141584,,,,
ARDYZ,ARD GRUP BİLİŞİM TEKNOLOJİLERİ A.Ş.,BIST,,,,62.1,26.5,-28.21,,,,,,67.6,ARDYZ.IS,7.0,2.6373832,30.710382,0.05,,
ARENA,ARENA BİLGİSAYAR SANAYİ VE TİCARET A.Ş.,BIST,,,,15.03,8.3,-27.67,,,,,,40.7,ARENA.IS,15.0,0.79165554,,,,
ARFYE,ARF BİO YENİLENEBİLİR ENERJİ ÜRETİM A.Ş.,BIST,,,,13.98,11.6,-29.04,,,,,,59.5,ARFYE.IS,7.0,1.1215599,,,,
ARMGD,ARMADA GIDA TİCARET SANAYİ A.Ş.,BIST,,,,144.2,34.9,-22.43,,,,,,80.2,ARMGD.IS,12.0,4.813112,14.699887,,,
ARSAN,ARSAN HOLDİNG A.Ş.,BIST,,,,3.37,37.2,-23.41,,,,,,58.0,ARSAN.IS,33.0,0.45497888,15.904762,,,
ARSVY,ARSVY (islem gormuyor),BIST,,,,0.0,50.0,0.0,,,,,,30.0,ARSVY.IS,0.0,,,,,
ARTMS,ARTEMİS HALI A.Ş.,BIST,,,,35.38,32.8,-12.03,,,,,,54.8,ARTMS.IS,23.0,0.93067265,37.824173,,,
ARZUM,ARZUM ELEKTRİKLİ EV ALETLERİ SANAYİ VE TİCARET A.Ş.,BIST,,,,1.16,10.2,-29.27,,,,,,52.8,ARZUM.IS,5.0,,,,,
ASGYO,ASCE GAYRİMENKUL YATIRIM ORTAKLIĞI A.Ş.,BIST,,,,9.95,23.1,-9.05,,,,,,31.5,ASGYO.IS,28.0,0.22238848,1.0102987,,,
ASELS,ASELSAN ELEKTRONİK SANAYİ VE TİCARET A.Ş.,BIST,,,,338.5,28.1,-12.36,,,,,,49.0,ASELS.IS,12.0,5.002379,42.86624,0.13,,
ASTOR,ASTOR ENERJİ A.Ş.,BIST,,,,211.7,24.1,-35.01,,,,,,66.8,ASTOR.IS,7.0,4.343269,19.311045,,,
ATAGY,ATA GAYRİMENKUL YATIRIM ORTAKLIĞI A.Ş.,BIST,,,,8.15,7.8,-17.68,,,,,,31.4,ATAGY.IS,20.0,0.45608297,,,,
ATATR,ATA TURİZM İŞLETMECİLİK A.Ş.,BIST,,,,6.32,12.3,-55.9,,,,,,74.0,ATATR.IS,12.0,0.6023076,5.3679247,,,
ATAVK,ATAVK (islem gormuyor),BIST,,,,0.0,50.0,0.0,,,,,,30.0,ATAVK.IS,0.0,,,,,
ATA,ATA (islem gormuyor),BIST,,,,0.0,50.0,0.0,,,,,,30.0,ATA.IS,0.0,,,,,
ATAKP,ATAKEY PATATES GIDA SANAYİ VE TİCARET A.Ş.,BIST,,,,33.98,19.1,-22.67,,,,,,30.6,ATAKP.IS,18.0,0.64599025,,,,
AGYO,ATAKULE GAYRİMENKUL YATIRIM ORTAKLIĞI A.Ş.,BIST,,,,6.8,31.0,-9.33,,,,,,36.0,AGYO.IS,23.0,0.2607974,30.0,,,
ATLFA,ATLFA (islem gormuyor),BIST,,,,0.0,50.0,0.0,,,,,,30.0,ATLFA.IS,0.0,,,,,
ATSYH,ATLANTİS YATIRIM HOLDİNG A.Ş.,BIST,,,,80.0,22.2,-39.26,,,,,,88.7,ATSYH.IS,2.0,4.360729,29.387754,,,
ATLAS,ATLAS MENKUL KIYMETLER YATIRIM ORTAKLIĞI A.Ş.,BIST,,,,4.68,29.8,-23.28,,,,,,55.4,ATLAS.IS,10.0,0.4976382,,,,
ATATP,ATP YAZILIM VE TEKNOLOJİ A.Ş.,BIST,,,,219.5,20.4,-26.65,,,,,,71.6,ATATP.IS,17.0,3.2143536,10.471204,0.46,,
AVOD,A.V.O.D. KURUTULMUŞ GIDA VE TARIM ÜRÜNLERİ SANAYİ TİCARET A.Ş.,BIST,,,,2.95,10.0,-22.98,,,,,,49.1,AVOD.IS,15.0,0.6223268,,,,
AVGYO,AVRASYA GAYRİMENKUL YATIRIM ORTAKLIĞI A.Ş.,BIST,,,,14.53,36.9,-2.15,,,,,,74.8,AVGYO.IS,32.0,0.6996246,,,,
AVTUR,AVRASYA PETROL VE TURİSTİK TESİSLER YATIRIMLAR A.Ş.,BIST,,,,9.35,14.6,-21.95,,,,,,47.5,AVTUR.IS,13.0,0.29784346,,,,
AVHOL,AVRUPA YATIRIM HOLDİNG A.Ş.,BIST,,,,24.98,7.3,-29.71,,,,,,41.0,AVHOL.IS,13.0,0.7825409,,,,
AVPGY,AVRUPAKENT GAYRİMENKUL YATIRIM ORTAKLIĞI A.Ş.,BIST,,,,51.05,32.9,-6.67,,,,,,27.6,AVPGY.IS,33.0,0.40737298,18.747082,,,
AYDEM,AYDEM YENİLENEBİLİR ENERJİ A.Ş.,BIST,,,,24.12,41.1,-8.36,,,,,,45.7,AYDEM.IS,48.0,0.33392066,8.608059,,,
AYEN,AYEN ENERJİ A.Ş.,BIST,,,,25.9,21.9,-15.8,,,,,,38.7,AYEN.IS,15.0,0.35333723,51.836735,,,
AYES,AYES ÇELİK HASIR VE ÇİT SANAYİ A.Ş.,BIST,,,,7.41,4.2,-74.88,,,,,,151.7,AYES.IS,8.0,0.25017893,0.565534,,,
AYGAZ,AYGAZ A.Ş.,BIST,,,,291.0,27.3,-13.13,,,,,,45.4,AYGAZ.IS,20.0,0.7522266,12.2970085,,,
AZTEK,AZTEK TEKNOLOJİ ÜRÜNLERİ TİCARET A.Ş.,BIST,,,,3.16,38.7,-16.4,,,,,,56.0,AZTEK.IS,24.0,1.6693504,,,,
A1CAP,A1 CAPİTAL YATIRIM MENKUL DEĞERLER A.Ş.,BIST,,,,4.26,9.9,-46.88,,,,,,53.7,A1CAP.IS,20.0,0.3060998,1.035,,,
A1YEN,A1 YENİLENEBİLİR ENERJİ ÜRETİM A.Ş.,BIST,,,,1.58,13.3,-42.55,,,,,,49.5,A1YEN.IS,23.0,0.25252524,7.894737,,,
BAGFS,BAGFAŞ BANDIRMA GÜBRE FABRİKALARI A.Ş.,BIST,,,,21.44,14.4,-18.91,,,,,,41.8,BAGFS.IS,15.0,0.32401255,,,,
BAHKM,BAHADIR KİMYA SANAYİ VE TİCARET A.Ş.,BIST,,,,172.9,56.6,7.26,,,,,,76.4,BAHKM.IS,33.0,6.1190805,,,,
BAKAB,BAK AMBALAJ SANAYİ VE TİCARET A.Ş.,BIST,,,,32.1,21.5,-16.32,,,,,,44.0,BAKAB.IS,13.0,0.6758239,110.0,,,
BALAT,BALATACILAR BALATACILIK SANAYİ VE TİCARET A.Ş.,BIST,,,,48.5,9.1,-28.62,,,,,,67.5,BALAT.IS,0.0,16.17037,26.143713,,,
BALSU,BALSU GIDA SANAYİ VE TİCARET A.Ş.,BIST,,,,6.74,28.9,-32.19,,,,,,87.5,BALSU.IS,5.0,1.256235,29.565218,,,
BNTAS,BANTAŞ BANDIRMA AMBALAJ SANAYİ VE TİCARET A.Ş.,BIST,,,,5.34,23.4,-15.91,,,,,,37.9,BNTAS.IS,20.0,0.7254509,22.625,,,
BANVT,BANVİT BANDIRMA VİTAMİNLİ YEM SANAYİ A.Ş.,BIST,,,,130.2,23.5,-14.9,,,,,,33.5,BANVT.IS,20.0,1.0130062,,,,
BARMA,BAREM AMBALAJ SANAYİ VE TİCARET A.Ş.,BIST,,,,6.63,26.0,-26.33,,,,,,94.7,BARMA.IS,1.0,1.0201794,,,,
BSRFK,BSRFK (islem gormuyor),BIST,,,,0.0,50.0,0.0,,,,,,30.0,BSRFK.IS,0.0,,,,,
BASGZ,BAŞKENT DOĞALGAZ DAĞITIM GAYRİMENKUL YATIRIM ORTAKLIĞI A.Ş.,BIST,,,,39.3,21.0,-11.45,,,,,,29.0,BASGZ.IS,25.0,0.7637785,15.195313,,,
BASCM,BAŞTAŞ BAŞKENT ÇİMENTO SANAYİ VE TİCARET A.Ş.,BIST,,,,10.78,12.2,-23.87,,,,,,38.2,BASCM.IS,18.0,0.8906554,18.61017,,,
BEGYO,BATI EGE GAYRİMENKUL YATIRIM ORTAKLIĞI A.Ş.,BIST,,,,2.6,20.0,-26.35,,,,,,37.0,BEGYO.IS,15.0,0.35804906,,,,
BTCIM,BATIÇİM BATI ANADOLU ÇİMENTO SANAYİİ A.Ş.,BIST,,,,2.03,1.0,-50.37,,,,,,52.7,BTCIM.IS,7.0,0.43847242,,,,
BSOKE,BATISÖKE SÖKE ÇİMENTO SANAYİİ T.A.Ş.,BIST,,,,7.86,0.3,-70.11,,,,,,72.3,BSOKE.IS,1.0,0.8420552,,,,
BYDNR,BAYDÖNER RESTORANLARI A.Ş.,BIST,,,,22.22,15.8,-42.14,,,,,,53.1,BYDNR.IS,15.0,1.0362643,,,,
BAYRK,BAYRAK EBT TABAN SANAYİ VE TİCARET A.Ş.,BIST,,,,2.77,6.1,-34.82,,,,,,45.8,BAYRK.IS,11.0,2.8375528,,,,
BERA,BERA HOLDİNG A.Ş.,BIST,,,,10.82,15.6,-20.44,,,,,,39.1,BERA.IS,10.0,0.22701365,,,,
BRKT,BRKT (islem gormuyor),BIST,,,,0.0,50.0,0.0,,,,,,30.0,BRKT.IS,0.0,,,,,
BRKSN,BERKOSAN YALITIM VE TECRİT MADDELERİ ÜRETİM VE TİCARET A.Ş.,BIST,,,,5.82,7.5,-26.69,,,,,,31.7,BRKSN.IS,18.0,0.58146644,28.55,,,
BESLR,BESLER GIDA VE KİMYA SANAYİ VE TİCARET A.Ş.,BIST,,,,10.99,19.7,-14.14,,,,,,37.6,BESLR.IS,25.0,0.35833,5.5567007,,,
BESTE,BEST BRANDS GRUP ENERJİ YATIRIM A.Ş.,BIST,,,,18.99,13.6,-40.32,,,,,,69.9,BESTE.IS,13.0,0.69478816,18.346535,,,
BJKAS,BEŞİKTAŞ FUTBOL YATIRIMLARI SANAYİ VE TİCARET A.Ş.,BIST,,,,1.55,31.7,-29.86,,,,,,96.6,BJKAS.IS,16.0,1.9013238,,,,
BEYAZ,BEYAZ FİLO OTO KİRALAMA A.Ş.,BIST,,,,16.28,20.5,-29.28,,,,,,54.0,BEYAZ.IS,15.0,1.2027389,,,,
BIENY,BİEN YAPI ÜRÜNLERİ SANAYİ TURİZM VE TİCARET A.Ş.,BIST,,,,15.2,8.7,-31.22,,,,,,39.8,BIENY.IS,15.0,0.36250126,,,,
BIGTK,BİG MEDYA TEKNOLOJİ A.Ş.,BIST,,,,107.1,14.2,-68.93,,,,,,103.0,BIGTK.IS,0.0,2.164201,77.12,,,
BLCYT,BİLİCİ YATIRIM SANAYİ VE TİCARET A.Ş.,BIST,,,,1.77,23.0,-18.58,,,,,,58.2,BLCYT.IS,13.0,0.37369207,17.5,,,
BLKOM,BLKOM (islem gormuyor),BIST,,,,0.0,50.0,0.0,,,,,,30.0,BLKOM.IS,0.0,,,,,
BIMAS,BİM BİRLEŞİK MAĞAZALAR A.Ş.,BIST,,,,421.75,48.2,4.64,,,,,,30.3,BIMAS.IS,44.0,2.4645627,20.246735,,,
BINBN,BİN ULAŞIM VE AKILLI ŞEHİR TEKNOLOJİLERİ A.Ş.,BIST,,,,65.1,3.0,-62.8,,,,,,68.1,BINBN.IS,0.0,3.5681665,,,,
BIOEN,BİOTREND ÇEVRE VE ENERJİ YATIRIMLARI A.Ş.,BIST,,,,11.33,18.1,-40.68,,,,,,67.1,BIOEN.IS,8.0,1.7285649,2.6928573,,,
BRKVY,BİRİKİM VARLIK YÖNETİM A.Ş.,BIST,,,,48.26,6.8,-44.85,,,,,,51.0,BRKVY.IS,19.0,1.789196,8.041237,,,
BRKO,BİRKO BİRLEŞİK KOYUNLULULAR MENSUCAT TİCARET VE SANAYİ A.Ş.,BIST,,,,6.79,18.9,-41.97,,,,,,74.0,BRKO.IS,5.0,0.40281707,,,,
BIGEN,BİRLEŞİM GRUP ENERJİ YATIRIMLARI A.Ş.,BIST,,,,54.9,25.0,-70.13,,,,,,111.5,BIGEN.IS,0.0,7.9696817,,,,
BRLSM,BİRLEŞİM MÜHENDİSLİK ISITMA SOĞUTMA HAVALANDIRMA SANAYİ VE TİCARET A.Ş.,BIST,,,,11.46,0.8,-53.19,,,,,,75.7,BRLSM.IS,3.0,1.5594237,,,,
BRMEN,BİRLİK MENSUCAT TİCARET VE SANAYİ İŞLETMESİ A.Ş.,BIST,,,,7.52,27.0,-42.15,,,,,,88.6,BRMEN.IS,0.0,50.0,,,,
BIZIM,BİZİM TOPTAN SATIŞ MAĞAZALARI A.Ş.,BIST,,,,19.2,5.7,-20.6,,,,,,39.7,BIZIM.IS,7.0,,,,,
BLUME,BLUME METAL KİMYA A.Ş.,BIST,,,,34.64,42.0,-17.29,,,,,,61.8,BLUME.IS,27.0,10.120701,,,,
BMSTL,BMS BİRLEŞİK METAL SANAYİ VE TİCARET A.Ş.,BIST,,,,40.54,41.6,-6.93,,,,,,46.2,BMSTL.IS,30.0,6.813515,,,,
BMSCH,BMS ÇELİK HASIR SANAYİ VE TİCARET A.Ş.,BIST,,,,8.6,37.3,-20.66,,,,,,52.1,BMSCH.IS,43.0,0.6243496,8.659793,,,
BNPPI,BNPPI (islem gormuyor),BIST,,,,0.0,50.0,0.0,,,,,,30.0,BNPPI.IS,0.0,,,,,
BOBET,BOĞAZİÇİ BETON SANAYİ VE TİCARET A.Ş.,BIST,,,,16.03,14.9,-19.85,,,,,,57.6,BOBET.IS,10.0,0.8342597,,,,
BORSK,BOR ŞEKER A.Ş.,BIST,,,,5.45,13.0,-11.24,,,,,,37.6,BORSK.IS,15.0,0.6456771,,,,
BORLS,BORLEASE OTOMOTİV A.Ş.,BIST,,,,1.55,1.3,-63.36,,,,,,70.8,BORLS.IS,0.0,,,,,
BRSAN,BORUSAN BİRLEŞİK BORU FABRİKALARI SANAYİ VE TİCARET A.Ş.,BIST,,,,645.0,32.8,-10.91,,,,,,49.9,BRSAN.IS,21.0,2.0415227,35.8783,,,
BRYAT,BORUSAN YATIRIM VE PAZARLAMA A.Ş.,BIST,,,,1443.0,21.6,-14.06,,,,,,36.6,BRYAT.IS,23.0,1.2173927,8.591524,,,
BFREN,BOSCH FREN SİSTEMLERİ SANAYİ VE TİCARET A.Ş.,BIST,,,,105.0,11.4,-17.97,,,,,,24.8,BFREN.IS,12.0,15.518028,49.7561,,,
BOSSA,BOSSA TİCARET VE SANAYİ İŞLETMELERİ T.A.Ş.,BIST,,,,6.07,34.4,-5.89,,,,,,41.7,BOSSA.IS,25.0,0.6117353,inf,,,
BRISA,BRİSA BRİDGESTONE SABANCI LASTİK SANAYİ VE TİCARET A.Ş.,BIST,,,,70.7,34.7,-7.46,,,,,,30.7,BRISA.IS,28.0,0.7462605,34.52261,,,
BULGS,BULLS GİRİŞİM SERMAYESİ YATIRIM ORTAKLIĞI A.Ş.,BIST,,,,13.6,11.9,-57.1,,,,,,63.9,BULGS.IS,12.0,0.42599103,1.7239437,,,
BLS,BLS (islem gormuyor),BIST,,,,0.0,50.0,0.0,,,,,,30.0,BLS.IS,0.0,,,,,
BLSMD,BLSMD (islem gormuyor),BIST,,,,0.0,50.0,0.0,,,,,,30.0,BLSMD.IS,0.0,,,,,
BURCE,BURÇELİK BURSA ÇELİK DÖKÜM SANAYİİ A.Ş.,BIST,,,,24.8,14.0,-28.98,,,,,,41.0,BURCE.IS,11.0,1.6863383,,,,
BURVA,BURÇELİK VANA SANAYİ VE TİCARET A.Ş.,BIST,,,,388.75,24.1,-45.67,,,,,,89.1,BURVA.IS,0.0,27.453135,,,,
BRGAN,BRGAN (islem gormuyor),BIST,,,,0.0,50.0,0.0,,,,,,30.0,BRGAN.IS,0.0,,,,,
BUR,BUR (islem gormuyor),BIST,,,,0.0,50.0,0.0,,,,,,30.0,BUR.IS,0.0,,,,,
BRGFK,BRGFK (islem gormuyor),BIST,,,,0.0,50.0,0.0,,,,,,30.0,BRGFK.IS,0.0,,,,,
BUCIM,BURSA ÇİMENTO FABRİKASI A.Ş.,BIST,,,,4.94,16.9,-13.64,,,,,,32.1,BUCIM.IS,20.0,0.38753495,,,,
BVSAN,BÜLBÜLOĞLU VİNÇ SANAYİ VE TİCARET A.Ş.,BIST,,,,73.25,10.8,-29.36,,,,,,63.1,BVSAN.IS,10.0,1.0327865,,,,
BIGCH,BÜYÜK ŞEFLER GIDA TURİZM TEKSTİL DANIŞMANLIK ORGANİZASYON EĞİTİM SANAYİ VE TİCARET A.Ş.,BIST,,,,3.59,7.3,-36.77,,,,,,51.3,BIGCH.IS,10.0,1.2481537,84.50001,,,
CRFSA,CARREFOURSA CARREFOUR SABANCI TİCARET MERKEZİ A.Ş.,BIST,,,,192.6,31.2,-33.3,,,,,,98.9,CRFSA.IS,10.0,,,,,
CASA,CASA EMTİA PETROL KİMYEVİ VE TÜREVLERİ SANAYİ VE TİCARET A.Ş.,BIST,,,,42.0,4.9,-38.28,,,,,,57.7,CASA.IS,0.0,,,,,
CEMZY,CEM ZEYTİN A.Ş.,BIST,,,,6.26,13.5,-59.51,,,,,,81.3,CEMZY.IS,0.0,2.7941177,,,,
CEOEM,CEO EVENT MEDYA A.Ş.,BIST,,,,18.47,36.7,-26.53,,,,,,70.3,CEOEM.IS,36.0,1.4898989,11.305389,,,
CCOLA,COCA-COLA İÇECEK A.Ş.,BIST,,,,78.6,45.7,4.52,,,,,,38.3,CCOLA.IS,54.0,2.366475,11.111908,,,
CONSE,CONSUS ENERJİ İŞLETMECİLİĞİ VE HİZMETLERİ A.Ş.,BIST,,,,1.61,1.4,-29.07,,,,,,34.7,CONSE.IS,25.0,0.564891,22.571428,,,
COSMO,COSMOS YATIRIM HOLDİNG A.Ş.,BIST,,,,80.0,1.6,-35.64,,,,,,51.3,COSMO.IS,12.0,3.8087838,12.85246,,,
CRDFA,CREDITWEST FAKTORİNG A.Ş.,BIST,,,,8.09,1.0,-67.64,,,,,,76.6,CRDFA.IS,8.0,0.8281267,2.5224912,,,
CVKMD,CVK MADEN İŞLETMELERİ SANAYİ VE TİCARET A.Ş.,BIST,,,,12.77,28.2,-23.81,,,,,,132.2,CVKMD.IS,2.0,1.3461537,173.0,,,
CWENE,CW ENERJİ MÜHENDİSLİK TİCARET VE SANAYİ A.Ş.,BIST,,,,20.06,14.4,-46.51,,,,,,75.1,CWENE.IS,17.0,1.1040145,6.927481,,,
CGCAM,ÇAĞDAŞ CAM SANAYİ VE TİCARET A.Ş.,BIST,,,,19.88,8.8,-43.14,,,,,,51.7,CGCAM.IS,15.0,0.6210981,19.595959,,,
CAGFA,CAGFA (islem gormuyor),BIST,,,,0.0,50.0,0.0,,,,,,30.0,CAGFA.IS,0.0,,,,,
CMSAN,CMSAN (islem gormuyor),BIST,,,,0.0,50.0,0.0,,,,,,30.0,CMSAN.IS,0.0,,,,,
CANTE,ÇAN2 TERMİK A.Ş.,BIST,,,,1.01,25.8,-26.81,,,,,,48.5,CANTE.IS,13.0,0.32146233,,,,
CATES,ÇATES ELEKTRİK ÜRETİM A.Ş.,BIST,,,,31.2,11.0,-55.46,,,,,,74.8,CATES.IS,15.0,0.3343353,2.6954954,,,
CLEBI,ÇELEBİ HAVA SERVİSİ A.Ş.,BIST,,,,1353.0,34.2,-6.43,,,,,,25.5,CLEBI.IS,32.0,4.585852,9.095909,,,
CELHA,ÇELİK HALAT VE TEL SANAYİİ A.Ş.,BIST,,,,26.98,52.3,9.85,,,,,,63.0,CELHA.IS,47.0,2.2973433,,,,
CLKMT,CLKMT (islem gormuyor),BIST,,,,0.0,50.0,0.0,,,,,,30.0,CLKMT.IS,0.0,,,,,
CEMAS,ÇEMAŞ DÖKÜM SANAYİ A.Ş.,BIST,,,,3.14,21.0,-23.41,,,,,,41.2,CEMAS.IS,15.0,0.608,,,,
CEMTS,ÇEMTAŞ ÇELİK MAKİNA SANAYİ VE TİCARET A.Ş.,BIST,,,,7.69,19.1,-12.11,,,,,,24.1,CEMTS.IS,18.0,0.515001,,,,
CMBTN,ÇİMBETON HAZIRBETON VE PREFABRİK YAPI ELEMANLARI SANAYİ VE TİCARET A.Ş.,BIST,,,,1216.0,22.8,-21.29,,,,,,52.3,CMBTN.IS,5.0,8.497446,,,,
CMENT,ÇİMENTAŞ İZMİR ÇİMENTO FABRİKASI T.A.Ş.,BIST,,,,236.4,47.1,-10.11,,,,,,49.4,CMENT.IS,38.0,1.1102561,30.333334,,,
CIMSA,ÇİMSA ÇİMENTO SANAYİ VE TİCARET A.Ş.,BIST,,,,43.2,38.2,-3.31,,,,,,31.2,CIMSA.IS,50.0,1.0538026,10.394014,,,
CUSAN,ÇUHADAROĞLU METAL SANAYİ VE PAZARLAMA A.Ş.,BIST,,,,18.21,12.6,-24.13,,,,,,57.9,CUSAN.IS,6.0,1.6501435,,,,
DVRLK,DVRLK (islem gormuyor),BIST,,,,0.0,50.0,0.0,,,,,,30.0,DVRLK.IS,0.0,,,,,
DYBNK,DYBNK (islem gormuyor),BIST,,,,0.0,50.0,0.0,,,,,,30.0,DYBNK.IS,0.0,,,,,
DAGI,DAGİ GİYİM SANAYİ VE TİCARET A.Ş.,BIST,,,,4.81,4.4,-53.84,,,,,,70.6,DAGI.IS,5.0,1.0964041,,,,
DAPGM,DAP GAYRİMENKUL GELİŞTİRME A.Ş.,BIST,,,,3.25,3.3,-59.93,,,,,,65.6,DAPGM.IS,12.0,0.43901712,12.208334,,,
DARDL,DARDANEL ÖNENTAŞ GIDA SANAYİ A.Ş.,BIST,,,,1.13,3.9,-31.1,,,,,,32.7,DARDL.IS,20.0,0.35620916,,,,
DGATE,DATAGATE BİLGİSAYAR MALZEMELERİ TİCARET A.Ş.,BIST,,,,59.75,13.8,-37.95,,,,,,66.6,DGATE.IS,0.0,4.0287127,39.62838,,,
DCTTR,DCT TRADİNG DIŞ TİCARET A.Ş.,BIST,,,,3.29,18.2,-49.23,,,,,,69.1,DCTTR.IS,3.0,1.1743252,,,,
DGRVK,DGRVK (islem gormuyor),BIST,,,,0.0,50.0,0.0,,,,,,30.0,DGRVK.IS,0.0,,,,,
DMSAS,DEMİSAŞ DÖKÜM EMAYE MAMÜLLERİ SANAYİ A.Ş.,BIST,,,,5.91,24.2,-31.28,,,,,,57.3,DMSAS.IS,5.0,0.7966538,,,,
DENVA,DENVA (islem gormuyor),BIST,,,,0.0,50.0,0.0,,,,,,30.0,DENVA.IS,0.0,,,,,
DENGE,DENGE YATIRIM HOLDİNG A.Ş.,BIST,,,,1.69,4.5,-27.78,,,,,,48.2,DENGE.IS,15.0,0.70583594,,,,
DNZEN,DNZEN (islem gormuyor),BIST,,,,0.0,50.0,0.0,,,,,,30.0,DNZEN.IS,0.0,,,,,
DENFA,DENFA (islem gormuyor),BIST,,,,0.0,50.0,0.0,,,,,,30.0,DENFA.IS,0.0,,,,,
DNFIN,DNFIN (islem gormuyor),BIST,,,,0.0,50.0,0.0,,,,,,30.0,DNFIN.IS,0.0,,,,,
DZGYO,DENİZ GAYRİMENKUL YATIRIM ORTAKLIĞI A.Ş.,BIST,,,,6.44,23.1,-8.78,,,,,,43.8,DZGYO.IS,25.0,0.38514772,8.101266,,,
DERIM,DERİMOD KONFEKSİYON AYAKKABI DERİ SANAYİ VE TİCARET A.Ş.,BIST,,,,26.7,11.1,-25.5,,,,,,38.3,DERIM.IS,16.0,1.8020515,15.116279,,,
DERHL,DERLÜKS YATIRIM HOLDİNG A.Ş.,BIST,,,,1.6,20.5,-23.08,,,,,,44.9,DERHL.IS,10.0,0.79443896,,,,
DESA,DESA DERİ SANAYİ VE TİCARET A.Ş.,BIST,,,,8.736,23.8,-11.71,,,,,,41.9,DESA.IS,23.0,0.8861805,8.58,,,
DESPC,DESPEC BİLGİSAYAR PAZARLAMA VE TİCARET A.Ş.,BIST,,,,29.6,18.9,-27.24,,,,,,68.5,DESPC.IS,6.0,1.6303922,,,,
DSTKF,DESTEK FİNANS FAKTORİNG A.Ş.,BIST,,,,951.5,14.5,-54.28,,,,,,93.8,DSTKF.IS,0.0,19.268408,57.989166,,,
DMD,DMD (islem gormuyor),BIST,,,,0.0,50.0,0.0,,,,,,30.0,DMD.IS,0.0,,,,,
DSYAT,DSYAT (islem gormuyor),BIST,,,,0.0,50.0,0.0,,,,,,30.0,DSYAT.IS,0.0,,,,,
DEVA,DEVA HOLDİNG A.Ş.,BIST,,,,92.05,46.6,-1.71,,,,,,52.5,DEVA.IS,44.0,0.5715627,,,,
DIMES,DIMES (islem gormuyor),BIST,,,,0.0,50.0,0.0,,,,,,30.0,DIMES.IS,0.0,,,,,
DNISI,DİNAMİK ISI MAKİNA YALITIM MALZEMELERİ SANAYİ VE TİCARET A.Ş.,BIST,,,,3.82,18.7,-16.96,,,,,,42.8,DNISI.IS,15.0,1.2155591,41.666664,,,
DIRIT,DİRİTEKS DİRİLİŞ TEKSTİL SANAYİ VE TİCARET A.Ş.,BIST,,,,21.88,28.5,-18.3,,,,,,70.0,DIRIT.IS,0.0,12.83871,inf,,,
DITAS,DİTAŞ BDY YEDEK PARÇA İMALAT VE TEKNİK A.Ş.,BIST,,,,10.02,14.3,-58.25,,,,,,90.4,DITAS.IS,12.0,1.1437992,10.022223,,,
DKVRL,DKVRL (islem gormuyor),BIST,,,,0.0,50.0,0.0,,,,,,30.0,DKVRL.IS,0.0,,,,,
DMRGD,DMR UNLU MAMULLER ÜRETİM GIDA TOPTAN PERAKENDE İHRACAT A.Ş.,BIST,,,,8.34,34.7,-28.72,,,,,,62.1,DMRGD.IS,10.0,5.26648,62.583336,,,
DOCO,DO & CO AKTIENGESELLSCHAFT,BIST,,,,10595.0,30.6,-7.06,,,,,,23.2,DOCO.IS,25.0,223.18483,18.742626,,,
DOFRB,DOF ROBOTİK SANAYİ A.Ş.,BIST,,,,76.4,13.5,-39.56,,,,,,61.8,DOFRB.IS,0.0,4.794612,36.683674,,,
DOFER,DOFER YAPI MALZEMELERİ SANAYİ VE TİCARET A.Ş.,BIST,,,,20.88,5.7,-25.43,,,,,,34.4,DOFER.IS,18.0,0.68663925,28.053335,,,
DOHOL,DOĞAN ŞİRKETLER GRUBU HOLDİNG A.Ş.,BIST,,,,19.72,29.0,-10.85,,,,,,29.0,DOHOL.IS,28.0,0.4951349,7.783899,,,
DGNMO,DOĞANLAR MOBİLYA GRUBU İMALAT SANAYİ VE TİCARET A.Ş.,BIST,,,,3.94,5.4,-45.8,,,,,,58.0,DGNMO.IS,7.0,0.83580196,,,,
DOGVY,DOGVY (islem gormuyor),BIST,,,,0.0,50.0,0.0,,,,,,30.0,DOGVY.IS,0.0,,,,,
ARASE,DOĞU ARAS ENERJİ YATIRIMLARI A.Ş.,BIST,,,,98.35,18.2,-18.18,,,,,,47.0,ARASE.IS,18.0,0.98897636,24.496222,,,
DOGUB,DOĞUSAN BORU SANAYİ VE TİCARET A.Ş.,BIST,,,,21.5,0.3,-64.87,,,,,,81.0,DOGUB.IS,0.0,12.516171,,,,
DGGYO,DOĞUŞ GAYRİMENKUL YATIRIM ORTAKLIĞI A.Ş.,BIST,,,,27.04,23.1,-17.96,,,,,,56.4,DGGYO.IS,8.0,0.5576314,,,,
DOAS,DOĞUŞ OTOMOTİV SERVİS VE TİCARET A.Ş.,BIST,,,,149.8,23.3,-8.55,,,,,,23.2,DOAS.IS,23.0,0.4267345,16.747969,,,
DFKTR,DFKTR (islem gormuyor),BIST,,,,0.0,50.0,0.0,,,,,,30.0,DFKTR.IS,0.0,,,,,
DOKTA,DÖKTAŞ DÖKÜMCÜLÜK TİCARET VE SANAYİ A.Ş.,BIST,,,,16.1,11.0,-29.14,,,,,,41.6,DOKTA.IS,10.0,0.6695305,,,,
DURDO,DURAN DOĞAN BASIM VE AMBALAJ SANAYİ A.Ş.,BIST,,,,4.4,29.7,-12.0,,,,,,43.7,DURDO.IS,13.0,1.3633668,92.0,,,
DURKN,DURUKAN ŞEKERLEME SANAYİ VE TİCARET A.Ş.,BIST,,,,10.83,1.9,-51.61,,,,,,63.3,DURKN.IS,5.0,0.5051198,,,,
DUNYH,DÜNYA HOLDİNG A.Ş.,BIST,,,,109.1,100.0,0.0,,,,,,0.0,DUNYH.IS,38.0,0.69243056,45.166664,,,
DNYVA,DNYVA (islem gormuyor),BIST,,,,0.0,50.0,0.0,,,,,,30.0,DNYVA.IS,0.0,,,,,
DYOBY,DYO BOYA FABRİKALARI SANAYİ VE TİCARET A.Ş.,BIST,,,,10.35,5.7,-25.0,,,,,,34.5,DYOBY.IS,25.0,0.34059808,24.0,,,
EBEBK,EBEBEK MAĞAZACILIK A.Ş.,BIST,,,,78.55,38.5,-7.37,,,,,,37.7,EBEBK.IS,34.0,2.182092,23.944956,,,
ECOGR,ECOGREEN ENERJİ HOLDİNG A.Ş.,BIST,,,,29.12,32.7,-16.03,,,,,,61.4,ECOGR.IS,20.0,0.7328094,,,,
ECZYT,ECZACIBAŞI YATIRIM HOLDİNG ORTAKLIĞI A.Ş.,BIST,,,,224.3,20.5,-29.85,,,,,,60.3,ECZYT.IS,8.0,0.7437749,,,,
EDATA,E-DATA TEKNOLOJİ PAZARLAMA A.Ş.,BIST,,,,5.99,7.0,-68.17,,,,,,71.2,EDATA.IS,0.0,2.3027718,,,,
EDIP,EDİP GAYRİMENKUL YATIRIM SANAYİ VE TİCARET A.Ş.,BIST,,,,28.22,15.3,-29.91,,,,,,54.2,EDIP.IS,23.0,0.22881658,8.861538,,,
EFOR,EFOR YATIRIM SANAYİ TİCARET A.Ş.,BIST,,,,14.05,31.2,-22.03,,,,,,79.0,EFOR.IS,17.0,5.5083027,1360.0001,0.12,,
EGEEN,EGE ENDÜSTRİ VE TİCARET A.Ş.,BIST,,,,5180.0,43.7,2.07,,,,,,63.3,EGEEN.IS,39.0,1.7498488,28.452774,,,
EGGUB,EGE GÜBRE SANAYİİ A.Ş.,BIST,,,,98.0,35.6,-12.5,,,,,,42.8,EGGUB.IS,38.0,0.93453366,13.34734,,,
EGPRO,EGE PROFİL TİCARET VE SANAYİ A.Ş.,BIST,,,,32.48,30.9,-15.55,,,,,,47.4,EGPRO.IS,26.0,1.7365733,12.559701,,,
EGSER,EGE SERAMİK SANAYİ VE TİCARET A.Ş.,BIST,,,,2.48,17.1,-14.78,,,,,,31.4,EGSER.IS,18.0,0.86323625,,,,
EPLAS,EGEPLAST EGE PLASTİK TİCARET VE SANAYİ A.Ş.,BIST,,,,5.1,44.8,-14.0,,,,,,65.5,EPLAS.IS,35.0,0.24549364,,,,
EGEGY,EGEYAPI AVRUPA GAYRİMENKUL YATIRIM ORTAKLIĞI A.Ş.,BIST,,,,15.15,10.6,-48.82,,,,,,65.5,EGEGY.IS,17.0,1.1382908,2.7137744,,,
ECZIP,ECZIP (islem gormuyor),BIST,,,,0.0,50.0,0.0,,,,,,30.0,ECZIP.IS,0.0,,,,,
ECILC,EİS ECZACIBAŞI İLAÇ SINAİ VE FİNANSAL YATIRIMLAR SANAYİ VE TİCARET A.Ş.,BIST,,,,64.1,39.6,-17.56,,,,,,56.3,ECILC.IS,26.0,0.6288588,,,,
EKER,EKER (islem gormuyor),BIST,,,,0.0,50.0,0.0,,,,,,30.0,EKER.IS,0.0,,,,,
EKDMR,EKİNCİLER DEMİR VE ÇELİK SANAYİ A.Ş.,BIST,,,,30.0,14.8,-37.5,,,,,,51.6,EKDMR.IS,17.0,0.5313393,20.345324,,,
EKIZ,EKİZ KİMYA SANAYİ VE TİCARET A.Ş.,BIST,,,,42.78,22.6,-28.88,,,,,,44.7,EKIZ.IS,13.0,1.0328319,,,,
EKOFA,EKOFA (islem gormuyor),BIST,,,,0.0,50.0,0.0,,,,,,30.0,EKOFA.IS,0.0,,,,,
EKOS,EKOS TEKNOLOJİ VE ELEKTRİK A.Ş.,BIST,,,,3.31,8.2,-37.43,,,,,,43.9,EKOS.IS,10.0,1.0267717,,,,
EKSUN,EKSUN GIDA TARIM SANAYİ VE TİCARET A.Ş.,BIST,,,,4.45,21.0,-27.99,,,,,,49.7,EKSUN.IS,15.0,0.9748083,,,,
ELITE,ELİTE NATUREL ORGANİK GIDA SANAYİ VE TİCARET A.Ş.,BIST,,,,19.66,9.3,-27.83,,,,,,34.3,ELITE.IS,27.0,0.91394234,38.795918,0.25,,
EMKEL,EMEK ELEKTRİK ENDÜSTRİSİ A.Ş.,BIST,,,,7.77,3.3,-47.14,,,,,,48.2,EMKEL.IS,12.0,1.1735007,,,,
EMNIS,EMİNİŞ AMBALAJ SANAYİ VE TİCARET A.Ş.,BIST,,,,117.5,20.5,-23.7,,,,,,50.0,EMNIS.IS,6.0,2.71404,207.7193,,,
EMIRV,EMIRV (islem gormuyor),BIST,,,,0.0,50.0,0.0,,,,,,30.0,EMIRV.IS,0.0,,,,,
EKTVK,EKTVK (islem gormuyor),BIST,,,,0.0,50.0,0.0,,,,,,30.0,EKTVK.IS,0.0,,,,,
DMLKT,DMLKT (islem gormuyor),BIST,,,,0.0,50.0,0.0,,,,,,30.0,DMLKT.IS,0.0,,,,,
EKGYO,EMLAK KONUT GAYRİMENKUL YATIRIM ORTAKLIĞI A.Ş.,BIST,,,,18.77,26.2,-6.15,,,,,,46.2,EKGYO.IS,15.0,0.45793185,,,,
EMVAR,EMVAR (islem gormuyor),BIST,,,,0.0,50.0,0.0,,,,,,30.0,EMVAR.IS,0.0,,,,,
EMPAE,EMPA ELEKTRONİK SANAYİ VE TİCARET A.Ş.,BIST,,,,44.5,10.9,-32.16,,,,,,94.4,EMPAE.IS,6.0,3.7405949,,0.22,,
ENDAE,ENDA ENERJİ HOLDİNG A.Ş.,BIST,,,,13.47,9.1,-25.7,,,,,,53.3,ENDAE.IS,15.0,0.44874197,,,,
ENJSA,ENERJİSA ENERJİ A.Ş.,BIST,,,,106.5,26.8,-3.27,,,,,,34.4,ENJSA.IS,27.0,1.2998545,19.77486,,,
ENERY,ENERYA ENERJİ A.Ş.,BIST,,,,13.08,63.9,32.39,,,,,,53.6,ENERY.IS,74.0,1.8224428,19.441177,0.13,,
ENKAI,ENKA İNŞAAT VE SANAYİ A.Ş.,BIST,,,,84.75,37.6,-3.03,,,,,,33.5,ENKAI.IS,44.0,54.82048,11.728307,,,
ENPRA,ENPARA BANK A.Ş.,BIST,,,,40.0,7.5,-29.82,,,,,,53.3,ENPRA.IS,5.0,23.06505,,,,
ENSRI,ENSARİ SINAİ YATIRIMLAR A.Ş.,BIST,,,,2.95,3.3,-42.04,,,,,,63.1,ENSRI.IS,7.0,0.9512605,,,,
ERBOS,ERBOSAN ERCİYAS BORU SANAYİ VE TİCARET A.Ş.,BIST,,,,115.5,9.2,-22.74,,,,,,38.4,ERBOS.IS,10.0,0.5900678,,,,
ERCB,ERCİYAS ÇELİK BORU SANAYİ A.Ş.,BIST,,,,35.44,17.3,-21.42,,,,,,47.2,ERCB.IS,15.0,0.49785906,,,,
EREGL,EREĞLİ DEMİR VE ÇELİK FABRİKALARI T.A.Ş.,BIST,,,,36.76,39.1,-5.21,,,,,,40.9,EREGL.IS,33.0,0.75817984,31.252172,,,
ERGLI,ERGLI (islem gormuyor),BIST,,,,0.0,50.0,0.0,,,,,,30.0,ERGLI.IS,0.0,,,,,
KIMMR,ERSAN ALIŞVERİŞ HİZMETLERİ VE GIDA SANAYİ TİCARET A.Ş.,BIST,,,,10.7517,14.4,-17.84,,,,,,26.7,KIMMR.IS,30.0,0.48289374,4.2400002,,,
ERSU,ERSU MEYVE VE GIDA SANAYİ A.Ş.,BIST,,,,11.79,5.7,-53.4,,,,,,56.2,ERSU.IS,2.0,0.856048,,,,
ESCAR,ESCAR FİLO KİRALAMA HİZMETLERİ A.Ş.,BIST,,,,16.11,4.8,-62.34,,,,,,65.2,ESCAR.IS,7.0,1.0617266,,,,
ESCOM,ESCORT TEKNOLOJİ YATIRIM A.Ş.,BIST,,,,4.24,24.7,-22.49,,,,,,49.7,ESCOM.IS,23.0,0.6912518,1.9810426,,,
ESEN,ESENBOĞA ELEKTRİK ÜRETİM A.Ş.,BIST,,,,2.51,1.0,-30.85,,,,,,37.5,ESEN.IS,15.0,0.28117916,,,,
ETILR,ETİLER GIDA VE TİCARİ YATIRIMLAR SANAYİ VE TİCARET A.Ş.,BIST,,,,7.61,69.5,35.17,,,,,,70.0,ETILR.IS,50.0,3.348751,,,,
EUKYO,EURO KAPİTAL YATIRIM ORTAKLIĞI A.Ş.,BIST,,,,9.51,18.7,-26.85,,,,,,52.3,EUKYO.IS,2.0,6.8546634,,,,
EUYO,EURO MENKUL KIYMET YATIRIM ORTAKLIĞI A.Ş.,BIST,,,,3.85,28.6,-18.95,,,,,,57.2,EUYO.IS,4.0,2.5502875,,,,
ETYAT,EURO TREND YATIRIM ORTAKLIĞI A.Ş.,BIST,,,,10.47,30.3,-33.23,,,,,,73.1,ETYAT.IS,4.0,8.035714,,,,
EUHOL,EURO YATIRIM HOLDİNG A.Ş.,BIST,,,,7.81,33.3,-20.95,,,,,,64.7,EUHOL.IS,20.0,0.22412387,,,,
TEZOL,EUROPAP TEZOL KAĞIT SANAYİ VE TİCARET A.Ş.,BIST,,,,7.2,4.5,-22.99,,,,,,52.7,TEZOL.IS,10.0,0.5425446,,,,
EUREN,EUROPEN ENDÜSTRİ İNŞAAT SANAYİ VE TİCARET A.Ş.,BIST,,,,2.88,8.1,-26.34,,,,,,34.0,EUREN.IS,18.0,0.47528842,,,,
EUPWR,EUROPOWER ENERJİ VE OTOMASYON TEKNOLOJİLERİ SANAYİ TİCARET A.Ş.,BIST,,,,55.65,29.9,-45.76,,,,,,80.4,EUPWR.IS,6.0,2.5240564,36.304348,,,
EYGYO,EYG GAYRİMENKUL YATIRIM ORTAKLIĞI A.Ş.,BIST,,,,1.95,12.5,-29.6,,,,,,60.9,EYGYO.IS,10.0,0.6815068,,,,
FADE,FADE GIDA YATIRIM SANAYİ TİCARET A.Ş.,BIST,,,,11.44,9.2,-28.46,,,,,,53.1,FADE.IS,20.0,0.4299915,16.411764,,,
FMIZP,FEDERAL MOGUL İZMİT PİSTON VE PİM ÜRETİM TESİSLERİ A.Ş.,BIST,,,,267.25,39.1,-9.79,,,,,,41.1,FMIZP.IS,20.0,5.150404,25.985844,,,
FENER,FENERBAHÇE FUTBOL A.Ş.,BIST,,,,2.3,12.2,-26.52,,,,,,39.5,FENER.IS,11.0,2.1415439,,,,
FBB,FBB (islem gormuyor),BIST,,,,0.0,50.0,0.0,,,,,,30.0,FBB.IS,0.0,,,,,
FBBNK,FBBNK (islem gormuyor),BIST,,,,0.0,50.0,0.0,,,,,,30.0,FBBNK.IS,0.0,,,,,
FKPET,FKPET (islem gormuyor),BIST,,,,0.0,50.0,0.0,,,,,,30.0,FKPET.IS,0.0,,,,,
FLAP,FLAP KONGRE TOPLANTI HİZMETLERİ OTOMOTİV VE TURİZM A.Ş.,BIST,,,,12.19,51.8,9.72,,,,,,50.3,FLAP.IS,46.0,0.99437785,,,,
FONET,FONET BİLGİ TEKNOLOJİLERİ A.Ş.,BIST,,,,4.06,29.8,-18.8,,,,,,44.0,FONET.IS,14.0,1.8234767,16.958334,,,
FROTO,FORD OTOMOTİV SANAYİ A.Ş.,BIST,,,,74.4,29.6,-3.31,,,,,,29.6,FROTO.IS,34.0,1.4403212,9.490323,,,
FORMT,FORMET METAL VE CAM SANAYİ A.Ş.,BIST,,,,0.96,3.4,-38.46,,,,,,33.9,FORMT.IS,12.0,0.3850984,,,,
FRMPL,FORMÜL PLASTİK VE METAL SANAYİ A.Ş.,BIST,,,,22.72,17.0,-30.31,,,,,,59.9,FRMPL.IS,15.0,0.89528114,16.91603,,,
FORTE,FORTE BİLGİ İLETİŞİM TEKNOLOJİLERİ VE SAVUNMA SANAYİ A.Ş.,BIST,,,,89.65,21.9,-21.43,,,,,,63.9,FORTE.IS,16.0,1.969316,2.3386068,,,
FRIGO,FRİGO-PAK GIDA MADDELERİ SANAYİ VE TİCARET A.Ş.,BIST,,,,1.42,0.0,-46.62,,,,,,67.9,FRIGO.IS,10.0,0.8911483,,,,
FZLGY,FUZUL GAYRİMENKUL YATIRIM ORTAKLIĞI A.Ş.,BIST,,,,5.06,24.0,-46.23,,,,,,68.7,FZLGY.IS,7.0,1.4978102,,,,
GWIND,GALATA WIND ENERJİ A.Ş.,BIST,,,,20.24,26.1,-10.6,,,,,,26.6,GWIND.IS,10.0,,,,,
GSRAY,GALATASARAY SPORTİF SINAİ VE TİCARİ YATIRIMLAR A.Ş.,BIST,,,,0.8,4.0,-26.61,,,,,,30.5,GSRAY.IS,12.0,,,,,
GARFA,GARANTİ FAKTORİNG A.Ş.,BIST,,,,22.68,25.9,-17.23,,,,,,35.5,GARFA.IS,7.0,,,,,
GARFL,GARFL (islem gormuyor),BIST,,,,0.0,50.0,0.0,,,,,,30.0,GARFL.IS,0.0,,,,,
GRNYO,GARANTİ YATIRIM ORTAKLIĞI A.Ş.,BIST,,,,7.09,28.0,-46.61,,,,,,65.2,GRNYO.IS,0.0,,,,,
GATEG,GATE GROUP TEKNOLOJİ MEDYA VE SİBER GÜVENLİK HİZMETLERİ A.Ş.,BIST,,,,175.3,31.3,-40.58,,,,,,78.5,GATEG.IS,12.0,,,,,
GEDIK,GEDİK YATIRIM MENKUL DEĞERLER A.Ş.,BIST,,,,4.83,26.0,-20.03,,,,,,42.8,GEDIK.IS,5.0,,,,,
GEDZA,GEDİZ AMBALAJ SANAYİ VE TİCARET A.Ş.,BIST,,,,21.88,9.4,-23.87,,,,,,28.9,GEDZA.IS,12.0,,,,,
GLCVY,GELECEK VARLIK YÖNETİMİ A.Ş.,BIST,,,,41.18,19.5,-21.04,,,,,,36.5,GLCVY.IS,7.0,,,,,
GENIL,GEN İLAÇ VE SAĞLIK ÜRÜNLERİ SANAYİ VE TİCARET A.Ş.,BIST,,,,6.5,11.3,-43.08,,,,,,67.0,GENIL.IS,0.0,,,,,
GENTS,GENTAŞ DEKORATİF YÜZEYLER SANAYİ VE TİCARET A.Ş.,BIST,,,,4.06,7.8,-20.86,,,,,,36.4,GENTS.IS,7.0,,,,,
GENKM,GENTAŞ KİMYA SANAYİ VE TİCARET PAZARLAMA A.Ş.,BIST,,,,7.41,11.0,-25.3,,,,,,54.9,GENKM.IS,7.0,,,,,
GEREL,GERSAN ELEKTRİK TİCARET VE SANAYİ A.Ş.,BIST,,,,23.72,17.0,-38.07,,,,,,73.7,GEREL.IS,0.0,,,,,
GZNMI,GEZİNOMİ SEYAHAT TURİZM TİCARET A.Ş.,BIST,,,,29.38,2.8,-48.9,,,,,,58.9,GZNMI.IS,0.0,,,,,
GIPTA,GIPTA OFİS KIRTASİYE VE PROMOSYON ÜRÜNLERİ İMALAT SANAYİ A.Ş.,BIST,,,,30.14,3.0,-64.47,,,,,,88.8,GIPTA.IS,0.0,,,,,
GMTAS,GİMAT MAĞAZACILIK SANAYİ VE TİCARET A.Ş.,BIST,,,,49.24,50.3,12.73,,,,,,55.9,GMTAS.IS,49.0,,,,,
GESAN,GİRİŞİM ELEKTRİK SANAYİ TAAHHÜT VE TİCARET A.Ş.,BIST,,,,43.48,18.5,-52.79,,,,,,70.7,GESAN.IS,0.0,,,,,
GLB,GLB (islem gormuyor),BIST,,,,0.0,50.0,0.0,,,,,,30.0,GLB.IS,0.0,,,,,
GLBMD,GLOBAL MENKUL DEĞERLER A.Ş.,BIST,,,,10.35,35.8,-10.08,,,,,,42.1,GLBMD.IS,25.0,,,,,
GLYHO,GLOBAL YATIRIM HOLDİNG A.Ş.,BIST,,,,16.3,46.1,-1.51,,,,,,30.7,GLYHO.IS,39.0,,,,,
GGBVK,GGBVK (islem gormuyor),BIST,,,,0.0,50.0,0.0,,,,,,30.0,GGBVK.IS,0.0,,,,,
GSIPD,GSIPD (islem gormuyor),BIST,,,,0.0,50.0,0.0,,,,,,30.0,GSIPD.IS,0.0,,,,,
GOODY,GOODYEAR LASTİKLERİ T.A.Ş.,BIST,,,,2.11,4.2,-19.16,,,,,,40.5,GOODY.IS,7.0,,,,,
GOKNR,GÖKNUR GIDA MADDELERİ ENERJİ İMALAT İTHALAT İHRACAT TİCARET VE SANAYİ A.Ş.,BIST,,,,14.64,22.8,-16.91,,,,,,54.5,GOKNR.IS,7.0,,,,,
GOLTS,GÖLTAŞ GÖLLER BÖLGESİ ÇİMENTO SANAYİ VE TİCARET A.Ş.,BIST,,,,255.75,23.2,-15.24,,,,,,29.7,GOLTS.IS,7.0,,,,,
GOZDE,GÖZDE GİRİŞİM SERMAYESİ YATIRIM ORTAKLIĞI A.Ş.,BIST,,,,19.48,28.5,-12.33,,,,,,45.8,GOZDE.IS,7.0,,,,,
GRTHO,GRAINTURK HOLDİNG A.Ş.,BIST,,,,127.0,30.5,-42.3,,,,,,77.0,GRTHO.IS,4.0,,,,,
GSDDE,GSD DENİZCİLİK GAYRİMENKUL İNŞAAT SANAYİ VE TİCARET A.Ş.,BIST,,,,11.17,33.6,-17.01,,,,,,64.5,GSDDE.IS,12.0,,,,,
GSDHO,GSD HOLDİNG A.Ş.,BIST,,,,3.99,23.5,-13.07,,,,,,40.4,GSDHO.IS,2.0,,,,,
GUBRF,GÜBRE FABRİKALARI T.A.Ş.,BIST,,,,417.0,28.8,-13.44,,,,,,51.8,GUBRF.IS,7.0,,,,,
GLRYH,GÜLER YATIRIM HOLDİNG A.Ş.,BIST,,,,1.72,7.1,-46.25,,,,,,55.8,GLRYH.IS,0.0,,,,,
GLRMK,GÜLERMAK AĞIR SANAYİ İNŞAAT VE TAAHHÜT A.Ş.,BIST,,,,136.3,25.2,-19.63,,,,,,48.4,GLRMK.IS,7.0,,,,,
GUNDG,GÜNDOĞDU GIDA SÜT ÜRÜNLERİ SANAYİ VE DIŞ TİCARET A.Ş.,BIST,,,,256.75,10.7,-84.59,,,,,,118.6,GUNDG.IS,0.0,,,,,
GRSEL,GÜR-SEL TURİZM TAŞIMACILIK VE SERVİS TİCARET A.Ş.,BIST,,,,257.0,21.1,-14.33,,,,,,34.4,GRSEL.IS,10.0,,,,,
GYVAR,GYVAR (islem gormuyor),BIST,,,,0.0,50.0,0.0,,,,,,30.0,GYVAR.IS,0.0,,,,,
SAHOL,HACI ÖMER SABANCI HOLDİNG A.Ş.,BIST,,,,86.8,34.1,-6.87,,,,,,32.0,SAHOL.IS,22.0,,,,,
HALKF,HALKF (islem gormuyor),BIST,,,,0.0,50.0,0.0,,,,,,30.0,HALKF.IS,0.0,,,,,
HLGYO,HALK GAYRİMENKUL YATIRIM ORTAKLIĞI A.Ş.,BIST,,,,3.97,27.4,-9.36,,,,,,39.7,HLGYO.IS,7.0,,,,,
HLVKS,HLVKS (islem gormuyor),BIST,,,,0.0,50.0,0.0,,,,,,30.0,HLVKS.IS,0.0,,,,,
HALKI,HALKI (islem gormuyor),BIST,,,,0.0,50.0,0.0,,,,,,30.0,HALKI.IS,0.0,,,,,
HLY,HLY (islem gormuyor),BIST,,,,0.0,50.0,0.0,,,,,,30.0,HLY.IS,0.0,,,,,
HRKET,HAREKET PROJE TAŞIMACILIĞI VE YÜK MÜHENDİSLİĞİ A.Ş.,BIST,,,,7.89,73.6,19.55,,,,,,61.1,HRKET.IS,29.0,,,,,
HATEK,HATEKS HATAY TEKSTİL İŞLETMELERİ A.Ş.,BIST,,,,8.13,1.4,-37.03,,,,,,63.8,HATEK.IS,0.0,,,,,
HATSN,HAT-SAN GEMİ İNŞAA BAKIM ONARIM DENİZ NAKLİYAT SANAYİ VE TİCARET A.Ş.,BIST,,,,31.18,6.9,-61.51,,,,,,94.7,HATSN.IS,0.0,,,,,
HAYVK,HAYVK (islem gormuyor),BIST,,,,0.0,50.0,0.0,,,,,,30.0,HAYVK.IS,0.0,,,,,
HDFFL,HDFFL (islem gormuyor),BIST,,,,0.0,50.0,0.0,,,,,,30.0,HDFFL.IS,0.0,,,,,
HDFGS,HEDEF GİRİŞİM SERMAYESİ YATIRIM ORTAKLIĞI A.Ş.,BIST,,,,0.89,1.9,-63.52,,,,,,77.1,HDFGS.IS,0.0,,,,,
HEDEF,HEDEF HOLDİNG A.Ş.,BIST,,,,9.27,0.0,-89.0,,,,,,115.9,HEDEF.IS,0.0,,,,,
HDFVK,HDFVK (islem gormuyor),BIST,,,,0.0,50.0,0.0,,,,,,30.0,HDFVK.IS,0.0,,,,,
HDFYB,HDFYB (islem gormuyor),BIST,,,,0.0,50.0,0.0,,,,,,30.0,HDFYB.IS,0.0,,,,,
HYB,HYB (islem gormuyor),BIST,,,,0.0,50.0,0.0,,,,,,30.0,HYB.IS,0.0,,,,,
HEKTS,HEKTAŞ TİCARET T.A.Ş.,BIST,,,,2.08,9.4,-23.81,,,,,,42.7,HEKTS.IS,7.0,,,,,
HKTM,HİDROPAR HAREKET KONTROL TEKNOLOJİLERİ MERKEZİ SANAYİ VE TİCARET A.Ş.,BIST,,,,9.01,5.0,-34.52,,,,,,58.1,HKTM.IS,2.0,,,,,
HTTBT,HİTİT BİLGİSAYAR HİZMETLERİ A.Ş.,BIST,,,,30.92,27.8,-13.87,,,,,,31.0,HTTBT.IS,10.0,,,,,
HOROZ,HOROZ LOJİSTİK KARGO HİZMETLERİ VE TİCARET A.Ş.,BIST,,,,43.8,18.9,-25.0,,,,,,46.7,HOROZ.IS,5.0,,,,,
HUBVC,HUB GİRİŞİM SERMAYESİ YATIRIM ORTAKLIĞI A.Ş.,BIST,,,,1.52,6.4,-37.45,,,,,,49.7,HUBVC.IS,2.0,,,,,
HUNER,HUN YENİLENEBİLİR ENERJİ ÜRETİM A.Ş.,BIST,,,,4.47,74.2,11.75,,,,,,56.6,HUNER.IS,24.0,,,,,
HUZFA,HUZFA (islem gormuyor),BIST,,,,0.0,50.0,0.0,,,,,,30.0,HUZFA.IS,0.0,,,,,
HURGZ,HÜRRİYET GAZETECİLİK VE MATBAACILIK A.Ş.,BIST,,,,5.0,16.3,-27.01,,,,,,61.5,HURGZ.IS,2.0,,,,,
ENTRA,IC ENTERRA YENİLENEBİLİR ENERJİ A.Ş.,BIST,,,,4.08,37.7,-4.9,,,,,,44.6,ENTRA.IS,29.0,,,,,
ICB,ICB (islem gormuyor),BIST,,,,0.0,50.0,0.0,,,,,,30.0,ICB.IS,0.0,,,,,
ICBCT,ICBC TURKEY BANK A.Ş.,BIST,,,,15.95,20.9,-17.87,,,,,,49.8,ICBCT.IS,7.0,,,,,
ICUGS,ICU GİRİŞİM SERMAYESİ YATIRIM ORTAKLIĞI A.Ş.,BIST,,,,1.56,4.5,-67.16,,,,,,80.2,ICUGS.IS,0.0,,,,,
INGRM,INGRAM MİCRO BİLİŞİM SİSTEMLERİ A.Ş.,BIST,,,,300.75,5.3,-20.44,,,,,,46.1,INGRM.IS,7.0,,,,,
INVEO,INVEO YATIRIM HOLDİNG A.Ş.,BIST,,,,5.68,19.8,-17.08,,,,,,33.5,INVEO.IS,10.0,,,,,
IAZ,IAZ (islem gormuyor),BIST,,,,0.0,50.0,0.0,,,,,,30.0,IAZ.IS,0.0,,,,,
INVAZ,INVAZ (islem gormuyor),BIST,,,,0.0,50.0,0.0,,,,,,30.0,INVAZ.IS,0.0,,,,,
INVES,INVESTCO HOLDİNG A.Ş.,BIST,,,,694.5,29.5,-11.75,,,,,,48.5,INVES.IS,5.0,,,,,
ISKPL,IŞIK PLASTİK SANAYİ VE DIŞ TİCARET PAZARLAMA A.Ş.,BIST,,,,2.96,7.3,-63.86,,,,,,92.0,ISKPL.IS,0.0,,,,,
IEYHO,IŞIKLAR ENERJİ VE YAPI HOLDİNG A.Ş.,BIST,,,,80.4,5.2,-61.27,,,,,,65.3,IEYHO.IS,0.0,,,,,
IDGYO,İDEALİST GAYRİMENKUL YATIRIM ORTAKLIĞI A.Ş.,BIST,,,,2.12,26.6,-29.8,,,,,,64.7,IDGYO.IS,0.0,,,,,
IHEVA,İHLAS EV ALETLERİ İMALAT SANAYİ VE TİCARET A.Ş.,BIST,,,,1.63,31.0,-17.26,,,,,,33.2,IHEVA.IS,22.0,,,,,
IHLGM,İHLAS GAYRİMENKUL PROJE GELİŞTİRME VE TİCARET A.Ş.,BIST,,,,1.2,21.4,-24.53,,,,,,34.2,IHLGM.IS,12.0,,,,,
IHGZT,İHLAS GAZETECİLİK A.Ş.,BIST,,,,0.97,25.5,-18.49,,,,,,32.2,IHGZT.IS,12.0,,,,,
IHAAS,İHLAS HABER AJANSI A.Ş.,BIST,,,,20.86,0.0,-59.85,,,,,,85.3,IHAAS.IS,0.0,,,,,
IHLAS,İHLAS HOLDİNG A.Ş.,BIST,,,,0.88,34.9,-17.76,,,,,,51.3,IHLAS.IS,17.0,,,,,
IHYAY,İHLAS YAYIN HOLDİNG A.Ş.,BIST,,,,1.03,32.8,-15.57,,,,,,43.6,IHYAY.IS,17.0,,,,,
IMASM,İMAŞ MAKİNA SANAYİ A.Ş.,BIST,,,,1.52,2.4,-33.04,,,,,,54.4,IMASM.IS,7.0,,,,,
INDES,İNDEKS BİLGİSAYAR SİSTEMLERİ MÜHENDİSLİK SANAYİ VE TİCARET A.Ş.,BIST,,,,10.42,26.3,-12.22,,,,,,39.5,INDES.IS,7.0,,,,,
INFO,İNFO YATIRIM MENKUL DEĞERLER A.Ş.,BIST,,,,0.88,18.5,-70.17,,,,,,94.3,INFO.IS,0.0,,,,,
IYF,IYF (islem gormuyor),BIST,,,,0.0,50.0,0.0,,,,,,30.0,IYF.IS,0.0,,,,,
INTEK,İNNOSA TEKNOLOJİ A.Ş.,BIST,,,,167.1,21.9,-29.34,,,,,,82.8,INTEK.IS,0.0,,,,,
INTEM,İNTEMA İNŞAAT VE TESİSAT MALZEMELERİ YATIRIM VE PAZARLAMA A.Ş.,BIST,,,,198.5,12.5,-20.76,,,,,,43.7,INTEM.IS,7.0,,,,,
ISDMR,İSKENDERUN DEMİR VE ÇELİK A.Ş.,BIST,,,,62.35,58.2,16.98,,,,,,38.3,ISDMR.IS,44.0,,,,,
ISTFK,ISTFK (islem gormuyor),BIST,,,,0.0,50.0,0.0,,,,,,30.0,ISTFK.IS,0.0,,,,,
ISTVY,ISTVY (islem gormuyor),BIST,,,,0.0,50.0,0.0,,,,,,30.0,ISTVY.IS,0.0,,,,,
ISFAK,ISFAK (islem gormuyor),BIST,,,,0.0,50.0,0.0,,,,,,30.0,ISFAK.IS,0.0,,,,,
ISFIN,İŞ FİNANSAL KİRALAMA A.Ş.,BIST,,,,17.78,26.7,-8.44,,,,,,19.6,ISFIN.IS,15.0,,,,,
ISGYO,İŞ GAYRİMENKUL YATIRIM ORTAKLIĞI A.Ş.,BIST,,,,23.82,42.5,-9.43,,,,,,42.6,ISGYO.IS,32.0,,,,,
ISGSY,İŞ GİRİŞİM SERMAYESİ YATIRIM ORTAKLIĞI A.Ş.,BIST,,,,12.47,8.6,-20.06,,,,,,50.7,ISGSY.IS,5.0,,,,,
ISMEN,İŞ YATIRIM MENKUL DEĞERLER A.Ş.,BIST,,,,30.8,18.1,-7.28,,,,,,34.9,ISMEN.IS,12.0,,,,,
IYM,IYM (islem gormuyor),BIST,,,,0.0,50.0,0.0,,,,,,30.0,IYM.IS,0.0,,,,,
ISYAT,İŞ YATIRIM ORTAKLIĞI A.Ş.,BIST,,,,6.68,26.2,-9.61,,,,,,22.3,ISYAT.IS,10.0,,,,,
ISBIR,İŞBİR HOLDİNG A.Ş.,BIST,,,,57.5,8.1,-20.91,,,,,,49.8,ISBIR.IS,5.0,,,,,
ISSEN,İŞBİR SENTETİK DOKUMA SANAYİ A.Ş.,BIST,,,,5.38,8.5,-22.37,,,,,,25.7,ISSEN.IS,12.0,,,,,
IZINV,İZ YATIRIM HOLDİNG A.Ş.,BIST,,,,30.84,6.2,-41.59,,,,,,43.4,IZINV.IS,4.0,,,,,
IZENR,İZDEMİR ENERJİ ELEKTRİK ÜRETİM A.Ş.,BIST,,,,3.42,5.0,-55.0,,,,,,67.6,IZENR.IS,0.0,,,,,
IZMDC,İZMİR DEMİR ÇELİK SANAYİ A.Ş.,BIST,,,,6.69,23.5,-46.74,,,,,,80.5,IZMDC.IS,0.0,,,,,
IZFAS,İZMİR FIRÇA SANAYİ VE TİCARET A.Ş.,BIST,,,,17.82,8.4,-69.51,,,,,,94.7,IZFAS.IS,0.0,,,,,
JANTS,JANTSA JANT SANAYİ VE TİCARET A.Ş.,BIST,,,,13.31,30.2,-14.13,,,,,,56.6,JANTS.IS,12.0,,,,,
KFEIN,KAFEİN YAZILIM HİZMETLERİ TİCARET A.Ş.,BIST,,,,5.98,11.8,-26.72,,,,,,38.2,KFEIN.IS,5.0,,,,,
KLKIM,KALEKİM KİMYEVİ MADDELER SANAYİ VE TİCARET A.Ş.,BIST,,,,22.18,14.0,-16.87,,,,,,32.4,KLKIM.IS,12.0,,,,,
KLSER,KALESERAMİK ÇANAKKALE KALEBODUR SERAMİK SANAYİ A.Ş.,BIST,,,,18.95,11.1,-21.95,,,,,,26.2,KLSER.IS,12.0,,,,,
KLVKS,KLVKS (islem gormuyor),BIST,,,,0.0,50.0,0.0,,,,,,30.0,KLVKS.IS,0.0,,,,,
KLYPV,KALYON GÜNEŞ TEKNOLOJİLERİ ÜRETİM A.Ş.,BIST,,,,54.5,32.3,-12.38,,,,,,40.4,KLYPV.IS,15.0,,,,,
KPTGY,KPTGY (islem gormuyor),BIST,,,,0.0,50.0,0.0,,,,,,30.0,KPTGY.IS,0.0,,,,,
KAPLM,KAPLAMİN AMBALAJ SANAYİ VE TİCARET A.Ş.,BIST,,,,143.0,6.1,-65.33,,,,,,73.8,KAPLM.IS,0.0,,,,,
KRDMA,KARDEMİR KARABÜK DEMİR ÇELİK SANAYİ VE TİCARET A.Ş.,BIST,,,,40.2,18.8,-39.68,,,,,,68.7,KRDMA.IS,0.0,,,,,
KRDMB,KARDEMİR KARABÜK DEMİR ÇELİK SANAYİ VE TİCARET A.Ş.,BIST,,,,65.8,26.9,-50.82,,,,,,77.0,KRDMB.IS,0.0,,,,,
KRDMD,KARDEMİR KARABÜK DEMİR ÇELİK SANAYİ VE TİCARET A.Ş.,BIST,,,,45.18,42.2,-4.64,,,,,,47.6,KRDMD.IS,34.0,,,,,
KAREL,KAREL ELEKTRONİK SANAYİ VE TİCARET A.Ş.,BIST,,,,5.64,8.4,-34.11,,,,,,53.3,KAREL.IS,2.0,,,,,
KARSN,KARSAN OTOMOTİV SANAYİİ VE TİCARET A.Ş.,BIST,,,,9.11,19.2,-7.79,,,,,,72.8,KARSN.IS,2.0,,,,,
KRTEK,KARSU TEKSTİL SANAYİİ VE TİCARET A.Ş.,BIST,,,,6.33,65.3,19.89,,,,,,154.5,KRTEK.IS,27.0,,,,,
KARTN,KARTONSAN KARTON SANAYİ VE TİCARET A.Ş.,BIST,,,,88.1,11.2,-46.8,,,,,,76.4,KARTN.IS,0.0,,,,,
KATVK,KATVK (islem gormuyor),BIST,,,,0.0,50.0,0.0,,,,,,30.0,KATVK.IS,0.0,,,,,
KTLEV,KATILIMEVİM TASARRUF FİNANSMAN A.Ş.,BIST,,,,10.67,10.9,-83.01,,,,,,101.7,KTLEV.IS,0.0,,,,,
KATMR,KATMERCİLER ARAÇ ÜSTÜ EKİPMAN SANAYİ VE TİCARET A.Ş.,BIST,,,,1.47,15.4,-28.29,,,,,,39.3,KATMR.IS,5.0,,,,,
KFILO,KFILO (islem gormuyor),BIST,,,,0.0,50.0,0.0,,,,,,30.0,KFILO.IS,0.0,,,,,
KAYSE,KAYSERİ ŞEKER FABRİKASI A.Ş.,BIST,,,,3.14,2.8,-25.42,,,,,,31.0,KAYSE.IS,10.0,,,,,
KNTFA,KNTFA (islem gormuyor),BIST,,,,0.0,50.0,0.0,,,,,,30.0,KNTFA.IS,0.0,,,,,
KENT,KENT GIDA MADDELERİ SANAYİİ VE TİCARET A.Ş.,BIST,,,,272.75,11.9,-26.13,,,,,,51.7,KENT.IS,5.0,,,,,
KRVGD,KERVAN GIDA SANAYİ VE TİCARET A.Ş.,BIST,,,,2.08,33.8,-7.96,,,,,,31.2,KRVGD.IS,20.0,,,,,
KERVN,KERVANSARAY YATIRIM HOLDİNG A.Ş.,BIST,,,,6.88,36.0,-26.5,,,,,,91.0,KERVN.IS,20.0,,,,,
TCKRC,KIRAÇ GALVANİZ TELEKOMİNİKASYON METAL MAKİNE İNŞAAT ELEKTRİK SANAYİ VE TİCARET A.Ş.,BIST,,,,118.0,36.5,-20.05,,,,,,68.6,TCKRC.IS,18.0,,,,,
KZBGY,KIZILBÜK GAYRİMENKUL YATIRIM ORTAKLIĞI A.Ş.,BIST,,,,1.37,13.2,-29.38,,,,,,38.2,KZBGY.IS,7.0,,,,,
KLGYO,KİLER GAYRİMENKUL YATIRIM ORTAKLIĞI A.Ş.,BIST,,,,3.64,15.8,-26.32,,,,,,41.9,KLGYO.IS,5.0,,,,,
KLRHO,KİLER HOLDİNG A.Ş.,BIST,,,,11.2778,0.2,-82.87,,,,,,118.5,KLRHO.IS,0.0,,,,,
KMPUR,KİMTEKS POLİÜRETAN SANAYİ VE TİCARET A.Ş.,BIST,,,,13.77,18.4,-25.45,,,,,,52.3,KMPUR.IS,2.0,,,,,
KLMSN,KLİMASAN KLİMA SANAYİ VE TİCARET A.Ş.,BIST,,,,21.4,8.0,-24.54,,,,,,35.6,KLMSN.IS,5.0,,,,,
KCAER,KOCAER ÇELİK SANAYİ VE TİCARET A.Ş.,BIST,,,,10.75,18.1,-32.39,,,,,,47.3,KCAER.IS,5.0,,,,,
KOCFN,KOCFN (islem gormuyor),BIST,,,,0.0,50.0,0.0,,,,,,30.0,KOCFN.IS,0.0,,,,,
KCHOL,KOÇ HOLDİNG A.Ş.,BIST,,,,214.1,41.1,-0.37,,,,,,32.8,KCHOL.IS,41.0,,,,,
KOCMT,KOÇ METALURJİ A.Ş.,BIST,,,,2.44,28.4,-47.41,,,,,,109.6,KOCMT.IS,0.0,,,,,
KSFIN,KSFIN (islem gormuyor),BIST,,,,0.0,50.0,0.0,,,,,,30.0,KSFIN.IS,0.0,,,,,
KLSYN,KOLEKSİYON MOBİLYA SANAYİ A.Ş.,BIST,,,,14.0,31.4,-10.77,,,,,,52.1,KLSYN.IS,17.0,,,,,
KNFRT,KONFRUT TARIM A.Ş.,BIST,,,,9.7,29.7,-24.45,,,,,,57.1,KNFRT.IS,0.0,,,,,
KONTR,KONTROLMATİK TEKNOLOJİ ENERJİ VE MÜHENDİSLİK A.Ş.,BIST,,,,2.04,20.3,-42.86,,,,,,101.8,KONTR.IS,0.0,,,,,
KONYA,KONYA ÇİMENTO SANAYİİ A.Ş.,BIST,,,,3562.5,37.1,-8.18,,,,,,47.4,KONYA.IS,25.0,,,,,
KONKA,KONYA KAĞIT SANAYİ VE TİCARET A.Ş.,BIST,,,,6.98,10.9,-31.16,,,,,,40.5,KONKA.IS,2.0,,,,,
KGYO,KORAY GAYRİMENKUL YATIRIM ORTAKLIĞI A.Ş.,BIST,,,,9.2,37.8,-29.5,,,,,,93.3,KGYO.IS,18.0,,,,,
KORDS,KORDSA TEKNİK TEKSTİL A.Ş.,BIST,,,,2.89,12.3,-34.63,,,,,,70.4,KORDS.IS,2.0,,,,,
KRPLS,KOROPLAST TEMİZLİK AMBALAJ ÜRÜNLERİ SANAYİ VE DIŞ TİCARET A.Ş.,BIST,,,,11.64,43.7,10.33,,,,,,57.2,KRPLS.IS,39.0,,,,,
KORTS,KORTS (islem gormuyor),BIST,,,,0.0,50.0,0.0,,,,,,30.0,KORTS.IS,0.0,,,,,
KOTON,KOTON MAĞAZACILIK TEKSTİL SANAYİ VE TİCARET A.Ş.,BIST,,,,10.13,9.3,-19.35,,,,,,40.1,KOTON.IS,7.0,,,,,
KOPOL,KOZA POLYESTER SANAYİ VE TİCARET A.Ş.,BIST,,,,3.12,0.9,-43.27,,,,,,51.0,KOPOL.IS,2.0,,,,,
KRGYO,KÖRFEZ GAYRİMENKUL YATIRIM ORTAKLIĞI A.Ş.,BIST,,,,3.05,43.1,-4.39,,,,,,65.2,KRGYO.IS,31.0,,,,,
KRSTL,KRİSTAL KOLA VE MEŞRUBAT SANAYİ TİCARET A.Ş.,BIST,,,,7.75,22.0,-15.12,,,,,,28.1,KRSTL.IS,10.0,,,,,
KRONT,KRON TEKNOLOJİ A.Ş.,BIST,,,,18.37,26.3,-26.4,,,,,,64.6,KRONT.IS,0.0,,,,,
KTKVK,KTKVK (islem gormuyor),BIST,,,,0.0,50.0,0.0,,,,,,30.0,KTKVK.IS,0.0,,,,,
KTSVK,KTSVK (islem gormuyor),BIST,,,,0.0,50.0,0.0,,,,,,30.0,KTSVK.IS,0.0,,,,,
KSTUR,KUŞTUR KUŞADASI TURİZM ENDÜSTRİSİ A.Ş.,BIST,,,,1869.0,37.9,-22.77,,,,,,42.5,KSTUR.IS,23.0,,,,,
KUVVA,KUVVA GIDA TİCARET VE SANAYİ YATIRIMLARI A.Ş.,BIST,,,,90.75,8.8,-51.73,,,,,,71.3,KUVVA.IS,0.0,,,,,
KUYAS,KUYAŞ YATIRIM A.Ş.,BIST,,,,29.8,7.4,-54.5,,,,,,78.6,KUYAS.IS,0.0,,,,,
KBORU,KUZEY BORU A.Ş.,BIST,,,,11.36,20.0,-47.46,,,,,,70.9,KBORU.IS,0.0,,,,,
KZGYO,KUZUGRUP GAYRİMENKUL YATIRIM ORTAKLIĞI A.Ş.,BIST,,,,13.61,4.4,-30.81,,,,,,65.9,KZGYO.IS,0.0,,,,,
KUTPO,KÜTAHYA PORSELEN SANAYİ A.Ş.,BIST,,,,66.0,12.6,-17.91,,,,,,24.7,KUTPO.IS,10.0,,,,,
KTSKR,KÜTAHYA ŞEKER FABRİKASI A.Ş.,BIST,,,,59.0,10.7,-25.79,,,,,,43.2,KTSKR.IS,7.0,,,,,
LIDER,LDR TURİZM A.Ş.,BIST,,,,7.57,4.0,-76.7,,,,,,97.3,LIDER.IS,0.0,,,,,
LIDFA,LİDER FAKTORİNG A.Ş.,BIST,,,,1.53,34.7,-13.16,,,,,,35.7,LIDFA.IS,17.0,,,,,
LILAK,LİLA KAĞIT SANAYİ VE TİCARET A.Ş.,BIST,,,,23.88,14.0,-17.94,,,,,,33.1,LILAK.IS,10.0,,,,,
LMKDC,LİMAK DOĞU ANADOLU ÇİMENTO SANAYİ VE TİCARET A.Ş.,BIST,,,,23.3,52.3,-0.43,,,,,,46.6,LMKDC.IS,34.0,,,,,
LINK,LİNK BİLGİSAYAR SİSTEMLERİ YAZILIMI VE DONANIMI SANAYİ VE TİCARET A.Ş.,BIST,,,,3.52,12.7,-34.94,,,,,,47.0,LINK.IS,2.0,,,,,
LOGO,LOGO YAZILIM SANAYİ VE TİCARET A.Ş.,BIST,,,,136.7,48.8,1.94,,,,,,35.1,LOGO.IS,30.0,,,,,
LKMNH,LOKMAN HEKİM ENGÜRÜSAĞ SAĞLIK TURİZM EĞİTİM HİZMETLERİ VE İNŞAAT TAAHHÜT A.Ş.,BIST,,,,11.39,38.5,-13.88,,,,,,38.3,LKMNH.IS,25.0,,,,,
LRSHO,LORAS HOLDİNG A.Ş.,BIST,,,,1.83,2.9,-26.21,,,,,,49.7,LRSHO.IS,7.0,,,,,
LXGYO,LUXERA GAYRİMENKUL YATIRIM ORTAKLIĞI A.Ş.,BIST,,,,6.81,21.5,-33.3,,,,,,57.5,LXGYO.IS,0.0,,,,,
LUKSK,LÜKS KADİFE TİCARET VE SANAYİİ A.Ş.,BIST,,,,64.5,17.4,-22.57,,,,,,32.7,LUKSK.IS,10.0,,,,,
LYDHO,LYDİA HOLDİNG A.Ş.,BIST,,,,45.06,0.0,-69.55,,,,,,67.8,LYDHO.IS,0.0,,,,,
LYDYE,LYDİA YEŞİL ENERJİ KAYNAKLARI A.Ş.,BIST,,,,4472.5,0.0,-62.76,,,,,,70.6,LYDYE.IS,0.0,,,,,
MACKO,MACKOLİK İNTERNET HİZMETLERİ TİCARET A.Ş.,BIST,,,,25.3,4.1,-20.95,,,,,,42.2,MACKO.IS,2.0,,,,,
MAKIM,MAKİM MAKİNA TEKNOLOJİLERİ SANAYİ VE TİCARET A.Ş.,BIST,,,,13.15,34.6,-15.97,,,,,,47.9,MAKIM.IS,12.0,,,,,
MAKTK,MAKİNA TAKIM ENDÜSTRİSİ A.Ş.,BIST,,,,6.5,6.7,-39.37,,,,,,37.8,MAKTK.IS,7.0,,,,,
MANAS,MANAS ENERJİ YÖNETİMİ SANAYİ VE TİCARET A.Ş.,BIST,,,,11.69,1.9,-64.68,,,,,,77.4,MANAS.IS,0.0,,,,,
MRBAS,MRBAS (islem gormuyor),BIST,,,,0.0,50.0,0.0,,,,,,30.0,MRBAS.IS,0.0,,,,,
MRS,MRS (islem gormuyor),BIST,,,,0.0,50.0,0.0,,,,,,30.0,MRS.IS,0.0,,,,,
MAGEN,MARGÜN ENERJİ ÜRETİM SANAYİ VE TİCARET A.Ş.,BIST,,,,13.05,0.5,-62.46,,,,,,76.5,MAGEN.IS,0.0,,,,,
MRMAG,MRMAG (islem gormuyor),BIST,,,,0.0,50.0,0.0,,,,,,30.0,MRMAG.IS,0.0,,,,,
MARKA,MARKA YATIRIM HOLDİNG A.Ş.,BIST,,,,53.8,26.7,-34.83,,,,,,68.4,MARKA.IS,2.0,,,,,
MARMR,MARMARA HOLDİNG A.Ş.,BIST,,,,1.58,18.6,-30.09,,,,,,57.3,MARMR.IS,0.0,,,,,
MAALT,MARMARİS ALTINYUNUS TURİSTİK TESİSLER A.Ş.,BIST,,,,831.0,22.3,-18.37,,,,,,40.2,MAALT.IS,7.0,,,,,
MRSHL,MARSHALL BOYA VE VERNİK SANAYİİ A.Ş.,BIST,,,,1382.0,31.2,-15.53,,,,,,64.2,MRSHL.IS,12.0,,,,,
MRGYO,MARTI GAYRİMENKUL YATIRIM ORTAKLIĞI A.Ş.,BIST,,,,1.05,31.5,-34.38,,,,,,79.0,MRGYO.IS,7.0,,,,,
MARTI,MARTI OTEL İŞLETMELERİ A.Ş.,BIST,,,,1.08,26.9,-36.47,,,,,,88.9,MARTI.IS,0.0,,,,,
MTRKS,MATRİKS FİNANSAL TEKNOLOJİLER A.Ş.,BIST,,,,20.82,2.6,-35.86,,,,,,56.5,MTRKS.IS,2.0,,,,,
MAVI,MAVİ GİYİM SANAYİ VE TİCARET A.Ş.,BIST,,,,37.5,52.4,1.68,,,,,,40.7,MAVI.IS,30.0,,,,,
MZHLD,MAZHAR ZORLU HOLDİNG A.Ş.,BIST,,,,4.35,36.3,-18.84,,,,,,46.8,MZHLD.IS,25.0,,,,,
MDIAZ,MDIAZ (islem gormuyor),BIST,,,,0.0,50.0,0.0,,,,,,30.0,MDIAZ.IS,0.0,,,,,
MEDTR,MEDİTERA TIBBİ MALZEME SANAYİ VE TİCARET A.Ş.,BIST,,,,18.26,6.6,-27.77,,,,,,28.9,MEDTR.IS,12.0,,,,,
MEGMT,MEGA METAL SANAYİ VE TİCARET A.Ş.,BIST,,,,3.52,23.5,-23.65,,,,,,71.6,MEGMT.IS,0.0,,,,,
MEGAP,MEGA POLİETİLEN KÖPÜK SANAYİ VE TİCARET A.Ş.,BIST,,,,1.25,15.9,-26.9,,,,,,40.7,MEGAP.IS,7.0,,,,,
MEKAG,MEKA GLOBAL MAKİNE İMALAT SANAYİ VE TİCARET A.Ş.,BIST,,,,2.02,2.0,-31.53,,,,,,38.3,MEKAG.IS,7.0,,,,,
MEKMD,MEKMD (islem gormuyor),BIST,,,,0.0,50.0,0.0,,,,,,30.0,MEKMD.IS,0.0,,,,,
MSA,MSA (islem gormuyor),BIST,,,,0.0,50.0,0.0,,,,,,30.0,MSA.IS,0.0,,,,,
MNDRS,MENDERES TEKSTİL SANAYİ VE TİCARET A.Ş.,BIST,,,,9.23,9.6,-20.57,,,,,,36.0,MNDRS.IS,5.0,,,,,
MEPET,MEPET METRO PETROL VE TESİSLERİ SANAYİ TİCARET A.Ş.,BIST,,,,19.41,42.1,-2.71,,,,,,65.9,MEPET.IS,29.0,,,,,
MERCN,MERCAN KİMYA SANAYİ VE TİCARET A.Ş.,BIST,,,,11.68,14.3,-32.25,,,,,,63.3,MERCN.IS,0.0,,,,,
MRBKF,MRBKF (islem gormuyor),BIST,,,,0.0,50.0,0.0,,,,,,30.0,MRBKF.IS,0.0,,,,,
MBFTR,MBFTR (islem gormuyor),BIST,,,,0.0,50.0,0.0,,,,,,30.0,MBFTR.IS,0.0,,,,,
MERIT,MERİT TURİZM YATIRIM VE İŞLETME A.Ş.,BIST,,,,13.94,24.9,-10.53,,,,,,29.8,MERIT.IS,12.0,,,,,
MERKO,MERKO GIDA SANAYİ VE TİCARET A.Ş.,BIST,,,,0.94,10.5,-27.69,,,,,,39.8,MERKO.IS,7.0,,,,,
METEN,METGÜN ENERJİ YATIRIMLARI A.Ş.,BIST,,,,18.28,45.7,-9.33,,,,,,88.7,METEN.IS,27.0,,,,,
METRO,METRO TİCARİ VE MALİ YATIRIMLAR HOLDİNG A.Ş.,BIST,,,,6.61,25.3,-24.63,,,,,,47.2,METRO.IS,7.0,,,,,
MTRYO,METRO YATIRIM ORTAKLIĞI A.Ş.,BIST,,,,7.73,33.3,-13.05,,,,,,40.6,MTRYO.IS,17.0,,,,,
MCARD,METROPAL KURUMSAL HİZMETLER A.Ş.,BIST,,,,85.5,5.7,-45.82,,,,,,81.3,MCARD.IS,0.0,,,,,
MEYSU,MEYSU GIDA SANAYİ VE TİCARET A.Ş.,BIST,,,,8.29,16.3,-30.92,,,,,,58.1,MEYSU.IS,0.0,,,,,
MHRGY,MHR GAYRİMENKUL YATIRIM ORTAKLIĞI A.Ş.,BIST,,,,1.77,17.6,-18.31,,,,,,33.6,MHRGY.IS,12.0,,,,,
MIATK,MİA TEKNOLOJİ A.Ş.,BIST,,,,22.9,27.4,-18.97,,,,,,84.5,MIATK.IS,0.0,,,,,
MDASM,MDASM (islem gormuyor),BIST,,,,0.0,50.0,0.0,,,,,,30.0,MDASM.IS,0.0,,,,,
MDS,MDS (islem gormuyor),BIST,,,,0.0,50.0,0.0,,,,,,30.0,MDS.IS,0.0,,,,,
MGROS,MİGROS TİCARET A.Ş.,BIST,,,,520.5,45.6,-2.44,,,,,,37.2,MGROS.IS,34.0,,,,,
MILKS,MILKS (islem gormuyor),BIST,,,,0.0,50.0,0.0,,,,,,30.0,MILKS.IS,0.0,,,,,
MINTF,MINTF (islem gormuyor),BIST,,,,0.0,50.0,0.0,,,,,,30.0,MINTF.IS,0.0,,,,,
MSGYO,MİSTRAL GAYRİMENKUL YATIRIM ORTAKLIĞI A.Ş.,BIST,,,,5.1,31.1,-10.53,,,,,,45.5,MSGYO.IS,12.0,,,,,
MSY,MSY (islem gormuyor),BIST,,,,0.0,50.0,0.0,,,,,,30.0,MSY.IS,0.0,,,,,
MSYBN,MSYBN (islem gormuyor),BIST,,,,0.0,50.0,0.0,,,,,,30.0,MSYBN.IS,0.0,,,,,
MPARK,MLP SAĞLIK HİZMETLERİ A.Ş.,BIST,,,,406.0,35.0,-3.56,,,,,,30.9,MPARK.IS,32.0,,,,,
MMCAS,MMC SANAYİ VE TİCARİ YATIRIMLAR A.Ş.,BIST,,,,13.93,0.7,-70.77,,,,,,86.9,MMCAS.IS,0.0,,,,,
MNGFA,MNGFA (islem gormuyor),BIST,,,,0.0,50.0,0.0,,,,,,30.0,MNGFA.IS,0.0,,,,,
MOBTL,MOBİLTEL İLETİŞİM HİZMETLERİ SANAYİ VE TİCARET A.Ş.,BIST,,,,9.42,16.9,-27.15,,,,,,52.6,MOBTL.IS,5.0,,,,,
MOGAN,MOGAN ENERJİ YATIRIM HOLDİNG A.Ş.,BIST,,,,9.04,29.3,-52.62,,,,,,84.6,MOGAN.IS,0.0,,,,,
MNDTR,MONDİ TURKEY OLUKLU MUKAVVA KAĞIT VE AMBALAJ SANAYİ A.Ş.,BIST,,,,4.05,10.3,-18.18,,,,,,28.2,MNDTR.IS,12.0,,,,,
MOPAS,MOPAŞ MARKETÇİLİK GIDA SANAYİ VE TİCARET A.Ş.,BIST,,,,18.55,2.1,-27.27,,,,,,35.9,MOPAS.IS,5.0,,,,,
EGEPO,NASMED ÖZEL SAĞLIK HİZMETLERİ TİCARET A.Ş.,BIST,,,,6.74,7.7,-57.85,,,,,,63.3,EGEPO.IS,0.0,,,,,
NATEN,NATUREL YENİLENEBİLİR ENERJİ TİCARET A.Ş.,BIST,,,,3.91,12.0,-28.78,,,,,,35.6,NATEN.IS,7.0,,,,,
NTHOL,NET HOLDİNG A.Ş.,BIST,,,,38.52,36.0,-10.08,,,,,,35.0,NTHOL.IS,20.0,,,,,
NETAS,NETAŞ TELEKOMÜNİKASYON A.Ş.,BIST,,,,73.85,16.5,-19.42,,,,,,70.4,NETAS.IS,2.0,,,,,
NETCD,NETCAD YAZILIM A.Ş.,BIST,,,,82.45,17.2,-32.03,,,,,,57.7,NETCD.IS,2.0,,,,,
NIBAS,NİĞBAŞ NİĞDE BETON SANAYİ VE TİCARET A.Ş.,BIST,,,,2.92,1.8,-28.08,,,,,,62.8,NIBAS.IS,2.0,,,,,
NUHCM,NUH ÇİMENTO SANAYİ A.Ş.,BIST,,,,209.4,30.3,-3.1,,,,,,20.5,NUHCM.IS,24.0,,,,,
NUGYO,NUROL GAYRİMENKUL YATIRIM ORTAKLIĞI A.Ş.,BIST,,,,7.25,3.2,-18.9,,,,,,31.3,NUGYO.IS,12.0,,,,,
NURVK,NURVK (islem gormuyor),BIST,,,,0.0,50.0,0.0,,,,,,30.0,NURVK.IS,0.0,,,,,
NRBNK,NRBNK (islem gormuyor),BIST,,,,0.0,50.0,0.0,,,,,,30.0,NRBNK.IS,0.0,,,,,
NYB,NYB (islem gormuyor),BIST,,,,0.0,50.0,0.0,,,,,,30.0,NYB.IS,0.0,,,,,
OBAMS,OBA MAKARNACILIK SANAYİ VE TİCARET A.Ş.,BIST,,,,4.3,20.0,-26.24,,,,,,48.9,OBAMS.IS,7.0,,,,,
OBASE,OBASE BİLGİSAYAR VE DANIŞMANLIK HİZMETLERİ TİCARET A.Ş.,BIST,,,,24.94,12.5,-32.59,,,,,,60.3,OBASE.IS,0.0,,,,,
ODAS,ODAŞ ELEKTRİK ÜRETİM SANAYİ TİCARET A.Ş.,BIST,,,,6.0,22.3,-18.03,,,,,,46.6,ODAS.IS,5.0,,,,,
ODINE,ODİNE SOLUTİONS TEKNOLOJİ TİCARET VE SANAYİ A.Ş.,BIST,,,,221.6,0.0,-88.99,,,,,,106.0,ODINE.IS,0.0,,,,,
OFSYM,OFİS YEM GIDA SANAYİ TİCARET A.Ş.,BIST,,,,57.4,35.6,-13.78,,,,,,57.9,OFSYM.IS,20.0,,,,,
ONCSM,ONCOSEM ONKOLOJİK SİSTEMLER SANAYİ VE TİCARET A.Ş.,BIST,,,,81.0,6.8,-63.84,,,,,,81.2,ONCSM.IS,0.0,,,,,
ONRYT,ONUR YÜKSEK TEKNOLOJİ A.Ş.,BIST,,,,9.33,8.0,-36.04,,,,,,46.6,ONRYT.IS,7.0,,,,,
OPET,OPET (islem gormuyor),BIST,,,,0.0,50.0,0.0,,,,,,30.0,OPET.IS,0.0,,,,,
ORCAY,ORÇAY ORTAKÖY ÇAY SANAYİ VE TİCARET A.Ş.,BIST,,,,2.29,1.6,-33.04,,,,,,41.9,ORCAY.IS,7.0,,,,,
ORFIN,ORFIN (islem gormuyor),BIST,,,,0.0,50.0,0.0,,,,,,30.0,ORFIN.IS,0.0,,,,,
ORGE,ORGE ENERJİ ELEKTRİK TAAHHÜT A.Ş.,BIST,,,,21.88,32.7,-8.91,,,,,,45.7,ORGE.IS,15.0,,,,,
ORMA,ORMA ORMAN MAHSÜLLERİ İNTEGRE SANAYİ VE TİCARET A.Ş.,BIST,,,,137.8,38.2,-14.09,,,,,,51.2,ORMA.IS,25.0,,,,,
OSVKS,OSVKS (islem gormuyor),BIST,,,,0.0,50.0,0.0,,,,,,30.0,OSVKS.IS,0.0,,,,,
OMD,OMD (islem gormuyor),BIST,,,,0.0,50.0,0.0,,,,,,30.0,OMD.IS,0.0,,,,,
OSMEN,OSMANLI YATIRIM MENKUL DEĞERLER A.Ş.,BIST,,,,5.0,11.3,-30.07,,,,,,57.9,OSMEN.IS,0.0,,,,,
OSTIM,OSTİM ENDÜSTRİYEL YATIRIMLAR VE İŞLETME A.Ş.,BIST,,,,1.22,15.8,-20.26,,,,,,33.5,OSTIM.IS,12.0,,,,,
OTKAR,OTOKAR OTOMOTİV VE SAVUNMA SANAYİ A.Ş.,BIST,,,,287.25,26.3,-9.6,,,,,,43.5,OTKAR.IS,7.0,,,,,
OTOKC,OTOKC (islem gormuyor),BIST,,,,0.0,50.0,0.0,,,,,,30.0,OTOKC.IS,0.0,,,,,
OTOSR,OTOSR (islem gormuyor),BIST,,,,0.0,50.0,0.0,,,,,,30.0,OTOSR.IS,0.0,,,,,
OTTO,OTTO HOLDİNG A.Ş.,BIST,,,,90.6,12.1,-39.76,,,,,,64.7,OTTO.IS,0.0,,,,,
OYAKC,OYAK ÇİMENTO FABRİKALARI A.Ş.,BIST,,,,20.8,38.1,-7.47,,,,,,35.3,OYAKC.IS,25.0,,,,,
OYA,OYA (islem gormuyor),BIST,,,,0.0,50.0,0.0,,,,,,30.0,OYA.IS,0.0,,,,,
OYYAT,OYAK YATIRIM MENKUL DEĞERLER A.Ş.,BIST,,,,28.1,25.8,-21.99,,,,,,46.2,OYYAT.IS,5.0,,,,,
OYAYO,OYAK YATIRIM ORTAKLIĞI A.Ş.,BIST,,,,33.58,19.8,-21.25,,,,,,49.2,OYAYO.IS,5.0,,,,,
OYLUM,OYLUM SINAİ YATIRIMLAR A.Ş.,BIST,,,,6.21,26.9,-13.39,,,,,,26.7,OYLUM.IS,12.0,,,,,
OZKGY,ÖZAK GAYRİMENKUL YATIRIM ORTAKLIĞI A.Ş.,BIST,,,,12.03,28.0,-11.22,,,,,,33.4,OZKGY.IS,10.0,,,,,
OZATD,ÖZATA DENİZCİLİK SANAYİ VE TİCARET A.Ş.,BIST,,,,1742.0,13.8,-63.97,,,,,,87.2,OZATD.IS,0.0,,,,,
OZGYO,ÖZDERİCİ GAYRİMENKUL YATIRIM ORTAKLIĞI A.Ş.,BIST,,,,1.58,12.1,-23.67,,,,,,52.1,OZGYO.IS,7.0,,,,,
OZRDN,ÖZERDEN AMBALAJ SANAYİ A.Ş.,BIST,,,,16.85,14.9,-44.68,,,,,,66.1,OZRDN.IS,0.0,,,,,
OZSUB,ÖZSU BALIK ÜRETİM A.Ş.,BIST,,,,35.28,32.1,-18.71,,,,,,61.6,OZSUB.IS,12.0,,,,,
OZYSR,ÖZYAŞAR TEL VE GALVANİZLEME SANAYİ A.Ş.,BIST,,,,10.99,31.3,-3.26,,,,,,51.3,OZYSR.IS,21.0,,,,,
PAMEL,PAMEL YENİLENEBİLİR ELEKTRİK ÜRETİM A.Ş.,BIST,,,,46.26,3.0,-38.89,,,,,,43.3,PAMEL.IS,7.0,,,,,
PNLSN,PANELSAN ÇATI CEPHE SİSTEMLERİ SANAYİ VE TİCARET A.Ş.,BIST,,,,31.84,2.4,-22.42,,,,,,50.0,PNLSN.IS,7.0,,,,,
PAGYO,PANORA GAYRİMENKUL YATIRIM ORTAKLIĞI A.Ş.,BIST,,,,123.0,34.2,-19.66,,,,,,52.9,PAGYO.IS,17.0,,,,,
PAPIL,PAPİLON SAVUNMA TEKNOLOJİ VE TİCARET A.Ş.,BIST,,,,7.3,4.9,-47.56,,,,,,56.7,PAPIL.IS,0.0,,,,,
PRFFK,PRFFK (islem gormuyor),BIST,,,,0.0,50.0,0.0,,,,,,30.0,PRFFK.IS,0.0,,,,,
PRDGS,PARDUS GİRİŞİM SERMAYESİ YATIRIM ORTAKLIĞI A.Ş.,BIST,,,,3.85,2.6,-50.83,,,,,,69.7,PRDGS.IS,0.0,,,,,
PRKME,PARK ELEKTRİK ÜRETİM MADENCİLİK SANAYİ VE TİCARET A.Ş.,BIST,,,,13.81,6.6,-29.25,,,,,,61.3,PRKME.IS,2.0,,,,,
PARSN,PARSAN MAKİNA PARÇALARI SANAYİİ A.Ş.,BIST,,,,59.05,7.7,-16.3,,,,,,29.2,PARSN.IS,12.0,,,,,
PBT,PBT (islem gormuyor),BIST,,,,0.0,50.0,0.0,,,,,,30.0,PBT.IS,0.0,,,,,
PBTR,PBTR (islem gormuyor),BIST,,,,0.0,50.0,0.0,,,,,,30.0,PBTR.IS,0.0,,,,,
PASEU,PASİFİK EURASİA LOJİSTİK DIŞ TİCARET A.Ş.,BIST,,,,26.58,0.0,-88.98,,,,,,122.0,PASEU.IS,0.0,,,,,
PSGYO,PASİFİK GAYRİMENKUL YATIRIM ORTAKLIĞI A.Ş.,BIST,,,,1.6,7.9,-50.16,,,,,,67.8,PSGYO.IS,0.0,,,,,
PAHOL,PASİFİK HOLDİNG A.Ş.,BIST,,,,0.85,5.6,-35.61,,,,,,42.7,PAHOL.IS,5.0,,,,,
PATEK,PASİFİK TEKNOLOJİ A.Ş.,BIST,,,,12.93,32.6,-37.6,,,,,,79.4,PATEK.IS,10.0,,,,,
PCILT,PC İLETİŞİM VE MEDYA HİZMETLERİ SANAYİ TİCARET A.Ş.,BIST,,,,30.66,49.8,-9.4,,,,,,49.8,PCILT.IS,32.0,,,,,
PGSUS,PEGASUS HAVA TAŞIMACILIĞI A.Ş.,BIST,,,,142.4,33.9,-3.13,,,,,,28.6,PGSUS.IS,26.0,,,,,
PEKGY,PEKER GAYRİMENKUL YATIRIM ORTAKLIĞI A.Ş.,BIST,,,,4.11,12.7,-73.9,,,,,,77.5,PEKGY.IS,0.0,,,,,
PENGD,PENGUEN GIDA SANAYİ A.Ş.,BIST,,,,6.8,0.0,-24.7,,,,,,32.8,PENGD.IS,7.0,,,,,
PENTA,PENTA TEKNOLOJİ ÜRÜNLERİ DAĞITIM TİCARET A.Ş.,BIST,,,,9.73,4.1,-26.29,,,,,,32.7,PENTA.IS,10.0,,,,,
PSDTC,PERGAMON STATUS DIŞ TİCARET A.Ş.,BIST,,,,94.6,20.3,-45.73,,,,,,90.2,PSDTC.IS,0.0,,,,,
PETKM,PETKİM PETROKİMYA HOLDİNG A.Ş.,BIST,,,,19.44,22.5,-3.09,,,,,,61.3,PETKM.IS,6.0,,,,,
PKENT,PETROKENT TURİZM A.Ş.,BIST,,,,92.75,5.5,-26.15,,,,,,32.3,PKENT.IS,10.0,,,,,
PETUN,PINAR ENTEGRE ET VE UN SANAYİİ A.Ş.,BIST,,,,10.07,24.0,-13.63,,,,,,30.3,PETUN.IS,12.0,,,,,
PINSU,PINAR SU VE İÇECEK SANAYİ VE TİCARET A.Ş.,BIST,,,,8.91,17.2,-16.73,,,,,,39.0,PINSU.IS,5.0,,,,,
PNSUT,PINAR SÜT MAMÜLLERİ SANAYİİ A.Ş.,BIST,,,,10.15,23.5,-13.91,,,,,,42.2,PNSUT.IS,7.0,,,,,
PKART,PLASTİKKART AKILLI KART İLETİŞİM SİSTEMLERİ SANAYİ VE TİCARET A.Ş.,BIST,,,,82.05,7.5,-33.18,,,,,,55.6,PKART.IS,2.0,,,,,
PLTUR,PLATFORM TURİZM TAŞIMACILIK GIDA İNŞAAT TEMİZLİK HİZMETLERİ SANAYİ VE TİCARET A.Ş.,BIST,,,,15.03,7.6,-22.87,,,,,,43.9,PLTUR.IS,7.0,,,,,
POLHO,POLİSAN HOLDİNG A.Ş.,BIST,,,,18.43,28.0,-15.46,,,,,,45.1,POLHO.IS,7.0,,,,,
POLTK,POLİTEKNİK METAL SANAYİ VE TİCARET A.Ş.,BIST,,,,2987.5,9.4,-28.7,,,,,,46.6,POLTK.IS,2.0,,,,,
PRZMA,PRİZMA PRES MATBAACILIK YAYINCILIK SANAYİ VE TİCARET A.Ş.,BIST,,,,24.44,3.1,-73.14,,,,,,101.4,PRZMA.IS,0.0,,,,,
QFINF,QFINF (islem gormuyor),BIST,,,,0.0,50.0,0.0,,,,,,30.0,QFINF.IS,0.0,,,,,
QYATB,QYATB (islem gormuyor),BIST,,,,0.0,50.0,0.0,,,,,,30.0,QYATB.IS,0.0,,,,,
YBQ,YBQ (islem gormuyor),BIST,,,,0.0,50.0,0.0,,,,,,30.0,YBQ.IS,0.0,,,,,
QYHOL,QYHOL (islem gormuyor),BIST,,,,0.0,50.0,0.0,,,,,,30.0,QYHOL.IS,0.0,,,,,
FIN,FIN (islem gormuyor),BIST,,,,0.0,50.0,0.0,,,,,,30.0,FIN.IS,0.0,,,,,
QNBTR,QNB BANK A.Ş.,BIST,,,,159.8,23.2,-15.0,,,,,,41.8,QNBTR.IS,7.0,,,,,
QNBFF,QNBFF (islem gormuyor),BIST,,,,0.0,50.0,0.0,,,,,,30.0,QNBFF.IS,0.0,,,,,
QNBFK,QNB FİNANSAL KİRALAMA A.Ş.,BIST,,,,35.66,20.3,-14.36,,,,,,76.0,QNBFK.IS,2.0,,,,,
QNBVK,QNBVK (islem gormuyor),BIST,,,,0.0,50.0,0.0,,,,,,30.0,QNBVK.IS,0.0,,,,,
QUAGR,QUA GRANITE HAYAL YAPI VE ÜRÜNLERİ SANAYİ TİCARET A.Ş.,BIST,,,,2.02,17.2,-36.48,,,,,,57.1,QUAGR.IS,0.0,,,,,
QUFIN,QUFIN (islem gormuyor),BIST,,,,0.0,50.0,0.0,,,,,,30.0,QUFIN.IS,0.0,,,,,
RNPOL,RAİNBOW POLİKARBONAT SANAYİ TİCARET A.Ş.,BIST,,,,1.85,32.4,-24.8,,,,,,52.7,RNPOL.IS,17.0,,,,,
RALYH,RAL YATIRIM HOLDİNG A.Ş.,BIST,,,,94.8,3.4,-65.05,,,,,,76.5,RALYH.IS,0.0,,,,,
RAYSG,RAY SİGORTA A.Ş.,BIST,,,,124.8,17.1,-19.48,,,,,,31.2,RAYSG.IS,10.0,,,,,
REEDR,REEDER TEKNOLOJİ SANAYİ VE TİCARET A.Ş.,BIST,,,,3.47,3.2,-39.65,,,,,,49.3,REEDR.IS,0.0,,,,,
RYGYO,REYSAŞ GAYRİMENKUL YATIRIM ORTAKLIĞI A.Ş.,BIST,,,,49.3,65.2,-2.95,,,,,,49.3,RYGYO.IS,21.0,,,,,
RYSAS,REYSAŞ TAŞIMACILIK VE LOJİSTİK TİCARET A.Ş.,BIST,,,,25.22,40.4,-12.43,,,,,,62.1,RYSAS.IS,27.0,,,,,
RODRG,RODRİGO TEKSTİL SANAYİ VE TİCARET A.Ş.,BIST,,,,16.59,5.7,-37.11,,,,,,60.0,RODRG.IS,2.0,,,,,
RGYAS,RÖNESANS GAYRİMENKUL YATIRIM A.Ş.,BIST,,,,190.3,35.8,-11.65,,,,,,26.8,RGYAS.IS,30.0,,,,,
RTALB,RTA LABORATUVARLARI BİYOLOJİK ÜRÜNLER İLAÇ VE MAKİNE SANAYİ TİCARET A.Ş.,BIST,,,,1.88,19.2,-34.49,,,,,,46.0,RTALB.IS,5.0,,,,,
RUBNS,RUBENİS TEKSTİL SANAYİ TİCARET A.Ş.,BIST,,,,16.29,12.2,-49.09,,,,,,67.0,RUBNS.IS,0.0,,,,,
RUZYE,RUZY MADENCİLİK VE ENERJİ YATIRIMLARI SANAYİ VE TİCARET A.Ş.,BIST,,,,4.66,1.7,-45.81,,,,,,71.6,RUZYE.IS,0.0,,,,,
SAFKR,SAFKAR EGE SOĞUTMACILIK KLİMA SOĞUK HAVA TESİSLERİ İHRACAT İTHALAT SANAYİ VE TİCARET A.Ş.,BIST,,,,11.1,11.5,-38.16,,,,,,51.5,SAFKR.IS,4.0,,,,,
SANEL,SAN-EL MÜHENDİSLİK ELEKTRİK TAAHHÜT SANAYİ VE TİCARET A.Ş.,BIST,,,,35.12,18.2,-39.19,,,,,,88.3,SANEL.IS,0.0,,,,,
SNICA,SANİCA ISI SANAYİ A.Ş.,BIST,,,,2.28,2.2,-29.19,,,,,,52.6,SNICA.IS,4.0,,,,,
SANFM,SANİFOAM ENDÜSTRİ VE TÜKETİM ÜRÜNLERİ SANAYİ TİCARET A.Ş.,BIST,,,,3.91,4.5,-62.37,,,,,,69.0,SANFM.IS,0.0,,,,,
SANKO,SANKO PAZARLAMA İTHALAT İHRACAT A.Ş.,BIST,,,,18.13,38.8,-4.33,,,,,,38.0,SANKO.IS,27.0,,,,,
SAMAT,SARAY MATBAACILIK KAĞITÇILIK KIRTASİYECİLİK TİCARET VE SANAYİ A.Ş.,BIST,,,,3.86,18.8,-28.12,,,,,,45.1,SAMAT.IS,7.0,,,,,
SARKY,SARKUYSAN ELEKTROLİTİK BAKIR SANAYİ VE TİCARET A.Ş.,BIST,,,,20.16,13.8,-19.55,,,,,,46.1,SARKY.IS,7.0,,,,,
SASA,SASA POLYESTER SANAYİ A.Ş.,BIST,,,,1.88,16.5,-20.0,,,,,,60.1,SASA.IS,0.0,,,,,
SVGYO,SAVUR GAYRİMENKUL YATIRIM ORTAKLIĞI A.Ş.,BIST,,,,5.45,2.9,-69.82,,,,,,92.4,SVGYO.IS,0.0,,,,,
SAYAS,SAY YENİLENEBİLİR ENERJİ EKİPMANLARI SANAYİ VE TİCARET A.Ş.,BIST,,,,40.6,12.9,-29.88,,,,,,58.9,SAYAS.IS,2.0,,,,,
SDTTR,SDT UZAY VE SAVUNMA TEKNOLOJİLERİ A.Ş.,BIST,,,,15.4,8.7,-30.94,,,,,,49.9,SDTTR.IS,7.0,,,,,
SEGMN,SEĞMEN KARDEŞLER GIDA ÜRETİM VE AMBALAJ SANAYİ A.Ş.,BIST,,,,21.96,6.7,-53.87,,,,,,74.2,SEGMN.IS,0.0,,,,,
SEKUR,SEKURO PLASTİK AMBALAJ SANAYİ A.Ş.,BIST,,,,3.2,3.7,-67.84,,,,,,85.9,SEKUR.IS,0.0,,,,,
SELEC,SELÇUK ECZA DEPOSU TİCARET VE SANAYİ A.Ş.,BIST,,,,102.1,3.2,-69.39,,,,,,90.4,SELEC.IS,0.0,,,,,
SELVA,SELVA GIDA SANAYİ A.Ş.,BIST,,,,1.12,7.4,-32.53,,,,,,41.3,SELVA.IS,7.0,,,,,
SERNT,SERANİT GRANİT SERAMİK SANAYİ VE TİCARET A.Ş.,BIST,,,,5.06,4.3,-36.35,,,,,,47.2,SERNT.IS,4.0,,,,,
SRVGY,SERVET GAYRİMENKUL YATIRIM ORTAKLIĞI A.Ş.,BIST,,,,2.07,16.2,-18.5,,,,,,28.6,SRVGY.IS,12.0,,,,,
SEYKM,SEYİTLER KİMYA SANAYİ A.Ş.,BIST,,,,2.46,0.0,-44.59,,,,,,53.8,SEYKM.IS,0.0,,,,,
SILVR,SİLVERLİNE ENDÜSTRİ VE TİCARET A.Ş.,BIST,,,,1.65,6.2,-26.01,,,,,,31.8,SILVR.IS,12.0,,,,,
SNGYO,SİNPAŞ GAYRİMENKUL YATIRIM ORTAKLIĞI A.Ş.,BIST,,,,2.66,22.0,-21.76,,,,,,43.7,SNGYO.IS,7.0,,,,,
SKYLP,SKYALP FİNANSAL TEKNOLOJİLER VE DANIŞMANLIK A.Ş.,BIST,,,,55.2,0.0,-75.79,,,,,,88.2,SKYLP.IS,0.0,,,,,
SMRTG,SMART GÜNEŞ ENERJİSİ TEKNOLOJİLERİ ARAŞTIRMA GELİŞTİRME ÜRETİM SANAYİ VE TİCARET A.Ş.,BIST,,,,4.92,17.1,-52.28,,,,,,67.1,SMRTG.IS,0.0,,,,,
SMART,SMARTİKS YAZILIM A.Ş.,BIST,,,,15.5,2.0,-34.21,,,,,,55.7,SMART.IS,0.0,,,,,
SODSN,SODAŞ SODYUM SANAYİİ A.Ş.,BIST,,,,5.99,16.9,-20.45,,,,,,32.0,SODSN.IS,12.0,,,,,
SOKE,SÖKE DEĞİRMENCİLİK SANAYİ VE TİCARET A.Ş.,BIST,,,,6.4,2.2,-49.92,,,,,,55.8,SOKE.IS,0.0,,,,,
SKTAS,SÖKTAŞ TEKSTİL SANAYİ VE TİCARET A.Ş.,BIST,,,,2.3,3.9,-26.28,,,,,,46.0,SKTAS.IS,7.0,,,,,
SONME,SÖNMEZ FİLAMENT SENTETİK İPLİK VE ELYAF SANAYİ A.Ş.,BIST,,,,111.4,11.8,-18.15,,,,,,44.4,SONME.IS,7.0,,,,,
SNPAM,SÖNMEZ PAMUKLU SANAYİİ A.Ş.,BIST,,,,18.15,27.0,-9.2,,,,,,38.6,SNPAM.IS,7.0,,,,,
SUMAS,SUMAŞ SUNİ TAHTA VE MOBİLYA SANAYİİ A.Ş.,BIST,,,,204.0,18.2,-24.72,,,,,,46.6,SUMAS.IS,7.0,,,,,
SUNTK,SUN TEKSTİL SANAYİ VE TİCARET A.Ş.,BIST,,,,25.5,17.2,-24.87,,,,,,83.3,SUNTK.IS,2.0,,,,,
SURGY,SUR TATİL EVLERİ GAYRİMENKUL YATIRIM ORTAKLIĞI A.Ş.,BIST,,,,20.26,3.7,-35.48,,,,,,53.9,SURGY.IS,0.0,,,,,
SUWEN,SUWEN TEKSTİL SANAYİ PAZARLAMA A.Ş.,BIST,,,,4.99,18.2,-16.97,,,,,,57.8,SUWEN.IS,2.0,,,,,
SMRFA,SMRFA (islem gormuyor),BIST,,,,0.0,50.0,0.0,,,,,,30.0,SMRFA.IS,0.0,,,,,
SMRVA,SÜMER VARLIK YÖNETİM A.Ş.,BIST,,,,6.74,6.1,-39.39,,,,,,44.5,SMRVA.IS,4.0,,,,,
SEKFK,ŞEKER FİNANSAL KİRALAMA A.Ş.,BIST,,,,3.95,28.1,-11.83,,,,,,91.9,SEKFK.IS,0.0,,,,,
SEGYO,ŞEKER GAYRİMENKUL YATIRIM ORTAKLIĞI A.Ş.,BIST,,,,2.77,24.3,-27.49,,,,,,42.8,SEGYO.IS,7.0,,,,,
SKY,SKY (islem gormuyor),BIST,,,,0.0,50.0,0.0,,,,,,30.0,SKY.IS,0.0,,,,,
SKYMD,ŞEKER YATIRIM MENKUL DEĞERLER A.Ş.,BIST,,,,19.14,63.4,32.0,,,,,,61.6,SKYMD.IS,58.0,,,,,
SEK,SEK (islem gormuyor),BIST,,,,0.0,50.0,0.0,,,,,,30.0,SEK.IS,0.0,,,,,
SKBNK,ŞEKERBANK T.A.Ş.,BIST,,,,5.19,22.6,-16.83,,,,,,83.8,SKBNK.IS,0.0,,,,,
SOKM,ŞOK MARKETLER TİCARET A.Ş.,BIST,,,,56.95,36.1,2.8,,,,,,36.7,SOKM.IS,33.0,,,,,
TABGD,TAB GIDA SANAYİ VE TİCARET A.Ş.,BIST,,,,214.0,31.7,-9.25,,,,,,38.8,TABGD.IS,15.0,,,,,
TAC,TAC (islem gormuyor),BIST,,,,0.0,50.0,0.0,,,,,,30.0,TAC.IS,0.0,,,,,
TCRYT,TCRYT (islem gormuyor),BIST,,,,0.0,50.0,0.0,,,,,,30.0,TCRYT.IS,0.0,,,,,
TAMFA,TAMFA (islem gormuyor),BIST,,,,0.0,50.0,0.0,,,,,,30.0,TAMFA.IS,0.0,,,,,
TNZTP,TAPDİ OKSİJEN ÖZEL SAĞLIK VE EĞİTİM HİZMETLERİ SANAYİ TİCARET A.Ş.,BIST,,,,25.08,35.8,-21.63,,,,,,50.8,TNZTP.IS,25.0,,,,,
TARKM,TARKİM BİTKİ KORUMA SANAYİ VE TİCARET A.Ş.,BIST,,,,366.5,6.9,-34.96,,,,,,51.2,TARKM.IS,7.0,,,,,
TATGD,TAT GIDA SANAYİ A.Ş.,BIST,,,,15.95,26.8,-10.44,,,,,,37.8,TATGD.IS,7.0,,,,,
TATEN,TATLIPINAR ENERJİ ÜRETİM A.Ş.,BIST,,,,4.53,9.0,-46.2,,,,,,65.3,TATEN.IS,0.0,,,,,
TAVHL,TAV HAVALİMANLARI HOLDİNG A.Ş.,BIST,,,,266.5,44.4,1.22,,,,,,36.6,TAVHL.IS,30.0,,,,,
DRPHN,DRPHN (islem gormuyor),BIST,,,,0.0,50.0,0.0,,,,,,30.0,DRPHN.IS,0.0,,,,,
TEBFA,TEBFA (islem gormuyor),BIST,,,,0.0,50.0,0.0,,,,,,30.0,TEBFA.IS,0.0,,,,,
TEKTU,TEK-ART İNŞAAT TİCARET TURİZM SANAYİ VE YATIRIMLAR A.Ş.,BIST,,,,4.59,4.0,-43.33,,,,,,48.5,TEKTU.IS,4.0,,,,,
TKFEN,TEKFEN HOLDİNG A.Ş.,BIST,,,,238.3,59.7,13.86,,,,,,64.6,TKFEN.IS,49.0,,,,,
TKNSA,TEKNOSA İÇ VE DIŞ TİCARET A.Ş.,BIST,,,,13.35,8.5,-25.83,,,,,,52.9,TKNSA.IS,5.0,,,,,
TMPOL,TEMAPOL POLİMER PLASTİK VE İNŞAAT SANAYİ TİCARET A.Ş.,BIST,,,,100.8,0.3,-76.27,,,,,,93.3,TMPOL.IS,0.0,,,,,
TRFFA,TRFFA (islem gormuyor),BIST,,,,0.0,50.0,0.0,,,,,,30.0,TRFFA.IS,0.0,,,,,
TRHOL,TERA FİNANSAL YATIRIMLAR HOLDİNG A.Ş.,BIST,,,,1572.0,18.2,-49.86,,,,,,84.7,TRHOL.IS,0.0,,,,,
TEVKS,TEVKS (islem gormuyor),BIST,,,,0.0,50.0,0.0,,,,,,30.0,TEVKS.IS,0.0,,,,,
TAE,TAE (islem gormuyor),BIST,,,,0.0,50.0,0.0,,,,,,30.0,TAE.IS,0.0,,,,,
TRBNK,TRBNK (islem gormuyor),BIST,,,,0.0,50.0,0.0,,,,,,30.0,TRBNK.IS,0.0,,,,,
TERA,TERA YATIRIM MENKUL DEĞERLER A.Ş.,BIST,,,,78.3,16.3,-58.24,,,,,,74.7,TERA.IS,0.0,,,,,
TRA,TRA (islem gormuyor),BIST,,,,0.0,50.0,0.0,,,,,,30.0,TRA.IS,0.0,,,,,
TEHOL,TERA YATIRIM TEKNOLOJİ HOLDİNG A.Ş.,BIST,,,,16.71,6.1,-53.58,,,,,,80.8,TEHOL.IS,0.0,,,,,
TFNVK,TFNVK (islem gormuyor),BIST,,,,0.0,50.0,0.0,,,,,,30.0,TFNVK.IS,0.0,,,,,
TGSAS,TGS DIŞ TİCARET A.Ş.,BIST,,,,86.7,4.0,-62.66,,,,,,89.1,TGSAS.IS,0.0,,,,,
TIMUR,TIMUR (islem gormuyor),BIST,,,,0.0,50.0,0.0,,,,,,30.0,TIMUR.IS,0.0,,,,,
TRYKI,TRYKI (islem gormuyor),BIST,,,,0.0,50.0,0.0,,,,,,30.0,TRYKI.IS,0.0,,,,,
TOASO,TOFAŞ TÜRK OTOMOBİL FABRİKASI A.Ş.,BIST,,,,277.0,41.8,2.12,,,,,,37.5,TOASO.IS,40.0,,,,,
TRGYO,TORUNLAR GAYRİMENKUL YATIRIM ORTAKLIĞI A.Ş.,BIST,,,,90.4,30.7,-6.32,,,,,,20.8,TRGYO.IS,20.0,,,,,
TRMET,TR ANADOLU METAL MADENCİLİK İŞLETMELERİ A.Ş.,BIST,,,,130.5,40.2,-9.81,,,,,,56.2,TRMET.IS,22.0,,,,,
TRENJ,TR DOĞAL ENERJİ KAYNAKLARI ARAŞTIRMA VE ÜRETİM A.Ş.,BIST,,,,96.0,33.1,-10.2,,,,,,53.7,TRENJ.IS,15.0,,,,,
TLMAN,TRABZON LİMAN İŞLETMECİLİĞİ A.Ş.,BIST,,,,61.15,9.4,-23.42,,,,,,31.3,TLMAN.IS,10.0,,,,,
TSPOR,TRABZONSPOR SPORTİF YATIRIM VE FUTBOL İŞLETMECİLİĞİ TİCARET A.Ş.,BIST,,,,0.81,16.7,-25.69,,,,,,48.3,TSPOR.IS,7.0,,,,,
TDGYO,TREND GAYRİMENKUL YATIRIM ORTAKLIĞI A.Ş.,BIST,,,,7.88,18.9,-52.1,,,,,,75.0,TDGYO.IS,0.0,,,,,
TRMEN,TRMEN (islem gormuyor),BIST,,,,0.0,50.0,0.0,,,,,,30.0,TRMEN.IS,0.0,,,,,
TVM,TVM (islem gormuyor),BIST,,,,0.0,50.0,0.0,,,,,,30.0,TVM.IS,0.0,,,,,
TSGYO,TSKB GAYRİMENKUL YATIRIM ORTAKLIĞI A.Ş.,BIST,,,,4.77,15.4,-19.29,,,,,,40.1,TSGYO.IS,5.0,,,,,
TUCLK,TUĞÇELİK ALÜMİNYUM VE METAL MAMÜLLERİ SANAYİ VE TİCARET A.Ş.,BIST,,,,4.49,60.8,15.13,,,,,,50.4,TUCLK.IS,52.0,,,,,
TUKAS,TUKAŞ GIDA SANAYİ VE TİCARET A.Ş.,BIST,,,,2.15,53.2,6.44,,,,,,39.6,TUKAS.IS,53.0,,,,,
TRCAS,TURCAS HOLDİNG A.Ş.,BIST,,,,42.9,13.0,-9.03,,,,,,36.2,TRCAS.IS,7.0,,,,,
TUREX,TUREKS TURİZM TAŞIMACILIK A.Ş.,BIST,,,,5.51,40.9,-14.44,,,,,,51.8,TUREX.IS,27.0,,,,,
MARBL,TUREKS TURUNÇ MADENCİLİK İÇ VE DIŞ TİCARET A.Ş.,BIST,,,,8.75,8.6,-29.89,,,,,,31.8,MARBL.IS,12.0,,,,,
TRKFN,TRKFN (islem gormuyor),BIST,,,,0.0,50.0,0.0,,,,,,30.0,TRKFN.IS,0.0,,,,,
TRILC,TURK İLAÇ VE SERUM SANAYİ A.Ş.,BIST,,,,0.8,13.2,-26.61,,,,,,61.2,TRILC.IS,0.0,,,,,
TCELL,TURKCELL İLETİŞİM HİZMETLERİ A.Ş.,BIST,,,,98.25,42.2,3.37,,,,,,32.3,TCELL.IS,35.0,,,,,
TRKNT,TRKNT (islem gormuyor),BIST,,,,0.0,50.0,0.0,,,,,,30.0,TRKNT.IS,0.0,,,,,
TMSN,TÜMOSAN MOTOR VE TRAKTÖR SANAYİ A.Ş.,BIST,,,,57.7,9.4,-23.02,,,,,,35.4,TMSN.IS,7.0,,,,,
TUPRS,TÜPRAŞ-TÜRKİYE PETROL RAFİNERİLERİ A.Ş.,BIST,,,,376.5031,34.4,-4.25,,,,,,43.8,TUPRS.IS,21.0,,,,,
TRALT,TÜRK ALTIN İŞLETMELERİ A.Ş.,BIST,,,,45.38,30.3,-14.22,,,,,,55.0,TRALT.IS,10.0,,,,,
THYAO,TÜRK HAVA YOLLARI A.O.,BIST,,,,291.5,44.3,-3.56,,,,,,31.6,THYAO.IS,41.0,,,,,
PRKAB,TÜRK PRYSMİAN KABLO VE SİSTEMLERİ A.Ş.,BIST,,,,24.5,1.0,-21.12,,,,,,37.4,PRKAB.IS,7.0,,,,,
TTKOM,TÜRK TELEKOMÜNİKASYON A.Ş.,BIST,,,,52.8,44.6,3.33,,,,,,43.3,TTKOM.IS,30.0,,,,,
TTRAK,TÜRK TRAKTÖR VE ZİRAAT MAKİNELERİ A.Ş.,BIST,,,,413.25,38.5,-3.33,,,,,,24.4,TTRAK.IS,32.0,,,,,
TBORG,TÜRK TUBORG BİRA VE MALT SANAYİİ A.Ş.,BIST,,,,123.0,26.7,-18.92,,,,,,40.3,TBORG.IS,7.0,,,,,
TURGG,TÜRKER PROJE GAYRİMENKUL VE YATIRIM GELİŞTİRME A.Ş.,BIST,,,,23.82,28.5,-15.41,,,,,,46.0,TURGG.IS,7.0,,,,,
GARAN,TÜRKİYE GARANTİ BANKASI A.Ş.,BIST,,,,129.1,43.3,-1.38,,,,,,33.6,GARAN.IS,41.0,,,,,
TGB,TGB (islem gormuyor),BIST,,,,0.0,50.0,0.0,,,,,,30.0,TGB.IS,0.0,,,,,
HALKB,TÜRKİYE HALK BANKASI A.Ş.,BIST,,,,45.14,25.7,7.02,,,,,,65.3,HALKB.IS,8.0,,,,,
THL,THL (islem gormuyor),BIST,,,,0.0,50.0,0.0,,,,,,30.0,THL.IS,0.0,,,,,
EXIMB,EXIMB (islem gormuyor),BIST,,,,0.0,50.0,0.0,,,,,,30.0,EXIMB.IS,0.0,,,,,
THR,THR (islem gormuyor),BIST,,,,0.0,50.0,0.0,,,,,,30.0,THR.IS,0.0,,,,,
ISATR,TÜRKİYE İŞ BANKASI A.Ş.,BIST,,,,4950000.0,100.0,0.0,,,,,,0.0,ISATR.IS,25.0,,,,,
ISBTR,TÜRKİYE İŞ BANKASI A.Ş.,BIST,,,,408500.0,2.1,-21.44,,,,,,60.0,ISBTR.IS,0.0,,,,,
ISCTR,TÜRKİYE İŞ BANKASI A.Ş.,BIST,,,,12.95,39.2,2.45,,,,,,42.4,ISCTR.IS,33.0,,,,,
ISKUR,ISKUR (islem gormuyor),BIST,,,,4125000.0,50.0,0.0,,,,,,30.0,ISKUR.IS,45.0,,,,True,
TIB,TIB (islem gormuyor),BIST,,,,0.0,50.0,0.0,,,,,,30.0,TIB.IS,0.0,,,,,
KLN,KLN (islem gormuyor),BIST,,,,0.0,50.0,0.0,,,,,,30.0,KLN.IS,0.0,,,,,
KLNMA,TÜRKİYE KALKINMA VE YATIRIM BANKASI A.Ş.,BIST,,,,7.88,15.9,-11.36,,,,,,40.4,KLNMA.IS,5.0,,,,,
TSK,TSK (islem gormuyor),BIST,,,,0.0,50.0,0.0,,,,,,30.0,TSK.IS,0.0,,,,,
TSKB,TÜRKİYE SINAİ KALKINMA BANKASI A.Ş.,BIST,,,,9.97,29.1,-8.78,,,,,,33.1,TSKB.IS,10.0,,,,,
TURSG,TÜRKİYE SİGORTA A.Ş.,BIST,,,,5.53,19.7,-7.37,,,,,,26.5,TURSG.IS,7.0,,,,,
SISE,TÜRKİYE ŞİŞE VE CAM FABRİKALARI A.Ş.,BIST,,,,38.22,26.9,-3.53,,,,,,42.6,SISE.IS,11.0,,,,,
TVB,TVB (islem gormuyor),BIST,,,,0.0,50.0,0.0,,,,,,30.0,TVB.IS,0.0,,,,,
VAKBN,TÜRKİYE VAKIFLAR BANKASI T.A.O.,BIST,,,,33.68,44.5,6.11,,,,,,53.0,VAKBN.IS,38.0,,,,,
TV8TV,TV8TV (islem gormuyor),BIST,,,,0.0,50.0,0.0,,,,,,30.0,TV8TV.IS,0.0,,,,,
UFUK,UFUK YATIRIM YÖNETİM VE GAYRİMENKUL A.Ş.,BIST,,,,487.5,1.2,-69.87,,,,,,76.2,UFUK.IS,0.0,,,,,
ULAS,ULAŞLAR TURİZM ENERJİ TARIM GIDA VE İNŞAAT YATIRIMLARI A.Ş.,BIST,,,,14.1,0.3,-32.66,,,,,,48.5,ULAS.IS,5.0,,,,,
ULUFA,ULUSAL FAKTORİNG A.Ş.,BIST,,,,1.39,8.8,-16.27,,,,,,31.4,ULUFA.IS,10.0,,,,,
ULUSE,ULUSOY ELEKTRİK İMALAT TAAHHÜT VE TİCARET A.Ş.,BIST,,,,141.3,11.8,-42.68,,,,,,59.1,ULUSE.IS,0.0,,,,,
ULUUN,ULUSOY UN SANAYİ VE TİCARET A.Ş.,BIST,,,,5.88,12.1,-30.58,,,,,,54.7,ULUUN.IS,2.0,,,,,
UMPAS,UMPAŞ HOLDİNG A.Ş.,BIST,,,,9.3,100.0,0.0,,,,,,0.0,UMPAS.IS,25.0,,,,,
USAK,UŞAK SERAMİK SANAYİ A.Ş.,BIST,,,,0.54,0.0,-55.74,,,,,,53.3,USAK.IS,4.0,,,,,
UCAYM,ÜÇAY MÜHENDİSLİK ENERJİ VE İKLİMLENDİRME TEKNOLOJİLERİ A.Ş.,BIST,,,,15.1,10.2,-37.45,,,,,,48.9,UCAYM.IS,4.0,,,,,
ULKER,ÜLKER BİSKÜVİ SANAYİ A.Ş.,BIST,,,,85.65,30.8,-4.78,,,,,,32.8,ULKER.IS,26.0,,,,,
UNLU,ÜNLÜ YATIRIM HOLDİNG A.Ş.,BIST,,,,12.03,56.1,9.56,,,,,,57.5,UNLU.IS,48.0,,,,,
VAKFA,VAKIF FAKTORİNG A.Ş.,BIST,,,,9.27,20.6,-16.94,,,,,,29.6,VAKFA.IS,10.0,,,,,
VAKFN,VAKIF FİNANSAL KİRALAMA A.Ş.,BIST,,,,0.93,7.7,-20.51,,,,,,27.0,VAKFN.IS,12.0,,,,,
VKGYO,VAKIF GAYRİMENKUL YATIRIM ORTAKLIĞI A.Ş.,BIST,,,,1.63,22.2,-14.66,,,,,,26.9,VKGYO.IS,12.0,,,,,
VKFYO,VAKIF MENKUL KIYMET YATIRIM ORTAKLIĞI A.Ş.,BIST,,,,18.0,28.9,-22.41,,,,,,59.6,VKFYO.IS,0.0,,,,,
VAKVK,VAKVK (islem gormuyor),BIST,,,,0.0,50.0,0.0,,,,,,30.0,VAKVK.IS,0.0,,,,,
VAKKO,VAKKO TEKSTİL VE HAZIR GİYİM SANAYİ İŞLETMELERİ A.Ş.,BIST,,,,60.0,25.1,-9.71,,,,,,30.5,VAKKO.IS,10.0,,,,,
VANGD,VANET GIDA SANAYİ İÇ VE DIŞ TİCARET A.Ş.,BIST,,,,49.2,9.0,-50.13,,,,,,62.3,VANGD.IS,0.0,,,,,
VBTYZ,VBT YAZILIM A.Ş.,BIST,,,,24.98,9.3,-33.81,,,,,,58.9,VBTYZ.IS,2.0,,,,,
VDFLO,VDFLO (islem gormuyor),BIST,,,,0.0,50.0,0.0,,,,,,30.0,VDFLO.IS,0.0,,,,,
VRGYO,VERA KONSEPT GAYRİMENKUL YATIRIM ORTAKLIĞI A.Ş.,BIST,,,,1.51,37.2,-15.64,,,,,,52.4,VRGYO.IS,20.0,,,,,
VERUS,VERUSA HOLDİNG A.Ş.,BIST,,,,435.25,22.0,-35.04,,,,,,77.0,VERUS.IS,0.0,,,,,
VERTU,VERUSATURK GİRİŞİM SERMAYESİ YATIRIM ORTAKLIĞI A.Ş.,BIST,,,,26.32,8.9,-24.06,,,,,,28.0,VERTU.IS,10.0,,,,,
VESBE,VESTEL BEYAZ EŞYA SANAYİ VE TİCARET A.Ş.,BIST,,,,4.29,3.0,-19.81,,,,,,46.6,VESBE.IS,7.0,,,,,
VESTL,VESTEL ELEKTRONİK SANAYİ VE TİCARET A.Ş.,BIST,,,,18.73,8.6,-18.42,,,,,,50.2,VESTL.IS,7.0,,,,,
VKING,VİKİNG KAĞIT VE SELÜLOZ A.Ş.,BIST,,,,15.07,13.9,-29.71,,,,,,40.7,VKING.IS,2.0,,,,,
VSNMD,VİŞNE MADENCİLİK ÜRETİM SANAYİ VE TİCARET A.Ş.,BIST,,,,27.88,2.6,-35.61,,,,,,36.7,VSNMD.IS,2.0,,,,,
VDFAS,VDFAS (islem gormuyor),BIST,,,,0.0,50.0,0.0,,,,,,30.0,VDFAS.IS,0.0,,,,,
YKFKT,YKFKT (islem gormuyor),BIST,,,,0.0,50.0,0.0,,,,,,30.0,YKFKT.IS,0.0,,,,,
YKFIN,YKFIN (islem gormuyor),BIST,,,,0.0,50.0,0.0,,,,,,30.0,YKFIN.IS,0.0,,,,,
YKR,YKR (islem gormuyor),BIST,,,,0.0,50.0,0.0,,,,,,30.0,YKR.IS,0.0,,,,,
YKYAT,YKYAT (islem gormuyor),BIST,,,,0.0,50.0,0.0,,,,,,30.0,YKYAT.IS,0.0,,,,,
YKB,YKB (islem gormuyor),BIST,,,,0.0,50.0,0.0,,,,,,30.0,YKB.IS,0.0,,,,,
YKBNK,YAPI VE KREDİ BANKASI A.Ş.,BIST,,,,36.0,47.5,-1.42,,,,,,41.8,YKBNK.IS,36.0,,,,,
YAPRK,YAPRAK SÜT VE BESİ ÇİFTLİKLERİ SANAYİ VE TİCARET A.Ş.,BIST,,,,8.4,11.5,-22.08,,,,,,42.7,YAPRK.IS,7.0,,,,,
YATAS,YATAŞ YATAK VE YORGAN SANAYİ TİCARET A.Ş.,BIST,,,,26.1,22.1,-15.04,,,,,,33.2,YATAS.IS,12.0,,,,,
YATVK,YATVK (islem gormuyor),BIST,,,,0.0,50.0,0.0,,,,,,30.0,YATVK.IS,0.0,,,,,
YYLGD,YAYLA AGRO GIDA SANAYİ VE TİCARET A.Ş.,BIST,,,,7.25,14.5,-28.43,,,,,,40.5,YYLGD.IS,2.0,,,,,
YAYLA,YAYLA ENERJİ ÜRETİM TURİZM VE İNŞAAT TİCARET A.Ş.,BIST,,,,13.76,6.4,-34.54,,,,,,56.5,YAYLA.IS,0.0,,,,,
YGGYO,YENİ GİMAT GAYRİMENKUL YATIRIM ORTAKLIĞI A.Ş.,BIST,,,,211.9,42.8,-9.41,,,,,,36.8,YGGYO.IS,30.0,,,,,
YEOTK,YEO TEKNOLOJİ ENERJİ VE ENDÜSTRİ A.Ş.,BIST,,,,29.9,43.5,-12.78,,,,,,69.1,YEOTK.IS,25.0,,,,,
YYAPI,YEŞİL YAPI ENDÜSTRİSİ A.Ş.,BIST,,,,0.53,6.7,-32.91,,,,,,43.6,YYAPI.IS,5.0,,,,,
YESIL,YEŞİL YATIRIM HOLDİNG A.Ş.,BIST,,,,0.82,12.2,-28.7,,,,,,33.2,YESIL.IS,10.0,,,,,
YBTAS,YİBİTAŞ YOZGAT İŞÇİ BİRLİĞİ İNŞAAT MALZEMELERİ TİCARET VE SANAYİ A.Ş.,BIST,,,,9.73,1.6,-29.75,,,,,,35.2,YBTAS.IS,5.0,,,,,
YIGIT,YİĞİT AKÜ MALZEMELERİ NAKLİYAT TURİZM İNŞAAT SANAYİ VE TİCARET A.Ş.,BIST,,,,16.97,12.6,-21.73,,,,,,35.0,YIGIT.IS,7.0,,,,,
YONGA,YONGA MOBİLYA SANAYİ VE TİCARET A.Ş.,BIST,,,,32.98,10.2,-26.58,,,,,,34.0,YONGA.IS,12.0,,,,,
YKSLN,YÜKSELEN ÇELİK A.Ş.,BIST,,,,2.21,35.8,-17.84,,,,,,82.2,YKSLN.IS,12.0,,,,,
YUNSA,YÜNSA YÜNLÜ SANAYİ VE TİCARET A.Ş.,BIST,,,,6.32,24.2,-21.3,,,,,,37.9,YUNSA.IS,7.0,,,,,
ZGYO,Z GAYRİMENKUL YATIRIM ORTAKLIĞI A.Ş.,BIST,,,,17.93,31.5,-32.54,,,,,,88.3,ZGYO.IS,4.0,,,,,
ZEDUR,ZEDUR ENERJİ ELEKTRİK ÜRETİM A.Ş.,BIST,,,,5.44,0.0,-30.43,,,,,,31.8,ZEDUR.IS,12.0,,,,,
ZERGY,ZERAY GAYRİMENKUL YATIRIM ORTAKLIĞI A.Ş.,BIST,,,,6.28,17.3,-33.05,,,,,,56.5,ZERGY.IS,2.0,,,,,
ZRGYO,ZİRAAT GAYRİMENKUL YATIRIM ORTAKLIĞI A.Ş.,BIST,,,,19.59,51.2,0.36,,,,,,27.7,ZRGYO.IS,35.0,,,,,
ZKBVK,ZKBVK (islem gormuyor),BIST,,,,0.0,50.0,0.0,,,,,,30.0,ZKBVK.IS,0.0,,,,,
ZKBVR,ZKBVR (islem gormuyor),BIST,,,,0.0,50.0,0.0,,,,,,30.0,ZKBVR.IS,0.0,,,,,
ZOREN,ZORLU ENERJİ ELEKTRİK ÜRETİM A.Ş.,BIST,,,,1.95,20.9,-15.95,,,,,,36.3,ZOREN.IS,7.0,,,,,
BINHO,1000 YATIRIMLAR HOLDİNG A.Ş.,BIST,,,,5.67,22.0,-41.79,,,,,,66.3,BINHO.IS,0.0,,,,,
NTGAZ,Naturelgaz Sanayi ve Ticaret A.S.,BIST,,,,10.07,16.5,-13.49,,,,,,33.8,NTGAZ.IS,10.0,,,,,
BTC,Bitcoin,KRIPTO,,,,4086769.0,76.7,9.88,,,,,,30.5,BTC-USD,37.3,,,,,
ETH,Ethereum,KRIPTO,,,,131621.0,79.4,11.29,,,,,,42.6,ETH-USD,28.7,,,,,
XRP,XRP,KRIPTO,,,,73.056,71.5,12.74,,,,,,55.6,XRP-USD,22.0,,,,,
LTC,Litecoin,KRIPTO,,,,3302.23,76.1,30.4,,,,,,46.1,LTC-USD,43.3,,,,,
USDT,Tether,KRIPTO,,,,48.964,65.3,0.92,,,,,,3.2,USDT-USD,46.7,,,,,
XLM,Stellar,KRIPTO,,,,11.225,73.5,32.14,,,,,,53.3,XLM-USD,53.3,,,,,
NEO,NEO,KRIPTO,,,,124.31,69.4,23.73,,,,,,49.8,NEO-USD,60.0,,,,,
EOS,EOS,KRIPTO,,,,4.814,69.5,28.72,,,,,,59.1,EOS-USD,43.3,,,,,
DASH,Dash,KRIPTO,,,,2942.63,49.6,12.42,,,,,,95.1,DASH-USD,55.3,,,,,
CLINK,Chainlink,KRIPTO,,,,708.61,72.8,27.48,,,,,,54.5,LINK-USD,51.7,,,,,
ATOM,Cosmos,KRIPTO,,,,86.48,62.4,0.06,,,,,,53.8,ATOM-USD,34.0,,,,,
XTZ,Tezos,KRIPTO,,,,15.53,67.0,26.36,,,,,,69.4,XTZ-USD,43.3,,,,,
TRX,TRON,KRIPTO,,,,16.5413,59.3,0.27,,,,,,13.6,TRX-USD,66.7,,,,,
ADA,Cardano,KRIPTO,,,,12.16,72.2,22.58,,,,,,59.4,ADA-USD,40.0,,,,,
DOT,Polkadot,KRIPTO,,,,59.93,62.6,12.74,,,,,,65.4,DOT-USD,46.0,,,,,
USDC,USD Coin,KRIPTO,,,,48.845,58.1,0.68,,,,,,4.0,USDC-USD,56.7,,,,,
UNI,UNI,KRIPTO,,,,432.65,60.1,49.99,,,,,,81.9,UNI-USD,60.7,,,,,
ANKR,Ankr,KRIPTO,,,,0.2425,60.9,21.25,,,,,,48.4,ANKR-USD,60.7,,,,,
ENJ,Enjin Coin,KRIPTO,,,,1.439,67.7,16.9,,,,,,51.8,ENJ-USD,42.0,,,,,
OMG,OMG Network,KRIPTO,,,,2.415,66.5,8.44,,,,,,44.5,OMG-USD,49.0,,,,,
COMP,Compound,KRIPTO,,,,1195.89,73.5,22.27,,,,,,48.4,COMP-USD,51.7,,,,,
GRT,The Graph,KRIPTO,,,,1.443,70.8,67.99,,,,,,81.6,GRT-USD,51.7,,,,,
MANA,Decentraland,KRIPTO,,,,4.399,69.5,29.15,,,,,,44.3,MANA-USD,50.0,,,,,
SNX,Synthetix,KRIPTO,,,,12.492,68.3,26.22,,,,,,54.9,SNX-USD,60.0,,,,,
BAT,Basic Attention Token,KRIPTO,,,,4.37,70.7,20.92,,,,,,52.8,BAT-USD,36.7,,,,,
AVAX,Avalanche,KRIPTO,,,,541.92,74.3,50.13,,,,,,64.1,AVAX-USD,46.7,,,,,
FIL,Filecoin,KRIPTO,,,,51.15,66.2,35.5,,,,,,73.9,FIL-USD,50.0,,,,,
DOGE,Dogecoin,KRIPTO,,,,4.6507,67.9,15.66,,,,,,53.4,DOGE-USD,42.0,,,,,
CHZ,Chiliz,KRIPTO,,,,0.791,62.9,19.85,,,,,,48.6,CHZ-USD,52.7,,,,,
SOL,Solana,KRIPTO,,,,5787.74,74.1,20.89,,,,,,44.1,SOL-USD,36.7,,,,,
STX,Stacks,KRIPTO,,,,18.468,75.8,50.76,,,,,,97.5,STX-USD,51.7,,,,,
AXS,Axie Infinity,KRIPTO,,,,56.8,69.2,31.57,,,,,,51.0,AXS-USD,56.7,,,,,
SHIB,Shiba Inu,KRIPTO,,,,0.000284,66.3,15.7,,,,,,64.2,SHIB-USD,35.3,,,,,
LRC,Loopring,KRIPTO,,,,0.501,70.1,19.0,,,,,,100.4,LRC-USD,19.0,,,,,
UMA,UMA,KRIPTO,,,,20.09,65.2,16.4,,,,,,43.4,UMA-USD,52.0,,,,,
FET,FET,KRIPTO,,,,11.311,68.2,43.3,,,,,,79.1,FET-USD,50.0,,,,,
STORJ,Storj,KRIPTO,,,,1.515,43.5,12.06,,,,,,234.1,STORJ-USD,52.3,,,,,
AAVE,Aave,KRIPTO,,,,8033.15,73.1,37.09,,,,,,71.2,AAVE-USD,51.7,,,,,
GALA,Gala,KRIPTO,,,,0.1126,68.4,38.16,,,,,,92.0,GALA-USD,50.0,,,,,
SAND,The Sandbox,KRIPTO,,,,2.161,70.1,27.95,,,,,,68.1,SAND-USD,40.0,,,,,
AMP,AMP,KRIPTO,,,,0.0309,66.4,47.14,,,,,,118.4,AMP-USD,65.0,,,,,
AUDIO,Audius,KRIPTO,,,,0.822,77.2,37.23,,,,,,40.5,AUDIO-USD,58.3,,,,,
SPELL,Spell Token,KRIPTO,,,,0.004799,67.7,23.05,,,,,,58.6,SPELL-USD,43.3,,,,,
ALGO,Algorand,KRIPTO,,,,6.229,76.0,40.17,,,,,,58.3,ALGO-USD,51.7,,,,,
APE,ApeCoin,KRIPTO,,,,7.44,63.8,16.8,,,,,,60.7,APE-USD,61.0,,,,,
BNT,BNT,KRIPTO,,,,16.936,71.3,15.21,,,,,,39.5,BNT-USD,43.7,,,,,
CRV,Curve DAO,KRIPTO,,,,19.521,70.8,19.97,,,,,,73.2,CRV-USD,37.0,,,,,
QNT,QNT,KRIPTO,,,,14492.64,83.0,359.87,,,,,,190.6,QNT-USD,51.7,,,,,
SKL,SKALE,KRIPTO,,,,0.2275,69.7,29.78,,,,,,74.7,SKL-USD,43.3,,,,,
GLM,GLM,KRIPTO,,,,6.253,70.6,23.48,,,,,,45.1,GLM-USD,36.7,,,,,
LUNA,LUNA,KRIPTO,,,,2.522,62.9,16.44,,,,,,60.8,LUNA-USD,46.0,,,,,
PAXG,PAXG,KRIPTO,,,,204000.0,27.0,-2.76,,,,,,18.6,PAXG-USD,27.3,,,,,
ENS,Ethereum Name Service,KRIPTO,,,,343.79,78.2,28.19,,,,,,73.9,ENS-USD,45.0,,,,,
IMX,Immutable,KRIPTO,,,,8.284,69.4,43.15,,,,,,65.3,IMX-USD,65.0,,,,,
LPT,LPT,KRIPTO,,,,86.54,72.2,31.08,,,,,,57.2,LPT-USD,36.7,,,,,
CVC,Civic,KRIPTO,,,,1.536,75.2,49.71,,,,,,80.3,CVC-USD,36.7,,,,,
RLC,RLC,KRIPTO,,,,17.633,73.1,27.87,,,,,,59.3,RLC-USD,30.0,,,,,
ETC,ETC,KRIPTO,,,,434.95,67.5,18.22,,,,,,57.4,ETC-USD,35.3,,,,,
ETHW,ETHW,KRIPTO,,,,14.05,68.1,16.6,,,,,,45.1,ETHW-USD,42.0,,,,,
HOT,Holo,KRIPTO,,,,0.022026,74.6,21.74,,,,,,47.3,HOT-USD,36.7,,,,,
APT,Aptos,KRIPTO,,,,38.27,67.0,22.86,,,,,,69.7,APT-USD,43.3,,,,,
FLOW,Flow,KRIPTO,,,,1.52,58.0,14.8,,,,,,58.3,FLOW-USD,55.3,,,,,
CTSI,Cartesi,KRIPTO,,,,1.425,69.6,24.45,,,,,,92.8,CTSI-USD,43.3,,,,,
XCN,XCN,KRIPTO,,,,0.2283,63.8,24.01,,,,,,80.9,XCN-USD,54.0,,,,,
MASK,Mask Network,KRIPTO,,,,22.74,58.0,10.07,,,,,,47.3,MASK-USD,72.0,,,,,
API3,API3,KRIPTO,,,,13.994,74.6,30.79,,,,,,43.8,API3-USD,43.3,,,,,
BAND,Band Protocol,KRIPTO,,,,10.64,69.0,23.01,,,,,,54.6,BAND-USD,50.0,,,,,
FLR,FLR,KRIPTO,,,,0.3643,77.0,18.86,,,,,,46.5,FLR-USD,38.7,,,,,
T,T,KRIPTO,,,,0.2689,74.4,32.14,,,,,,123.8,T-USD,36.7,,,,,
ARB,Arbitrum,KRIPTO,,,,10.01,59.4,47.73,,,,,,116.3,ARB-USD,70.0,,,,,
BLUR,Blur,KRIPTO,,,,1.037,71.0,32.95,,,,,,92.4,BLUR-USD,46.7,,,,,
INJ,Injective,KRIPTO,,,,361.8,70.8,25.51,,,,,,78.5,INJ-USD,30.0,,,,,
OGN,OGN,KRIPTO,,,,1.0017,68.5,18.67,,,,,,64.9,OGN-USD,45.3,,,,,
RAD,Radicle,KRIPTO,,,,12.5,68.1,11.3,,,,,,59.6,RAD-USD,50.3,,,,,
ARPA,ARPA,KRIPTO,,,,0.5468,71.9,26.87,,,,,,43.0,ARPA-USD,36.7,,,,,
LDO,Lido DAO,KRIPTO,,,,21.75,62.5,21.92,,,,,,76.7,LDO-USD,54.0,,,,,
SUSHI,SushiSwap,KRIPTO,,,,13.217,69.7,24.44,,,,,,79.9,SUSHI-USD,43.3,,,,,
MAGIC,MAGIC,KRIPTO,,,,2.624,72.7,25.85,,,,,,42.3,MAGIC-USD,51.7,,,,,
ACM,ACM,KRIPTO,,,,13.899,69.6,5.72,,,,,,27.4,ACM-USD,40.7,,,,,
PSG,PSG,KRIPTO,,,,22.845,66.5,-0.28,,,,,,23.6,PSG-USD,29.0,,,,,
CITY,CITY,KRIPTO,,,,17.19,52.7,0.44,,,,,,22.9,CITY-USD,60.0,,,,,
BAR,BAR,KRIPTO,,,,13.764,74.9,5.0,,,,,,23.7,BAR-USD,37.3,,,,,
JUV,JUV,KRIPTO,,,,15.727,68.0,7.36,,,,,,29.5,JUV-USD,55.7,,,,,
ATM,ATM,KRIPTO,,,,52.0,49.6,-7.17,,,,,,82.5,ATM-USD,32.3,,,,,
GAL,GAL,KRIPTO,,,,40.15,18.9,-5.06,,,,,,21.6,GAL-USD,15.3,,,,,
CTRA,CTRA,KRIPTO,,,,9.416,66.3,-2.42,,,,,,59.5,TRA-USD,20.7,,,,,
AFC,AFC,KRIPTO,,,,7.66,37.9,-4.02,,,,,,14.5,AFC-USD,49.3,,,,,
ASR,ASR,KRIPTO,,,,41.993,60.3,1.99,,,,,,25.1,ASR-USD,50.7,,,,,
NAP,NAP,KRIPTO,,,,10.288,58.5,-13.1,,,,,,91.5,NAP-USD,35.3,,,,,
INTER,INTER,KRIPTO,,,,9.976,56.4,0.82,,,,,,27.4,INTER-USD,60.0,,,,,
JASMY,JasmyCoin,KRIPTO,,,,0.2502,74.5,32.17,,,,,,68.2,JASMY-USD,51.7,,,,,
ZRX,0x Protocol,KRIPTO,,,,6.0299,69.6,23.37,,,,,,50.3,ZRX-USD,50.0,,,,,
PEPE,Pepe,KRIPTO,,,,0.000212,64.0,34.96,,,,,,80.6,PEPE-USD,60.7,,,,,
NMR,Numeraire,KRIPTO,,,,544.0,61.8,22.95,,,,,,76.3,NMR-USD,69.0,,,,,
FLOKI,Floki,KRIPTO,,,,0.001366,64.0,18.52,,,,,,65.6,FLOKI-USD,46.0,,,,,
STRK,Starknet,KRIPTO,,,,2.16,71.4,58.82,,,,,,112.4,STRK-USD,46.7,,,,,
SUPER,SuperVerse,KRIPTO,,,,9.81,87.8,74.87,,,,,,59.9,SUPER-USD,36.7,,,,,
BONK,Bonk,KRIPTO,,,,0.000189,78.3,47.82,,,,,,82.1,BONK-USD,43.7,,,,,
JUP,Jupiter,KRIPTO,,,,16.1,70.6,46.23,,,,,,84.8,JUP-USD,36.7,,,,,
PYTH,Pyth Network,KRIPTO,,,,3.78,74.5,52.42,,,,,,67.9,PYTH-USD,46.7,,,,,
AIOZ,AIOZ,KRIPTO,,,,5.58,67.0,68.07,,,,,,115.9,AIOZ-USD,50.0,,,,,
WIF,dogwifhat,KRIPTO,,,,12.25,70.3,32.43,,,,,,77.6,WIF-USD,36.7,,,,,
NEAR,NEAR Protocol,KRIPTO,,,,258.5,77.6,117.04,,,,,,84.6,NEAR-USD,36.7,,,,,
FB,FB,KRIPTO,,,,14.23,62.4,-10.22,,,,,,28.9,FB-USD,39.3,,,,,
TIA,Celestia,KRIPTO,,,,22.0,64.9,22.91,,,,,,79.1,TIA-USD,64.0,,,,,
KSM,Kusama,KRIPTO,,,,252.3,72.8,40.4,,,,,,56.6,KSM-USD,46.7,,,,,
HBAR,Hedera,KRIPTO,,,,5.138,67.2,41.27,,,,,,68.9,HBAR-USD,65.0,,,,,
ARKM,ARKM,KRIPTO,,,,6.5,69.6,39.25,,,,,,58.6,ARKM-USD,60.0,,,,,
AXL,AXL,KRIPTO,,,,2.5,67.9,25.06,,,,,,48.4,AXL-USD,50.0,,,,,
RENDER,Render,KRIPTO,,,,94.78,74.5,39.38,,,,,,50.2,RENDER-USD,43.3,,,,,
OP,Optimism,KRIPTO,,,,6.336,65.1,38.7,,,,,,73.7,OP-USD,50.0,,,,,
MNT,MNT,KRIPTO,,,,34.128,75.8,17.45,,,,,,53.5,MNT-USD,43.7,,,,,
KAVA,Kava,KRIPTO,,,,3.3623,61.0,9.37,,,,,,49.8,KAVA-USD,44.7,,,,,
GLMR,Moonbeam,KRIPTO,,,,0.4754,89.6,53.95,,,,,,93.0,GLMR-USD,51.7,,,,,
WLD,Worldcoin,KRIPTO,,,,26.292,69.4,36.5,,,,,,82.3,WLD-USD,60.0,,,,,
RUNE,THORChain,KRIPTO,,,,38.84,81.5,60.83,,,,,,73.3,RUNE-USD,51.7,,,,,
RARE,RARE,KRIPTO,,,,0.8493,66.6,49.92,,,,,,89.0,RARE-USD,65.0,,,,,
ZRO,LayerZero,KRIPTO,,,,83.3,81.5,67.61,,,,,,82.4,ZRO-USD,46.7,,,,,
ONDO,ONDO,KRIPTO,,,,24.9,66.8,49.38,,,,,,81.9,ONDO-USD,50.0,,,,,
ZK,ZKsync,KRIPTO,,,,0.601,69.8,31.65,,,,,,72.0,ZK-USD,50.0,,,,,
HNT,HNT,KRIPTO,,,,24.67,61.1,6.15,,,,,,206.5,HNT-USD,38.0,,,,,
GMT,STEPN,KRIPTO,,,,0.4266,71.1,27.72,,,,,,50.6,GMT-USD,46.7,,,,,
POL,POL,KRIPTO,,,,5.535,63.4,23.99,,,,,,62.9,POL-USD,54.0,,,,,
EIGEN,EIGEN,KRIPTO,,,,12.2,66.7,16.97,,,,,,75.3,EIGEN-USD,35.3,,,,,
W,W,KRIPTO,,,,0.655,66.6,42.14,,,,,,69.7,W-USD,65.0,,,,,
PNUT,Peanut the Squirrel,KRIPTO,,,,2.668,65.0,21.49,,,,,,59.4,PNUT-USD,54.0,,,,,
ETHFI,ether.fi,KRIPTO,,,,38.285,70.4,18.81,,,,,,83.3,ETHFI-USD,32.0,,,,,
ENA,Ethena,KRIPTO,,,,13.1,80.3,88.35,,,,,,102.2,ENA-USD,36.7,,,,,
MOVE,MOVE,KRIPTO,,,,0.483,69.6,25.45,,,,,,73.2,MOVE-USD,40.3,,,,,
ME,ME,KRIPTO,,,,3.71,69.2,22.04,,,,,,56.4,ME-USD,43.3,,,,,
VANA,VANA,KRIPTO,,,,52.98,63.7,24.19,,,,,,57.8,VANA-USD,54.0,,,,,
MEME,MEME,KRIPTO,,,,0.02918,63.4,19.69,,,,,,52.4,MEME-USD,52.7,,,,,
TRUMP,Official Trump,KRIPTO,,,,106.4,61.3,12.47,,,,,,93.8,TRUMP-USD,56.0,,,,,
MELANIA,MELANIA,KRIPTO,,,,5.25,61.6,8.47,,,,,,62.6,MELANIA-USD,53.0,,,,,
ANIME,ANIME,KRIPTO,,,,0.164,67.3,15.98,,,,,,52.9,ANIME-USD,42.0,,,,,
S,Sonic,KRIPTO,,,,2.021,74.3,56.79,,,,,,81.4,S-USD,36.7,,,,,
PENGU,Pudgy Penguins,KRIPTO,,,,0.47817,70.6,34.19,,,,,,80.6,PENGU-USD,46.7,,,,,
IO,io.net,KRIPTO,,,,7.999,70.2,29.02,,,,,,63.1,IO-USD,30.0,,,,,
JTO,JTO,KRIPTO,,,,26.54,63.2,33.25,,,,,,86.7,JTO-USD,60.7,,,,,
KAITO,Kaito,KRIPTO,,,,17.305,62.4,21.44,,,,,,111.2,KAITO-USD,47.0,,,,,
AIXBT,AIXBT,KRIPTO,,,,1.1229,62.0,17.07,,,,,,65.2,AIXBT-USD,46.0,,,,,
VIRTUAL,Virtuals Protocol,KRIPTO,,,,39.181,69.2,28.67,,,,,,73.8,VIRTUAL-USD,53.3,,,,,
TURBO,TURBO,KRIPTO,,,,0.05031,61.4,14.34,,,,,,67.4,TURBO-USD,56.0,,,,,
LAYER,Solayer,KRIPTO,,,,3.814,66.4,16.81,,,,,,43.5,LAYER-USD,57.0,,,,,
WCT,WCT,KRIPTO,,,,2.042,63.4,16.35,,,,,,49.7,WCT-USD,52.7,,,,,
ATH,ATH,KRIPTO,,,,0.29039,80.4,35.7,,,,,,61.1,ATH-USD,36.7,,,,,
RAY,RAY,KRIPTO,,,,94.0,67.8,33.9,,,,,,104.7,RAY-USD,50.0,,,,,
BEAM,BEAM,KRIPTO,,,,0.09862,72.3,37.47,,,,,,74.0,BEAM-USD,36.7,,,,,
MORPHO,MORPHO,KRIPTO,,,,121.671,62.1,10.56,,,,,,72.2,MORPHO-USD,46.0,,,,,
PUMP,PUMP,KRIPTO,,,,0.28167,73.4,58.87,,,,,,118.4,PUMP-USD,51.7,,,,,
ERA,ERA,KRIPTO,,,,3.221,64.9,19.3,,,,,,103.6,ERA-USD,46.0,,,,,
FIDA,FIDA,KRIPTO,,,,1.04692,63.8,14.64,,,,,,57.1,FIDA-USD,56.0,,,,,
SPK,SPK,KRIPTO,,,,1.1935,66.4,31.59,,,,,,86.9,SPK-USD,50.0,,,,,
XAUT,XAUT,KRIPTO,,,,203833.0,26.3,-2.71,,,,,,18.6,XAUT-USD,25.3,,,,,
WLFI,WLFI,KRIPTO,,,,2.73,44.2,0.21,,,,,,29.2,WLFI-USD,50.0,,,,,
BIO,BIO,KRIPTO,,,,1.516,68.7,26.15,,,,,,64.8,BIO-USD,53.3,,,,,
ZKC,ZKC,KRIPTO,,,,2.061,63.0,-4.58,,,,,,103.8,ZKC-USD,31.3,,,,,
LINEA,LINEA,KRIPTO,,,,0.143,70.6,18.77,,,,,,49.0,LINEA-USD,43.7,,,,,
XPL,XPL,KRIPTO,,,,4.683,56.2,14.55,,,,,,86.2,XPL-USD,65.3,,,,,
MIRA,MIRA,KRIPTO,,,,2.551,67.0,13.08,,,,,,70.1,MIRA-USD,35.3,,,,,
2Z,2Z,KRIPTO,,,,2.847,61.8,27.67,,,,,,71.1,2Z-USD,64.0,,,,,
AVNT,AVNT,KRIPTO,,,,6.288,72.2,30.05,,,,,,67.8,AVNT-USD,36.7,,,,,
SEI,Sei,KRIPTO,,,,3.6108,78.0,66.14,,,,,,65.1,SEI-USD,36.7,,,,,
SUI,Sui,KRIPTO,,,,57.9,74.4,63.98,,,,,,71.2,SUI-USD,36.7,,,,,
CSKY,CSKY,KRIPTO,,,,3.8099,73.6,31.35,,,,,,61.4,SKY-USD,46.7,,,,,
0G,0G,KRIPTO,,,,14.778,81.5,67.55,,,,,,96.5,0G-USD,51.7,,,,,
ZORA,ZORA,KRIPTO,,,,0.3898,54.4,3.92,,,,,,94.7,ZORA-USD,36.7,,,,,
MET,MET,KRIPTO,,,,15.4643,66.8,49.21,,,,,,99.0,MET-USD,50.0,,,,,
MON,MON,KRIPTO,,,,1.5752,73.7,40.52,,,,,,82.7,MON-USD,51.7,,,,,
KITE,KITE,KRIPTO,,,,7.0273,71.6,34.36,,,,,,78.3,KITE-USD,36.7,,,,,
SAHARA,SAHARA,KRIPTO,,,,0.4552,61.4,2.78,,,,,,57.7,SAHARA-USD,37.3,,,,,
AERO,AERO,KRIPTO,,,,39.729,80.7,49.51,,,,,,80.7,AERO-USD,51.7,,,,,
H,H,KRIPTO,,,,2.583,32.4,-2.91,,,,,,60.1,H-USD,20.7,,,,,
SENT,SENT,KRIPTO,,,,1.0479,71.9,56.59,,,,,,81.1,SENT-USD,36.7,,,,,
MANTRA,MANTRA,KRIPTO,,,,0.22001,61.4,6.8,,,,,,59.4,MANTRA-USD,38.0,,,,,
BARD,BARD,KRIPTO,,,,6.859,65.9,16.21,,,,,,56.3,BARD-USD,35.3,,,,,
VVV,VVV,KRIPTO,,,,1334.21,54.7,13.78,,,,,,106.0,VVV-USD,55.3,,,,,
HYPE,Hyperliquid,KRIPTO,,,,4386.0,58.2,15.42,,,,,,58.9,HYPE-USD,65.3,,,,,
RED,RED,KRIPTO,,,,8.7727,76.7,49.64,,,,,,64.3,RED-USD,46.7,,,,,
TRB,Tellor,KRIPTO,,,,1014.01,67.1,21.72,,,,,,66.0,TRB-USD,58.3,,,,,
ORCA,ORCA,KRIPTO,,,,80.505,70.2,14.58,,,,,,58.3,ORCA-USD,37.0,,,,,
CFG,CFG,KRIPTO,,,,7.4303,72.0,47.12,,,,,,75.8,CFG-USD,36.7,,,,,
WAL,WAL,KRIPTO,,,,1.6373,64.8,24.51,,,,,,75.1,WAL-USD,54.0,,,,,
ALLO,ALLO,KRIPTO,,,,14.025,80.2,36.2,,,,,,114.2,ALLO-USD,33.7,,,,,
ARX,ARX,KRIPTO,,,,13.597,82.4,108.0,,,,,,96.6,ARX-USD,48.7,,,,,
GRAM,GRAM,KRIPTO,,,,73.86,64.7,13.7,,,,,,46.8,GRAM-USD,67.7,,,,,
LIT,LIT,KRIPTO,,,,197.63,34.4,-5.44,,,,,,85.8,LIT-USD,10.3,,,,,
BILL,BILL,KRIPTO,,,,0.5673,32.8,-7.38,,,,,,87.6,BILL-USD,7.3,,,,,
RE,RE,KRIPTO,,,,24.228,69.1,15.07,,,,,,59.8,RE-USD,35.3,,,,,
GRVT,GRVT,KRIPTO,,,,10.165,80.6,24.59,,,,,,71.3,GRVT-USD,30.0,,,,,
ALTIN_TRY,Altin (TL),MADEN,,,,5121.6038,28.3,-6.46,,,,,,28.1,GC=F,,,,,,False
GUMUS_TRY,Gumus (TL),MADEN,,,,74.9713,39.0,-7.33,,,,,,64.0,SI=F,,,,,,False
PLATIN_TRY,Platin (TL),MADEN,,,,2707.78,50.0,0.0,,,,,,25.0,PL=F,,,,,,True
GRAM_HAS_ALTIN,Gram Has Altin,MADEN,,,,6527.78,50.0,0.0,,,,,,25.0,NOYF_GRAMHAS,,,,,,True
AYAR14_ALTIN,14 Ayar Altin,MADEN,,,,3760.66,50.0,0.0,,,,,,25.0,NOYF_AYAR14,,,,,,True
AYAR18_ALTIN,18 Ayar Altin,MADEN,,,,4816.28,50.0,0.0,,,,,,25.0,NOYF_AYAR18,,,,,,True
BILEZIK22_ALTIN,22 Ayar Bilezik,MADEN,,,,6017.05,50.0,0.0,,,,,,25.0,NOYF_BILEZIK22,,,,,,True
IKIBUCUK_ALTIN,Ikibucuk Altin,MADEN,,,,107145.8,50.0,0.0,,,,,,25.0,NOYF_IKIBUCUK,,,,,,True
BESLI_ALTIN,Besli Altin,MADEN,,,,217722.38,50.0,0.0,,,,,,25.0,NOYF_BESLI,,,,,,True
GREMSE_ALTIN,Gremse Altin,MADEN,,,,107871.54,50.0,0.0,,,,,,25.0,NOYF_GREMSE,,,,,,True
RESAT_ALTIN,Resat Altin,MADEN,,,,44600.1,50.0,0.0,,,,,,25.0,NOYF_RESAT,,,,,,True
HAMIT_ALTIN,Hamit Altin,MADEN,,,,44600.1,50.0,0.0,,,,,,25.0,NOYF_HAMIT,,,,,,True
USDTRY,Amerikan Dolari / Turk Lirasi,DOVIZ,,,,49.0319,85.5,1.49,,,,,,1.7,USDTRY=X,33.3,,,,,False
EURTRY,Euro / Turk Lirasi,DOVIZ,,,,55.6211,32.7,-0.76,,,,,,5.4,EURTRY=X,38.7,,,,,False
GBPTRY,Ingiliz Sterlini / Turk Lirasi,DOVIZ,,,,65.1369,36.0,-0.72,,,,,,5.0,GBPTRY=X,49.3,,,,,False
JPYTRY,Japon Yeni / Turk Lirasi,DOVIZ,,,,31.195,40.5,-0.62,,,,,,8.5,JPYTRY=X,58.7,,,,,False
CHFTRY,Isvicre Frangi / Turk Lirasi,DOVIZ,,,,58.7596,29.1,-1.86,,,,,,6.4,CHFTRY=X,25.3,,,,,False
AUDTRY,Avustralya Dolari / Turk Lirasi,DOVIZ,,,,34.0967,29.0,-2.54,,,,,,6.1,AUDTRY=X,25.3,,,,,False
CADTRY,Kanada Dolari / Turk Lirasi,DOVIZ,,,,34.5014,13.5,-1.65,,,,,,5.2,CADTRY=X,25.3,,,,,False
NZDTRY,Yeni Zelanda Dolari / Turk Lirasi,DOVIZ,,,,27.6205,27.9,-3.03,,,,,,7.1,NZDTRY=X,25.3,,,,,False
NOKTRY,Norvec Kronu / Turk Lirasi,DOVIZ,,,,5.1046,14.3,-2.35,,,,,,7.1,NOKTRY=X,25.3,,,,,False
SEKTRY,Isvec Kronu / Turk Lirasi,DOVIZ,,,,4.9048,29.1,-2.87,,,,,,7.2,SEKTRY=X,25.3,,,,,False
DKKTRY,Danimarka Kronu / Turk Lirasi,DOVIZ,,,,7.4424,21.3,-1.27,,,,,,4.5,DKKTRY=X,25.3,,,,,False
CNYTRY,Cin Yuani / Turk Lirasi,DOVIZ,,,,7.3088,75.4,1.19,,,,,,2.9,CNYTRY=X,33.3,,,,,False
RUBTRY,Rus Rublesi / Turk Lirasi,DOVIZ,,,,0.58898,61.7,4.53,,,,,,13.3,RUBTRY=X,57.3,,,,,False
AEDTRY,BAE Dirhemi / Turk Lirasi,DOVIZ,,,,13.35,72.2,1.55,,,,,,2.5,AEDTRY=X,33.3,,,,,False
KWDTRY,Kuveyt Dinari / Turk Lirasi,DOVIZ,,,,158.959,71.1,1.54,,,,,,3.2,KWDTRY=X,33.3,,,,,False
ZARTRY,Guney Afrika Randi / Turk Lirasi,DOVIZ,,,,2.9875,45.9,-1.36,,,,,,9.1,ZARTRY=X,58.7,,,,,False
BHDTRY,Bahreyn Dinari / Turk Lirasi,DOVIZ,,,,130.238,72.5,1.23,,,,,,3.3,BHDTRY=X,33.3,,,,,False
LYDTRY,Libya Dinari / Turk Lirasi,DOVIZ,,,,7.6735,46.7,0.68,,,,,,3.9,LYDTRY=X,66.7,,,,,False
SARTRY,Suudi Riyali / Turk Lirasi,DOVIZ,,,,13.0577,82.8,1.52,,,,,,2.7,SARTRY=X,33.3,,,,,False
IQDTRY,Irak Dinari / Turk Lirasi,DOVIZ,,,,0.0374,75.0,1.36,,,,,,2.6,IQDTRY=X,33.3,,,,,False
ILSTRY,Israil Sekeli / Turk Lirasi,DOVIZ,,,,15.9521,41.1,-0.8,,,,,,9.2,ILSTRY=X,58.7,,,,,False
INRTRY,Hindistan Rupisi / Turk Lirasi,DOVIZ,,,,0.51088,57.7,-0.18,,,,,,5.4,INRTRY=X,58.7,,,,,False
MXNTRY,Meksika Pesosu / Turk Lirasi,DOVIZ,,,,2.7165,19.8,-5.13,,,,,,7.1,MXNTRY=X,20.0,,,,,False
HUFTRY,Macar Forinti / Turk Lirasi,DOVIZ,,,,0.15187,37.7,-1.94,,,,,,9.9,HUFTRY=X,49.3,,,,,False
BRLTRY,Brezilya Reali / Turk Lirasi,DOVIZ,,,,9.4762,53.3,0.28,,,,,,8.4,BRLTRY=X,66.7,,,,,False
IDRTRY,Endonezya Rupiahi / Turk Lirasi,DOVIZ,,,,0.0027,50.0,0.0,,,,,,15.0,IDRTRY=X,,,,,,True
CZKTRY,Cek Korunasi / Turk Lirasi,DOVIZ,,,,2.2768,21.0,-2.18,,,,,,5.1,CZKTRY=X,25.3,,,,,False
PLNTRY,Polonya Zlotisi / Turk Lirasi,DOVIZ,,,,12.7496,29.4,-2.42,,,,,,6.2,PLNTRY=X,25.3,,,,,False
RONTRY,Romen Leyi / Turk Lirasi,DOVIZ,,,,10.5554,22.5,-1.61,,,,,,4.8,RONTRY=X,25.3,,,,,False
ARSTRY,Arjantin Pesosu / Turk Lirasi,DOVIZ,,,,0.0322,54.5,0.94,,,,,,5.7,ARSTRY=X,66.7,,,,,False
ALLTRY,Arnavutluk Leki / Turk Lirasi,DOVIZ,,,,0.6034,25.1,-0.49,,,,,,5.5,ALLTRY=X,25.3,,,,,False
AZNTRY,Azerbaycan Manati / Turk Lirasi,DOVIZ,,,,28.967,74.1,1.33,,,,,,2.1,AZNTRY=X,33.3,,,,,False
BAMTRY,Bosna Markı / Turk Lirasi,DOVIZ,,,,28.46,29.4,-0.54,,,,,,5.3,BAMTRY=X,25.3,,,,,False
CLPTRY,Sili Pesosu / Turk Lirasi,DOVIZ,,,,0.0504,36.6,-2.14,,,,,,10.9,CLPTRY=X,49.3,,,,,False
COPTRY,Kolombiya Pesosu / Turk Lirasi,DOVIZ,,,,0.014835,28.0,-4.54,,,,,,14.8,COPTRY=X,25.3,,,,,False
CRCTRY,Kosta Rika Kolonu / Turk Lirasi,DOVIZ,,,,0.1073,48.8,0.75,,,,,,7.8,CRCTRY=X,66.7,,,,,False
DZDTRY,Cezayir Dinari / Turk Lirasi,DOVIZ,,,,0.3662,57.4,1.1,,,,,,2.7,DZDTRY=X,66.7,,,,,False
EGPTRY,Misir Lirasi / Turk Lirasi,DOVIZ,,,,0.9435,49.2,-0.66,,,,,,9.1,EGPTRY=X,58.7,,,,,False
HKDTRY,Hong Kong Dolari / Turk Lirasi,DOVIZ,,,,6.2486,66.0,1.1,,,,,,2.7,HKDTRY=X,46.7,,,,,False
ISKTRY,Izlanda Kronu / Turk Lirasi,DOVIZ,,,,0.4055,56.5,1.81,,,,,,6.7,ISKTRY=X,66.7,,,,,False
KRWTRY,Guney Kore Wonu / Turk Lirasi,DOVIZ,,,,0.036198,57.0,0.52,,,,,,9.6,KRWTRY=X,66.7,,,,,False
KZTTRY,Kazakistan Tengesi / Turk Lirasi,DOVIZ,,,,0.1114,81.9,4.71,,,,,,8.3,KZTTRY=X,33.3,,,,,False
LBPTRY,Lubnan Lirasi / Turk Lirasi,DOVIZ,,,,0.0005,50.0,0.0,,,,,,15.0,LBPTRY=X,,,,,,True
LKRTRY,Sri Lanka Rupisi / Turk Lirasi,DOVIZ,,,,0.1483,56.5,0.75,,,,,,3.3,LKRTRY=X,66.7,,,,,False
MADTRY,Fas Dirhemi / Turk Lirasi,DOVIZ,,,,5.047,16.5,-2.4,,,,,,4.8,MADTRY=X,25.3,,,,,False
MDLTRY,Moldova Leyi / Turk Lirasi,DOVIZ,,,,2.7718,23.6,-1.49,,,,,,6.1,MDLTRY=X,25.3,,,,,False
MKDTRY,Makedonya Dinari / Turk Lirasi,DOVIZ,,,,0.9029,28.3,-0.82,,,,,,4.9,MKDTRY=X,25.3,,,,,False
MYRTRY,Malezya Ringgiti / Turk Lirasi,DOVIZ,,,,12.0175,58.2,0.66,,,,,,4.1,MYRTRY=X,66.7,,,,,False
OMRTRY,Umman Riyali / Turk Lirasi,DOVIZ,,,,127.4751,67.0,1.49,,,,,,2.9,OMRTRY=X,46.7,,,,,False
PENTRY,Peru Solu / Turk Lirasi,DOVIZ,,,,14.2369,21.6,-0.84,,,,,,4.9,PENTRY=X,25.3,,,,,False
PHPTRY,Filipin Pesosu / Turk Lirasi,DOVIZ,,,,0.7818,57.3,1.39,,,,,,4.8,PHPTRY=X,66.7,,,,,False
PKRTRY,Pakistan Rupisi / Turk Lirasi,DOVIZ,,,,0.1825,54.4,4.29,,,,,,18.2,PKRTRY=X,66.7,,,,,False
QARTRY,Katar Riyali / Turk Lirasi,DOVIZ,,,,13.9485,51.6,1.54,,,,,,36.2,QARTRY=X,53.3,,,,,False
RSDTRY,Sirbistan Dinari / Turk Lirasi,DOVIZ,,,,0.4741,30.4,-0.77,,,,,,6.3,RSDTRY=X,38.7,,,,,False
SGDTRY,Singapur Dolari / Turk Lirasi,DOVIZ,,,,38.3721,57.8,0.27,,,,,,3.9,SGDTRY=X,66.7,,,,,False
SYPTRY,Suriye Lirasi / Turk Lirasi,DOVIZ,,,,0.4018,71.0,1.52,,,,,,11.0,SYPTRY=X,33.3,,,,,False
THBTRY,Tayland Bahti / Turk Lirasi,DOVIZ,,,,1.4591,46.1,0.63,,,,,,6.6,THBTRY=X,66.7,,,,,False
TWDTRY,Tayvan Dolari / Turk Lirasi,DOVIZ,,,,1.5385,53.9,1.04,,,,,,4.4,TWDTRY=X,66.7,,,,,False
UAHTRY,Ukrayna Grivnasi / Turk Lirasi,DOVIZ,,,,1.097,61.3,0.46,,,,,,4.2,UAHTRY=X,57.3,,,,,False
UYUTRY,Uruguay Pesosu / Turk Lirasi,DOVIZ,,,,1.2167,66.3,1.55,,,,,,4.0,UYUTRY=X,46.7,,,,,False
GELTRY,Gurcistan Larisi / Turk Lirasi,DOVIZ,,,,18.8493,62.4,1.85,,,,,,4.5,GELTRY=X,57.3,,,,,False
TNDTRY,Tunus Dinari / Turk Lirasi,DOVIZ,,,,16.4647,22.4,-0.22,,,,,,6.5,TNDTRY=X,25.3,,,,,False
BGNTRY,Bulgar Levasi / Turk Lirasi,DOVIZ,,,,28.5731,25.4,-1.04,,,,,,6.4,BGNTRY=X,25.3,,,,,False
BLH,AK PORTFÖY BIST LİKİT BANKA ENDEKSİ HİSSE SENEDİ YOĞUN BORSA YATIRIM FONU,TEFAS,BYF,Hisse Senedi Yoğun,7.0,43.117238,45.9,-10.5306,-21.7063,3.0806,28.1674,,,42.0,,,,,,,
BND,AK PORTFÖY BIST BANKA DIŞI LİKİT 10 ENDEKSİ HİSSE SENEDİ YOĞUN BORSA YATIRIM FON,TEFAS,BYF,Hisse Senedi Yoğun,7.0,35.923876,59.6,-2.3526,10.9309,41.3701,61.451,,,42.0,,,,,,,
BOE,AK PORTFÖY BIST 30 ENDEKSİ HİSSE SENEDİ YOĞUN BORSA YATIRIM FONU,TEFAS,BYF,Hisse Senedi Yoğun,7.0,36.775123,56.0,-3.4925,1.1588,31.4061,52.3602,,,42.0,,,,,,,
BTL,OSMANLI PORTFÖY BIST TLREF ENDEKSİ (TL) BORSA YATIRIM FONU,TEFAS,BYF,Endeks Fon,2.0,65.807821,54.1,3.6759,10.4563,21.0669,,,,7.0,,,,,,,
DJA,QNB PORTFÖY QNB TEMİZ ENERJİ ENDEKSİ HİSSE SENEDİ YOĞUN BORSA YATIRIM FONU,TEFAS,BYF,Hisse Senedi Yoğun,7.0,192.367758,62.7,4.4321,21.9276,27.5804,51.5273,144.0919,7.7107,42.0,,,,,,,
FGA,QNB PORTFÖY ALTIN KATILIM BORSA YATIRIM FONU,TEFAS,BYF,Altın Fonu,6.0,548.253425,55.6,-0.4791,-10.4273,16.82,58.8571,3.6633,11.5274,33.0,,,,,,,
FGS,QNB PORTFÖY GÜMÜŞ KATILIM BORSA YATIRIM FONU,TEFAS,BYF,Gümüş Fonu,7.0,587.036069,73.0,4.5306,-10.6844,67.3242,177.3077,5.8083,13.5187,42.0,,,,,,,
FUS,QNB PORTFÖY AMERİKAN DOLARI YABANCI BORSA YATIRIM FONU,TEFAS,BYF,Yabancı Fon,6.0,4557.866953,54.1,2.0868,4.8977,8.9046,17.8161,111.2365,4.3017,33.0,,,,,,,
ILK,İŞ PORTFÖY ALTIN KATILIM BORSA YATIRIM FONU,TEFAS,BYF,Altın Fonu,6.0,663.64649,54.1,-3.3149,-14.6341,9.2044,61.2903,,,33.0,,,,,,,
KHO,AK PORTFÖY KATILIM 30 ENDEKSİ HİSSE SENEDİ YOĞUN BORSA YATIRIM FONU,TEFAS,BYF,Hisse Senedi Yoğun,4.0,0.0,50.0,0.0,,,,,,18.0,,,,,,,
LTK,AK PORTFÖY ALTIN KATILIM BORSA YATIRIM FONU,TEFAS,BYF,Altın Fonu,6.0,538.402785,48.5,-2.1853,,,,,,33.0,,,,,,,
MDL,AK PORTFÖY BIST 100 ENDEKSİ MODEL PORTFÖY  HİSSE SENEDİ YOĞUN BORSA YATIRIM FONU,TEFAS,BYF,Endeks Fon,7.0,25.769666,47.8,-2.2205,-5.0205,22.6705,,,,42.0,,,,,,,
NBS,NUROL PORTFÖY BIST TLREF ENDEKSİ (TL) BORSA YATIRIM FONU,TEFAS,BYF,Endeks Fon,1.0,53.238754,54.1,3.6392,10.2793,,,,,3.0,,,,,,,
OHS,OSMANLI PORTFÖY KATILIM 30 ENDEKSİ HİSSE SENEDİ YOĞUN (TL) BORSA YATIRIM FONU,TEFAS,BYF,Hisse Senedi Yoğun,6.0,64.530934,65.5,2.7471,20.5716,53.3066,78.2801,,,33.0,,,,,,,
OHY,OSMANLI PORTFÖY BİST 30 ENDEKSİ HİSSE SENEDİ YOĞUN BORSA YATIRIM FONU,TEFAS,BYF,Hisse Senedi Yoğun,6.0,80.945467,56.1,-3.2461,1.5441,32.1531,51.4254,,,33.0,,,,,,,
OPE,OSMANLI PORTFÖY BIST TEMETTÜ 25 ENDEKSİ HİSSE SENEDİ YOĞUN (TL) BORSA YATIRIM FO,TEFAS,BYF,Hisse Senedi Yoğun,6.0,50.702702,53.3,-3.8986,-3.6798,22.3614,39.9284,,,33.0,,,,,,,
OPK,OSMANLI PORTFÖY KAR PAYI ÖDEYEN BIST GYO ENDEKSİ HİSSE SENEDİ YOĞUN (TL) BORSA Y,TEFAS,BYF,Hisse Senedi Yoğun,7.0,143.12159,56.1,-3.6475,3.706,15.8596,49.1418,,,42.0,,,,,,,
ZBB,ZİRAAT PORTFÖY BIST 30 ENDEKSİ HİSSE SENEDİ YOĞUN BORSA YATIRIM FONU,TEFAS,BYF,Hisse Senedi Yoğun,7.0,200.876668,56.2,-3.3264,1.564,32.5255,52.5138,2.3712,10.8472,42.0,,,,,,,
ZBP,ZİRAAT PORTFÖY BIST LİKİT BANKA ENDEKSİ HİSSE SENEDİ YOĞUN BORSA YATIRIM FONU,TEFAS,BYF,Hisse Senedi Yoğun,7.0,183.11316,45.6,-11.0843,-22.5115,2.5285,28.5714,3.1932,15.1559,42.0,,,,,,,
ZEA,ZİRAAT PORTFÖY BIST 30 EŞİT AĞIRLIKLI ENDEKSİ HİSSE SENEDİ YOĞUN BORSA YATIRIM F,TEFAS,BYF,Hisse Senedi Yoğun,7.0,178.568014,56.5,-2.8815,2.594,33.9786,51.9404,199.0741,9.7547,42.0,,,,,,,
ZEO,ZİRAAT PORTFÖY BIST 50-30 ENDEKSİ HİSSE SENEDİ YOĞUN BORSA YATIRIM FONU,TEFAS,BYF,Hisse Senedi Yoğun,6.0,89.108565,51.8,-3.0714,-6.4305,15.8246,30.6452,150.309,,33.0,,,,,,,
ZGD,ZİRAAT PORTFÖY ALTIN KATILIM  BORSA YATIRIM FONU,TEFAS,BYF,Altın Fonu,6.0,663.800024,55.9,-2.0275,-9.2038,10.7615,63.2127,3.8355,12.7756,33.0,,,,,,,
ZKE,ZİRAAT PORTFÖY BIST KATILIM 30 EŞİT AĞIRLIKLI ENDEKSİ HİSSE SENEDİ YOĞUN BORSA Y,TEFAS,BYF,Hisse Senedi Yoğun,6.0,137.373725,69.6,7.4824,31.7626,62.8724,80.8889,2.5841,8.3159,33.0,,,,,,,
ZKP,ZİRAAT PORTFÖY BIST KATILIM 30 ENDEKSİ HİSSE SENEDİ YOĞUN BORSA YATIRIM FONU,TEFAS,BYF,Hisse Senedi Yoğun,6.0,230.406032,63.5,2.0069,16.5894,48.8317,71.2147,2.7263,11.8367,33.0,,,,,,,
ZPP,ZİRAAT PORTFÖY BIST BANKA DIŞI LİKİT 10 ENDEKSİ HİSSE SENEDİ YOĞUN BORSA YATIRIM,TEFAS,BYF,Hisse Senedi Yoğun,7.0,246.258649,60.7,-1.3699,12.7769,44.5369,64.4372,2.3862,11.6,42.0,,,,,,,
ZPT,ZİRAAT PORTFÖY YILDIZ PAZAR TEKNOLOJİ VE İLETİŞİM 10 ENDEKSİ HİSSE SENEDİ YOĞUN ,TEFAS,BYF,Hisse Senedi Yoğun,7.0,80.370722,64.3,6.3478,23.5104,55.7565,56.0745,3.4296,,42.0,,,,,,,
ZRE,ZİRAAT PORTFÖY RİSK EŞİT BANKA DIŞI 20 ENDEKSİ HİSSE SENEDİ YOĞUN BORSA YATIRIM ,TEFAS,BYF,Hisse Senedi Yoğun,6.0,168.818983,57.8,-2.7984,7.1364,39.4882,55.0547,175.5912,8.8691,33.0,,,,,,,
ZSR,ZİRAAT PORTFÖY BIST SÜRDÜRÜLEBİLİRLİK 25 ENDEKSİ HİSSE SENEDİ YOĞUN BORSA YATIRI,TEFAS,BYF,Hisse Senedi Yoğun,6.0,46.740765,52.9,-6.5047,-3.201,23.2989,42.4595,2.4344,,33.0,,,,,,,
ZTK,ZİRAAT PORTFÖY BIST TLREFK ENDEKSİ KATILIM (TL) BORSA YATIRIM FONU,TEFAS,BYF,Endeks Fon,2.0,1419.193409,54.3,3.7712,10.7475,21.4798,,,,7.0,,,,,,,
ZTM,ZİRAAT PORTFÖY BIST TEMETTÜ 25 ENDEKSİ HİSSE SENEDİ YOĞUN BORSA YATIRIM FONU,TEFAS,BYF,Hisse Senedi Yoğun,6.0,181.034072,54.6,-3.3546,-2.0772,25.6055,46.0177,2.5229,9.6639,33.0,,,,,,,
ZTR,ZİRAAT PORTFÖY BIST TLREF ENDEKSİ (TL) BORSA YATIRIM FONU,TEFAS,BYF,Endeks Fon,2.0,1422.578598,54.3,3.8525,10.7332,21.5909,,,,7.0,,,,,,,
AAJ,AGESA HAYAT VE EMEKLİLİK A.Ş. OKS STANDART EMEKLİLİK YATIRIM FONU,TEFAS,EMK,OKS Standart Fon,4.0,0.109925,55.5,-0.5723,2.035,17.6812,39.9005,2.1524,5.6017,18.0,,,,,,,
ABE,ANADOLU HAYAT EMEKLİLİK A.Ş.S&P 500 YABANCI BYF FON SEPETİ EMEKLİLİK YATIRIM FON,TEFAS,EMK,Fon Sepeti Fonu,6.0,0.452681,61.0,5.9162,11.2586,19.5796,50.4554,2.926,5.589,33.0,,,,,,,
AE2,AGESA HAYAT VE EMEKLİLİK A.Ş. BORÇLANMA ARAÇLARI EMEKLİLİK YATIRIM FONU,TEFAS,EMK,Borçlanma Araçları Fonu,3.0,0.371227,54.1,-0.9294,-0.2495,12.4325,33.3187,164.8887,3.5022,12.0,,,,,,,
AE3,AGESA HAYAT VE EMEKLİLİK A.Ş. DİNAMİK DEĞİŞKEN EMEKLİLİK YATIRIM FONU,TEFAS,EMK,Değişken Fon,5.0,0.958287,56.6,-1.1339,2.8123,27.325,48.4165,3.1606,10.058,25.0,,,,,,,
AEA,ANADOLU HAYAT EMEKLİLİK A.Ş. ALTIN KATILIM EMEKLİLİK YATIRIM FONU,TEFAS,EMK,Altın Katılım Fonu,6.0,0.678697,53.6,-2.2555,-11.9271,10.2173,50.2698,4.0802,12.4399,33.0,,,,,,,
AEH,AGESA HAYAT VE EMEKLİLİK A.Ş. HİSSE SENEDİ EMEKLİLİK YATIRIM FONU,TEFAS,EMK,Hisse Senedi Fonu,6.0,1.27048,56.4,-2.5388,2.1745,29.975,51.0598,2.857,12.2782,33.0,,,,,,,
AEN,ALLIANZ YAŞAM VE EMEKLİLİK A.Ş. İKİNCİ DEĞİŞKEN EMEKLİLİK YATIRIM FONU,TEFAS,EMK,Değişken Fon,3.0,0.163319,57.8,1.1634,6.1702,23.1841,46.3351,2.7986,4.52,12.0,,,,,,,
AEU,ALLIANZ YAŞAM VE EMEKLİLİK A.Ş. BIST TEMETTÜ ENDEKSİ EMEKLİLİK YATIRIM FONU,TEFAS,EMK,Endeks Fon,6.0,0.379949,57.7,-1.1597,3.473,36.8454,55.1853,3.1105,10.3702,33.0,,,,,,,
AEZ,ALLIANZ YAŞAM VE EMEKLİLİK A.Ş. ATA PORTFÖY DEĞİŞKEN EMEKLİLİK YATIRIM FONU,TEFAS,EMK,Değişken Fon,5.0,0.239024,55.1,-1.4497,-0.2429,21.6602,42.104,2.7397,7.8886,25.0,,,,,,,
AFH,ANADOLU HAYAT EMEKLİLİK A.Ş. OKS STANDART EMEKLİLİK YATIRIM FONU,TEFAS,EMK,OKS Standart Fon,4.0,0.113919,54.7,-0.729,0.9409,16.2487,36.0241,2.0254,5.4412,18.0,,,,,,,
AFJ,ALLIANZ YAŞAM VE EMEKLİLİK A.Ş. OKS TEMKİNLİ DEĞİŞKEN EMEKLİLİK YATIRIM FONU,TEFAS,EMK,Değişken Fon,2.0,0.110395,58.5,1.5974,7.4391,20.8577,48.5941,2.7595,5.0643,7.0,,,,,,,
AFP,ANADOLU HAYAT EMEKLİLİK A.Ş. OKS KATILIM STANDART EMEKLİLİK YATIRIM FONU,TEFAS,EMK,OKS Katılım Standart Fon,3.0,0.101898,57.3,1.4041,7.248,19.2968,40.5533,179.4422,4.555,12.0,,,,,,,
AGA,BEREKET EMEKLİLİK VE HAYAT A.Ş. ALTIN KATILIM EMEKLİLİK YATIRIM FONU,TEFAS,EMK,Altın Katılım Fonu,6.0,0.822391,55.5,-1.2511,-9.841,15.6469,59.4976,4.9289,14.6334,33.0,,,,,,,
AGB,BEREKET EMEKLİLİK VE HAYAT A.Ş. BÜYÜME KATILIM DEĞİŞKEN EMEKLİLİK YATIRIM FONU,TEFAS,EMK,Değişken Fon,6.0,0.267224,57.4,1.375,5.3362,28.1137,44.3035,2.3881,7.0522,33.0,,,,,,,
AGD,BEREKET EMEKLİLİK VE HAYAT A.Ş. KATILIM STANDART EMEKLİLİK YATIRIM FONU,TEFAS,EMK,Katılım Standart Fon,3.0,0.137951,58.4,1.9658,9.472,24.9344,43.5952,160.1805,4.2772,12.0,,,,,,,
AGE,ANADOLU HAYAT EMEKLİLİK A.Ş. KATILIM STANDART EMEKLİLİK YATIRIM FONU,TEFAS,EMK,Katılım Standart Fon,3.0,0.183408,58.0,1.3529,8.2002,21.5284,44.0415,2.0644,5.0868,12.0,,,,,,,
AGH,BEREKET EMEKLİLİK VE HAYAT A.Ş. KATILIM HİSSE SENEDİ EMEKLİLİK YATIRIM FONU,TEFAS,EMK,Hisse Senedi Fonu,6.0,0.755793,59.7,1.9603,8.6724,33.4453,54.7993,3.0496,10.9411,33.0,,,,,,,
AGM,BEREKET EMEKLİLİK VE HAYAT A.Ş. MUHAFAZAKAR KATILIM DEĞİŞKEN EMEKLİLİK YATIRIM F,TEFAS,EMK,Değişken Fon,3.0,0.193318,58.1,2.9035,8.5475,19.031,40.3758,2.3819,5.0519,12.0,,,,,,,
AH1,ANADOLU HAYAT EMEKLİLİK A.Ş. İKİNCİ BORÇLANMA ARAÇLARI EMEKLİLİK YATIRIM FONU,TEFAS,EMK,Borçlanma Araçları Fonu,3.0,0.377875,54.2,-0.7754,0.0919,11.9124,33.0951,152.9137,3.3736,12.0,,,,,,,
AH3,ANADOLU HAYAT EMEKLİLİK A.Ş. BİRİNCİ KAMU DIŞ BORÇLANMA ARAÇLARI EMEKLİLİK YATIR,TEFAS,EMK,Kamu Yabancı Para (Döviz) Cinsinden Borçlanma Araç,6.0,1.028303,55.0,0.6589,2.2068,10.5018,32.5387,2.2512,6.2386,33.0,,,,,,,
AH4,ANADOLU HAYAT EMEKLİLİK A.Ş. İKİNCİ KAMU DIŞ BORÇLANMA ARAÇLARI EMEKLİLİK YATIRI,TEFAS,EMK,Kamu Yabancı Para (Döviz) Cinsinden Borçlanma Araç,6.0,0.72895,54.4,0.8317,1.2992,10.8085,28.7895,2.2404,5.3916,33.0,,,,,,,
AH5,ANADOLU HAYAT EMEKLİLİK A.Ş. HİSSE SENEDİ EMEKLİLİK YATIRIM FONU,TEFAS,EMK,Hisse Senedi Fonu,6.0,2.588323,53.0,-3.2625,-2.9517,18.6842,34.7456,3.4082,15.6939,33.0,,,,,,,
AH6,ANADOLU HAYAT EMEKLİLİK A.Ş. BİRİNCİ DEĞİŞKEN EMEKLİLİK YATIRIM FONU,TEFAS,EMK,Değişken Fon,5.0,1.229241,57.8,3.0748,6.4632,17.7581,40.7561,2.7041,7.9211,25.0,,,,,,,
AH8,ANADOLU HAYAT EMEKLİLİK A.Ş. KARMA EMEKLİLİK YATIRIM FONU,TEFAS,EMK,Karma Fon,2.0,0.471675,56.3,1.0326,4.2597,16.0876,38.2703,2.4227,4.5781,7.0,,,,,,,
AH9,ANADOLU HAYAT EMEKLİLİK A.Ş. ATAK DEĞİŞKEN EMEKLİLİK YATIRIM FONU,TEFAS,EMK,Değişken Fon,5.0,0.960893,54.7,-0.4486,0.7961,17.2884,35.5012,3.165,9.404,25.0,,,,,,,
AHB,ANADOLU HAYAT EMEKLİLİK A.Ş. İKİNCİ HİSSE SENEDİ EMEKLİLİK YATIRIM FONU,TEFAS,EMK,Hisse Senedi Fonu,6.0,1.260565,53.6,-1.4521,-1.7627,24.256,32.9195,2.8086,14.3402,33.0,,,,,,,
AHC,ANADOLU HAYAT EMEKLİLİK A.Ş. ÖZEL SEKTÖR BORÇLANMA ARAÇLARI EMEKLİLİK YATIRIM FO,TEFAS,EMK,Özel Sektör Borçlanma Araçları Fonu,2.0,0.150228,58.5,2.6142,8.5755,19.1027,44.1881,2.1894,3.7813,7.0,,,,,,,
AHL,ANADOLU HAYAT EMEKLİLİK A.Ş. AGRESİF DEĞİŞKEN EMEKLİLİK YATIRIM FONU,TEFAS,EMK,Değişken Fon,6.0,0.449825,53.8,-2.7414,-1.5382,22.0118,37.3141,3.6219,16.0869,33.0,,,,,,,
AIE,ALLIANZ YAŞAM VE EMEKLİLİK A.Ş. OKS BÜYÜME KATILIM DEĞİŞKEN EMEKLİLİK YATIRIM FO,TEFAS,EMK,Katılım Değişken Fon,5.0,0.218989,60.0,0.5534,8.6602,34.8295,60.9677,3.2557,9.7886,25.0,,,,,,,
AIP,ALLIANZ YAŞAM VE EMEKLİLİK A.Ş. OKS AGRESİF KATILIM DEĞİŞKEN EMEKLİLİK YATIRIM F,TEFAS,EMK,Katılım Değişken Fon,6.0,0.269933,61.4,1.7019,9.1385,37.8903,67.6663,3.5349,12.495,33.0,,,,,,,
AJA,ANADOLU HAYAT EMEKLİLİK A.Ş. OKS AGRESİF DEĞİŞKEN EMEKLİLİK YATIRIM FONU,TEFAS,EMK,Değişken Fon,6.0,0.312837,54.2,-2.4802,-1.0862,22.8347,39.3839,3.6968,16.6844,33.0,,,,,,,
AJB,ANADOLU HAYAT EMEKLİLİK A.Ş. OKS ATAK DEĞİŞKEN EMEKLİLİK YATIRIM FONU,TEFAS,EMK,Değişken Fon,5.0,0.29977,55.7,-0.5203,1.1826,23.7535,42.4961,3.8285,15.4067,25.0,,,,,,,
AJC,ANADOLU HAYAT EMEKLİLİK A.Ş. OKS DENGELİ DEĞİŞKEN EMEKLİLİK YATIRIM FONU,TEFAS,EMK,Değişken Fon,4.0,0.217967,55.7,-0.2829,1.2394,20.572,41.7344,3.6501,11.4155,18.0,,,,,,,
AJF,ANADOLU HAYAT EMEKLİLİK A.Ş. OKS TEMKİNLİ DEĞİŞKEN EMEKLİLİK YATIRIM FONU,TEFAS,EMK,Değişken Fon,2.0,0.129519,57.1,1.0596,5.3067,17.832,42.9996,2.95,5.6866,7.0,,,,,,,
AJG,ANADOLU HAYAT EMEKLİLİK A.Ş. OKS AGRESİF KATILIM DEĞİŞKEN EMEKLİLİK YATIRIM FONU,TEFAS,EMK,Değişken Fon,6.0,0.306748,60.0,0.7398,10.147,33.3051,57.9848,3.5362,11.7676,33.0,,,,,,,
AJH,ANADOLU HAYAT EMEKLİLİK A.Ş. OKS ATAK KATILIM DEĞİŞKEN EMEKLİLİK YATIRIM FONU,TEFAS,EMK,Değişken Fon,5.0,0.245592,59.2,0.2768,8.5912,29.4914,55.1721,3.2636,9.9522,25.0,,,,,,,
AJP,AXA HAYAT VE EMEKLİLİK A.Ş. OKS ATAK DEĞİŞKEN EMEKLİLİK YATIRIM FONU,TEFAS,EMK,Değişken Fon,5.0,0.173421,57.2,-0.8181,3.507,28.8621,50.6307,3.2224,10.5228,25.0,,,,,,,
AJR,AXA HAYAT VE EMEKLİLİK A.Ş. OKS AGRESİF DEĞİŞKEN EMEKLİLİK YATIRIM FONU,TEFAS,EMK,Değişken Fon,6.0,0.350061,53.3,-3.0059,-3.3441,21.5969,37.3274,4.12,20.6462,33.0,,,,,,,
AJT,AXA HAYAT VE EMEKLİLİK A.Ş. OKS TEMKİNLİ DEĞİŞKEN EMEKLİLİK YATIRIM FONU,TEFAS,EMK,Değişken Fon,2.0,0.082521,57.6,1.3971,5.4307,18.5423,45.2155,2.4835,4.4664,7.0,,,,,,,
AJV,AXA HAYAT VE EMEKLİLİK A.Ş. OKS DENGELİ DEĞİŞKEN EMEKLİLİK YATIRIM FONU,TEFAS,EMK,Değişken Fon,4.0,0.142922,57.5,-0.1898,3.8074,27.2388,51.3776,3.3232,9.2957,18.0,,,,,,,
AJY,AXA HAYAT VE EMEKLİLİK A.Ş. OKS ATAK KATILIM DEĞİŞKEN EMEKLİLİK YATIRIM FONU,TEFAS,EMK,Değişken Fon,5.0,0.264644,59.7,0.6826,8.9613,32.6281,57.8125,3.68,10.2693,25.0,,,,,,,
AJZ,AXA HAYAT VE EMEKLİLİK A.Ş. OKS AGRESİF KATILIM DEĞİŞKEN EMEKLİLİK YATIRIM FONU,TEFAS,EMK,Değişken Fon,6.0,0.323909,59.2,0.4031,8.7995,32.5326,54.9545,3.7113,13.0364,33.0,,,,,,,
ALI,ALLIANZ YAŞAM VE EMEKLİLİK A.Ş. KOÇ İŞTİRAK ENDEKSİ EMEKLİLİK YATIRIM FONU,TEFAS,EMK,Endeks Fon,6.0,0.552431,50.3,-7.8897,-6.708,10.4379,32.1008,173.2981,9.8157,33.0,,,,,,,
ALJ,ALLIANZ YAŞAM VE EMEKLİLİK A.Ş. OKS AGRESİF DEĞİŞKEN EMEKLİLİK YATIRIM FONU,TEFAS,EMK,Değişken Fon,6.0,0.246283,56.4,-2.3102,1.7542,29.197,50.8931,3.777,15.3331,33.0,,,,,,,
ALR,ALLIANZ YAŞAM VE EMEKLİLİK A.Ş. KARMA EMEKLİLİK YATIRIM FONU,TEFAS,EMK,Karma Fon,6.0,2.200739,59.5,3.5741,8.6581,19.5686,49.4045,3.1297,9.0899,33.0,,,,,,,
ALS,ALLIANZ YAŞAM VE EMEKLİLİK A.Ş. DEĞİŞKEN EMEKLİLİK YATIRIM FONU,TEFAS,EMK,Değişken Fon,5.0,1.049075,54.2,-0.5279,-0.3908,18.3719,33.7437,2.6433,7.922,25.0,,,,,,,
ALU,ALLIANZ YAŞAM VE EMEKLİLİK A.Ş. AGRESİF DEĞİŞKEN EMEKLİLİK YATIRIM FONU,TEFAS,EMK,Değişken Fon,6.0,0.31866,55.4,-1.1156,-0.369,27.3153,43.9737,2.8635,10.7627,33.0,,,,,,,
AMG,ALLIANZ YAŞAM VE EMEKLİLİK A.Ş. BİRİNCİ KAMU DIŞ BORÇLANMA ARAÇLARI EMEKLİLİK YA,TEFAS,EMK,Kamu Yabancı Para (Döviz) Cinsinden Borçlanma Araç,5.0,1.186504,54.6,0.4966,1.7368,8.1715,30.9971,2.3294,6.2508,25.0,,,,,,,
AMR,ALLIANZ YAŞAM VE EMEKLİLİK A.Ş. KAMU DIŞ BORÇLANMA ARAÇLARI (ABD DOLARI 0-5 YIL ,TEFAS,EMK,Kamu Yabancı Para (Döviz) Cinsinden Borçlanma Araç,6.0,0.557089,54.5,0.8368,2.6499,8.6405,27.9639,2.1245,6.1022,33.0,,,,,,,
AMZ,ALLIANZ YAŞAM VE EMEKLİLİK A.Ş. ALTIN EMEKLİLİK YATIRIM FONU,TEFAS,EMK,Altın Fonu,6.0,0.682449,55.0,-1.4127,-10.3992,15.3,56.9194,4.0777,12.134,33.0,,,,,,,
ANE,VİENNALİFE EMEKLİLİK VE HAYAT A.Ş. KARMA EMEKLİLİK YATIRIM FONU,TEFAS,EMK,Karma Fon,4.0,0.593522,56.4,-0.3057,3.9908,21.9857,42.6209,2.123,5.5923,18.0,,,,,,,
ANG,VİENNALİFE EMEKLİLİK VE HAYAT A.Ş. STANDART EMEKLİLİK YATIRIM FONU,TEFAS,EMK,Standart Fon,4.0,0.334449,53.5,-0.8882,-2.0457,12.0104,31.7953,122.0679,3.4809,18.0,,,,,,,
ANJ,ALLIANZ YAŞAM VE EMEKLİLİK A.Ş. OKS DENGELİ DEĞİŞKEN EMEKLİLİK YATIRIM FONU,TEFAS,EMK,Değişken Fon,4.0,0.161476,57.6,-0.3581,3.8858,28.1081,51.8485,3.2825,9.3531,18.0,,,,,,,
ANP,ALLIANZ YAŞAM VE EMEKLİLİK A.Ş. OKS DİNAMİK DEĞİŞKEN EMEKLİLİK YATIRIM FONU,TEFAS,EMK,Değişken Fon,5.0,0.176004,57.5,-0.7116,4.2435,29.8722,51.5119,3.3229,10.4034,25.0,,,,,,,
ANS,VİENNALİFE EMEKLİLİK VE HAYAT A.Ş. HİSSE SENEDİ EMEKLİLİK YATIRIM FONU,TEFAS,EMK,Hisse Senedi Fonu,6.0,1.731701,54.4,-1.3607,-0.9729,22.9441,37.779,2.621,12.612,33.0,,,,,,,
APG,ALLIANZ YAŞAM VE EMEKLİLİK A.Ş. SÜRDÜRÜLEBİLİRLİK FON SEPETİ EMEKLİLİK YATIRIM F,TEFAS,EMK,Fon Sepeti Fonu,5.0,0.280712,57.4,1.0791,4.664,22.0053,45.4884,2.5289,7.6647,25.0,,,,,,,
ATE,ANADOLU HAYAT EMEKLİLİK A.Ş. İŞ BANKASI İŞTİRAK ENDEKSİ EMEKLİLİK YATIRIM FONU,TEFAS,EMK,Endeks Fon,7.0,0.738791,50.6,-6.0006,-5.9831,13.7649,28.6676,2.3713,11.4027,42.0,,,,,,,
ATK,ANADOLU HAYAT EMEKLİLİK A.Ş. STANDART EMEKLİLİK YATIRIM FONU,TEFAS,EMK,Standart Fon,4.0,0.240693,54.1,-1.2062,-0.3247,15.1169,34.3198,191.3866,4.5688,18.0,,,,,,,
AUA,ALLIANZ YAŞAM VE EMEKLİLİK A.Ş. FON SEPETİ EMEKLİLİK YATIRIM FONU,TEFAS,EMK,Fon Sepeti Fonu,3.0,0.177856,54.8,0.5467,-1.4354,19.3304,37.0664,2.1885,6.067,12.0,,,,,,,
AUG,ALLIANZ HAYAT VE EMEKLİLİK A.Ş. DEĞİŞKEN EMEKLİLİK YATIRIM FONU,TEFAS,EMK,Değişken Fon,5.0,0.663756,54.7,0.8648,2.7216,9.1968,28.6727,2.196,5.1094,25.0,,,,,,,
AVB,AGESA HAYAT VE EMEKLİLİK A.Ş. KAMU DIŞ BORÇLANMA ARAÇLARI (ABD DOLARI 5-15 YIL V,TEFAS,EMK,Dış Borçlanma Araçları Fonu,6.0,0.914299,54.5,0.5239,1.7823,7.7114,29.4104,2.4396,6.4984,33.0,,,,,,,
AVD,AGESA HAYAT VE EMEKLİLİK A.Ş. KARMA EMEKLİLİK YATIRIM FONU,TEFAS,EMK,Karma Fon,5.0,0.801123,56.5,-1.2568,0.8709,23.1088,50.6796,2.5627,8.9807,25.0,,,,,,,
AVG,AGESA HAYAT VE EMEKLİLİK A.Ş. DIŞ BORÇLANMA ARAÇLARI EMEKLİLİK YATIRIM FONU,TEFAS,EMK,Dış Borçlanma Araçları Fonu,6.0,0.898644,54.3,0.7597,2.2003,8.2761,27.0728,2.1638,5.9247,33.0,,,,,,,
AVN,AGESA HAYAT VE EMEKLİLİK A.Ş. STANDART EMEKLİLİK YATIRIM FONU,TEFAS,EMK,Standart Fon,4.0,0.128446,55.2,-1.2273,1.5312,18.3719,39.9561,2.2054,5.4121,18.0,,,,,,,
AVO,AGESA HAYAT VE EMEKLİLİK A.Ş. ÖZEL SEKTÖR BORÇLANMA ARAÇLARI EMEKLİLİK YATIRIM F,TEFAS,EMK,Özel Sektör Borçlanma Araçları Fonu,1.0,0.149013,59.2,3.0598,9.5422,20.0261,47.3916,2.376,4.1234,3.0,,,,,,,
AVR,AGESA HAYAT VE EMEKLİLİK A.Ş. TEKNOLOJİ SEKTÖRÜ YABANCI DEĞİŞKEN EMEKLİLİK YATIR,TEFAS,EMK,Değişken Fon,6.0,0.589046,73.7,16.434,36.9035,44.1461,80.9521,3.9395,9.1153,33.0,,,,,,,
AYJ,AGESA HAYAT VE EMEKLİLİK A.Ş. OKS KATILIM STANDART EMEKLİLİK YATIRIM FONU,TEFAS,EMK,OKS Katılım Standart Fon,3.0,0.103103,57.7,1.3522,7.042,23.0802,43.6995,186.21,4.6669,12.0,,,,,,,
AZD,ALLIANZ HAYAT VE EMEKLİLİK A.Ş. BİRİNCİ KARMA EMEKLİLİK YATIRIM FONU,TEFAS,EMK,Karma Fon,6.0,1.120873,54.1,2.0364,-0.7795,4.9138,26.8773,2.2267,5.9829,33.0,,,,,,,
AZH,ALLIANZ HAYAT VE EMEKLİLİK A.Ş. HİSSE SENEDİ EMEKLİLİK YATIRIM FONU,TEFAS,EMK,Hisse Senedi Fonu,6.0,2.433189,53.7,-1.4039,-1.6347,24.7482,34.0541,2.8463,14.5439,33.0,,,,,,,
AZK,ALLIANZ HAYAT VE EMEKLİLİK A.Ş. BORÇLANMA ARAÇLARI EMEKLİLİK YATIRIM FONU,TEFAS,EMK,Borçlanma Araçları Fonu,3.0,0.407616,54.9,-0.1052,0.561,15.0381,36.4059,180.9422,3.6499,12.0,,,,,,,
AZS,ALLIANZ HAYAT VE EMEKLİLİK A.Ş. STANDART EMEKLİLİK YATIRIM FONU,TEFAS,EMK,Standart Fon,4.0,0.132406,55.3,-1.2511,1.3671,18.6065,40.597,2.238,5.4949,18.0,,,,,,,
AZY,ALLIANZ HAYAT VE EMEKLİLİK A.Ş. TARIM VE GIDA FON SEPETİ EMEKLİLİK YATIRIM FONU,TEFAS,EMK,Fon Sepeti Fonu,5.0,0.290314,55.6,0.0288,1.6576,28.0549,39.1059,198.1043,5.4352,25.0,,,,,,,
BBD,BNP PARİBAS CARDİF EMEKLİLİK A.Ş. BIST30 DIŞI ŞİRKETLER HİSSE SENEDİ EMEKLİLİK Y,TEFAS,EMK,Hisse Senedi Fonu,6.0,0.008628,50.0,0.0,,,,,,33.0,,,,,,,
BEE,HDI FİBA EMEKLİLİK VE HAYAT A.Ş. DENGELİ DEĞİŞKEN EMEKLİLİK YATIRIM FONU,TEFAS,EMK,Değişken Fon,4.0,1.028954,62.3,3.7883,10.5443,32.8822,67.1063,2.987,8.6012,18.0,,,,,,,
BEF,BEREKET EMEKLİLİK VE HAYAT A.Ş. OKS DİNAMİK KATILIM DEĞİŞKEN EMEKLİLİK YATIRIM F,TEFAS,EMK,Değişken Fon,5.0,0.184108,57.6,2.2183,7.5284,21.6415,40.4279,2.6136,8.1295,25.0,,,,,,,
BEH,HDI FİBA EMEKLİLİK VE HAYAT A.Ş. HİSSE SENEDİ EMEKLİLİK YATIRIM FONU,TEFAS,EMK,Hisse Senedi Fonu,6.0,1.38489,52.9,-3.9205,-0.9176,21.4096,32.9965,2.4712,10.7487,33.0,,,,,,,
BEI,BEREKET EMEKLİLİK VE HAYAT A.Ş. OKS KATILIM STANDART EMEKLİLİK YATIRIM FONU,TEFAS,EMK,OKS Katılım Standart Fon,4.0,0.104148,57.5,2.7462,7.3798,19.8679,38.1635,180.0719,4.4633,18.0,,,,,,,
BEK,HDI FİBA EMEKLİLİK VE HAYAT A.Ş. FİBA PORTFÖY BORÇLANMA ARAÇLARI EMEKLİLİK YATIR,TEFAS,EMK,Borçlanma Araçları Fonu,3.0,0.319775,54.2,-0.5122,-0.2726,11.1473,33.0276,141.0261,3.0586,12.0,,,,,,,
BEO,BEREKET EMEKLİLİK VE HAYAT A.Ş. OKS AGRESİF KATILIM DEĞİŞKEN EMEKLİLİK YATIRIM F,TEFAS,EMK,Değişken Fon,5.0,0.212627,57.8,2.7474,7.6686,23.3293,39.8257,2.646,9.1991,25.0,,,,,,,
BGL,ANADOLU HAYAT EMEKLİLİK A.Ş. ALTIN EMEKLİLİK YATIRIM FONU,TEFAS,EMK,Altın Fonu,6.0,0.061397,53.8,-2.1277,-12.7653,9.1964,53.2922,3.8496,,33.0,,,,,,,
BHK,BEREKET EMEKLİLİK VE HAYAT A.Ş. KİRA SERTİFİKALARI KATILIM EMEKLİLİK YATIRIM FON,TEFAS,EMK,Kira Sertifikasi Katılım Fonu,2.0,0.017984,59.1,3.0516,9.6206,19.7182,46.1574,,,7.0,,,,,,,
BHS,ANADOLU HAYAT EMEKLİLİK A.Ş. SÜRDÜRÜLEBİLİRLİK  HİSSE SENEDİ EMEKLİLİK YATIRIM F,TEFAS,EMK,Hisse Senedi Fonu,6.0,0.125964,55.9,-1.9951,2.3433,23.2646,46.045,2.7601,,33.0,,,,,,,
BHT,ANADOLU HAYAT EMEKLİLİK A.Ş. TEKNOLOJİ SEKTÖRÜ HİSSE SENEDİ EMEKLİLİK YATIRIM FO,TEFAS,EMK,Hisse Senedi Fonu,6.0,0.120187,69.7,10.3847,29.2471,46.0186,78.2167,4.2736,,33.0,,,,,,,
BNA,BNP PARİBAS CARDİF EMEKLİLİK A.Ş. ALTIN EMEKLİLİK YATIRIM FONU,TEFAS,EMK,Altın Fonu,7.0,0.730518,55.6,-1.3033,-9.5377,16.3026,59.6749,4.2977,12.9371,42.0,,,,,,,
BNB,BNP PARİBAS CARDİF EMEKLİLİK A.Ş. MUTLAK GETİRİ HEDEFLİ DEĞİŞKEN EMEKLİLİK YATIR,TEFAS,EMK,Değişken Fon,3.0,0.142931,59.5,2.6601,8.9013,20.0046,51.2021,2.4154,4.3684,12.0,,,,,,,
BNL,BNP PARİBAS CARDİF EMEKLİLİK A.Ş. OKS STANDART EMEKLİLİK YATIRIM FONU,TEFAS,EMK,OKS Standart Fon,5.0,0.100615,53.4,-0.9946,-0.3566,13.6607,28.1916,2.0668,5.2934,25.0,,,,,,,
BNO,ANADOLU HAYAT EMEKLİLİK A.Ş TEMETTÜ ÖDEYEN ŞİRKETLER HİSSE SENEDİ EMEKLİLİK YATI,TEFAS,EMK,Hisse Senedi Fonu,6.0,0.049899,54.8,-1.5425,-0.1202,21.5589,40.0775,2.7177,,33.0,,,,,,,
BNS,BNP PARİBAS CARDİF EMEKLİLİK A.Ş. STANDART EMEKLİLİK YATIRIM FONU,TEFAS,EMK,Standart Fon,5.0,0.126061,53.7,-1.4241,-0.4332,17.0248,31.6687,2.0043,4.8481,25.0,,,,,,,
BNZ,BNP PARİBAS CARDİF EMEKLİLİK A.Ş. OKS KATILIM STANDART EMEKLİLİK YATIRIM FONU,TEFAS,EMK,OKS Katılım Standart Fon,5.0,0.09918,57.2,2.0529,7.3275,21.8696,37.5417,190.4666,4.7308,25.0,,,,,,,
BPE,BNP PARİBAS CARDİF EMEKLİLİK A.Ş. DENGELİ DEĞİŞKEN EMEKLİLİK YATIRIM FONU,TEFAS,EMK,Değişken Fon,4.0,0.769377,54.4,-2.4374,-1.6582,20.325,41.2199,2.916,8.0387,18.0,,,,,,,
BPG,BNP PARİBAS CARDİF EMEKLİLİK A.Ş.BORÇLANMA ARAÇLARI EMEKLİLİK YATIRIM FONU,TEFAS,EMK,Borçlanma Araçları Fonu,4.0,0.268508,54.5,-0.8472,-0.2102,14.2857,35.9033,131.3916,2.6977,18.0,,,,,,,
BPH,BNP PARİBAS CARDİF EMEKLİLİK A.Ş. HİSSE SENEDİ EMEKLİLİK YATIRIM FONU,TEFAS,EMK,Hisse Senedi Fonu,7.0,1.671843,50.7,-5.9344,-7.7265,21.2636,31.3468,2.9528,14.0807,42.0,,,,,,,
BPI,BNP PARİBAS CARDİF EMEKLİLİK A.Ş. OKS AGRESİF DEĞİŞKEN EMEKLİLİK YATIRIM FONU,TEFAS,EMK,Değişken Fon,6.0,0.313514,53.1,-3.6612,-8.4779,32.2406,45.3973,4.1937,18.8494,33.0,,,,,,,
BPJ,BNP PARİBAS CARDİF EMEKLİLİK A.Ş. OKS DENGELİ DEĞİŞKEN EMEKLİLİK YATIRIM FONU,TEFAS,EMK,Değişken Fon,4.0,0.168473,56.4,-1.2251,1.1801,25.9825,49.2648,3.5861,9.0536,18.0,,,,,,,
BPK,BNP PARİBAS CARDİF EMEKLİLİK A.Ş. İKİNCİ KAMU DIŞ BORÇLANMA ARAÇLARI (ABD DOLARI,TEFAS,EMK,Kamu Yabancı Para (Döviz) Cinsinden Borçlanma Araç,6.0,0.768545,54.6,1.2539,3.5437,9.5607,26.3147,2.0395,5.5707,33.0,,,,,,,
BPN,BNP PARİBAS CARDİF EMEKLİLİK A.Ş. OKS DİNAMİK DEĞİŞKEN EMEKLİLİK YATIRIM FONU,TEFAS,EMK,Değişken Fon,5.0,0.204324,55.8,-2.7926,-0.7975,24.8712,51.4171,3.7793,11.8831,25.0,,,,,,,
BPO,BNP PARİBAS CARDİF EMEKLİLİK A.Ş. OKS DİNAMİK KATILIM DEĞİŞKEN EMEKLİLİK YATIRIM,TEFAS,EMK,Değişken Fon,5.0,0.246407,61.8,2.5388,9.069,40.7932,68.6745,3.7739,11.7958,25.0,,,,,,,
BPR,BNP PARİBAS CARDİF EMEKLİLİK A.Ş. OKS MUHAFAZAKAR DEĞİŞKEN EMEKLİLİK YATIRIM FON,TEFAS,EMK,Değişken Fon,2.0,0.115301,59.5,2.2739,7.2063,23.3767,54.8467,3.1947,5.7759,7.0,,,,,,,
BPS,BNP PARİBAS CARDİF EMEKLİLİK A.Ş. OKS AGRESİF KATILIM DEĞİŞKEN EMEKLİLİK YATIRIM,TEFAS,EMK,Değişken Fon,6.0,0.357746,61.7,2.611,8.3081,42.8436,68.7954,3.695,13.9815,33.0,,,,,,,
BPU,BNP PARİBAS CARDİF EMEKLİLİK A.Ş. BİRİNCİ KAMU DIŞ BORÇLANMA ARAÇLARI EMEKLİLİK ,TEFAS,EMK,Kamu Yabancı Para (Döviz) Cinsinden Borçlanma Araç,6.0,0.752817,54.4,0.6152,1.9945,8.191,28.8161,2.2791,5.9386,33.0,,,,,,,
BSR,BNP PARIBAS CARDIF EMEKLİLİK A.Ş. SÜRDÜRÜLEBİLİRLİK FON SEPETİ EMEKLİLİK YATIRIM,TEFAS,EMK,Fon Sepeti Fonu,6.0,0.014304,55.9,0.2516,3.4572,19.9364,38.4806,,,33.0,,,,,,,
BZY,BNP PARİBAS CARDİF EMEKLİLİK A.Ş. TEKNOLOJİ SEKTÖRÜ DEĞİŞKEN EMEKLİLİK YATIRIM F,TEFAS,EMK,Değişken Fon,6.0,0.07573,72.2,12.008,31.4171,53.8117,89.0439,4.5572,,33.0,,,,,,,
CFA,QNB SAĞLIK HAYAT SİGORTA VE EMEKLİLİK A.Ş. ALTIN EMEKLİLİK YATIRIM FONU,TEFAS,EMK,Altın Fonu,6.0,0.281778,56.5,-0.7866,-8.6959,17.8568,64.1158,5.0404,14.9452,33.0,,,,,,,
CFC,QNB SAĞLIK HAYAT SİGORTA VE EMEKLİLİK A.Ş. ORTA VADELİ BORÇLANMA ARAÇLARI EMEKLİ,TEFAS,EMK,Borçlanma Araçları Fonu,3.0,0.060222,55.6,-0.4713,1.7131,14.134,40.8548,192.9819,3.8455,12.0,,,,,,,
CFD,QNB SAĞLIK HAYAT SİGORTA VE EMEKLİLİK A.Ş. DIŞ BORÇLANMA ARAÇLARI EMEKLİLİK YATI,TEFAS,EMK,Dış Borçlanma Araçları Fonu,6.0,0.120531,54.5,0.1693,1.2389,9.5394,31.7069,2.2698,6.3491,33.0,,,,,,,
CFE,QNB SAĞLIK HAYAT SİGORTA VE EMEKLİLİK A.Ş. OKS KATILIM STANDART EMEKLİLİK YATIRI,TEFAS,EMK,OKS Katılım Standart Fon,3.0,0.12345,59.3,3.2458,9.2802,23.0045,47.3657,2.1048,5.6339,12.0,,,,,,,
CHA,QNB SAĞLIK HAYAT SİGORTA VE EMEKLİLİK A.Ş. OKS DENGELİ DEĞİŞKEN EMEKLİLİK YATIRI,TEFAS,EMK,Değişken Fon,5.0,0.291353,56.7,0.2942,-0.466,21.1308,50.5228,3.4988,14.4946,25.0,,,,,,,
CHC,QNB SAĞLIK HAYAT SİGORTA VE EMEKLİLİK A.Ş. OKS MUHAFAZAKAR DEĞİŞKEN EMEKLİLİK YA,TEFAS,EMK,Değişken Fon,3.0,0.133177,57.9,0.5409,6.3017,19.3694,48.7428,3.2199,6.1902,12.0,,,,,,,
CHD,QNB SAĞLIK HAYAT SİGORTA VE EMEKLİLİK A.Ş. OKS AGRESİF KATILIM DEĞİŞKEN EMEKLİLİ,TEFAS,EMK,Değişken Fon,6.0,0.40979,59.6,1.3993,8.6801,32.2537,55.6556,3.5667,17.1254,33.0,,,,,,,
CHG,QNB SAĞLIK HAYAT SİGORTA VE EMEKLİLİK A.Ş. OKS AGRESİF DEĞİŞKEN EMEKLİLİK YATIRI,TEFAS,EMK,Değişken Fon,6.0,0.482364,52.6,-5.6003,-5.8256,18.0959,42.141,3.3861,21.3386,33.0,,,,,,,
CHH,QNB SAĞLIK HAYAT SİGORTA VE EMEKLİLİK A.Ş. BİRİNCİ HİSSE SENEDİ EMEKLİLİK YATIRI,TEFAS,EMK,Hisse Senedi Fonu,6.0,1.581417,56.0,-1.9866,0.7974,24.7569,48.6166,3.0182,15.6028,33.0,,,,,,,
CHI,QNB SAĞLIK HAYAT SİGORTA VE EMEKLİLİK A.Ş. OKS DİNAMİK KATILIM DEĞİŞKEN EMEKLİLİ,TEFAS,EMK,Değişken Fon,5.0,0.284089,60.5,1.0994,9.0358,32.1281,62.3195,3.3274,12.4272,25.0,,,,,,,
CHK,QNB SAĞLIK HAYAT SİGORTA VE EMEKLİLİK A.Ş. BORÇLANMA ARAÇLARI EMEKLİLİK YATIRIM ,TEFAS,EMK,Borçlanma Araçları Fonu,3.0,0.159101,55.3,-0.4303,1.8576,13.9766,38.2355,180.8404,3.6397,12.0,,,,,,,
CHM,QNB SAĞLIK HAYAT  SİGORTA VE EMEKLİLİK A.Ş. DİNAMİK DEĞİŞKEN EMEKLİLİK YATIRIM F,TEFAS,EMK,Değişken Fon,6.0,0.679791,58.0,-0.366,1.3957,24.9712,59.0046,3.7445,15.961,33.0,,,,,,,
CHN,QNB SAĞLIK HAYAT SİGORTA VE EMEKLİLİK A.Ş. DENGELİ DEĞİŞKEN EMEKLİLİK YATIRIM FO,TEFAS,EMK,Değişken Fon,5.0,0.379134,54.8,-1.3101,-0.9806,13.9196,40.4927,2.6945,8.7581,25.0,,,,,,,
CHO,QNB SAĞLIK HAYAT  SİGORTA VE EMEKLİLİK A.Ş. OKS ATAK DEĞİŞKEN EMEKLİLİK YATIRIM ,TEFAS,EMK,Değişken Fon,6.0,0.382268,54.4,-0.8535,-3.486,13.5103,40.1838,3.4787,18.0449,33.0,,,,,,,
CHS,QNB SAĞLIK HAYAT  SİGORTA VE EMEKLİLİK A.Ş. STANDART EMEKLİLİK YATIRIM FONU,TEFAS,EMK,Standart Fon,4.0,0.155118,56.0,-0.3021,1.868,18.3371,42.8561,2.3463,5.9386,18.0,,,,,,,
CHU,QNB SAĞLIK HAYAT SİGORTA VE EMEKLİLİK A.Ş. OKS STANDART EMEKLİLİK YATIRIM FONU,TEFAS,EMK,OKS Standart Fon,4.0,0.118291,55.9,0.4319,2.3974,16.4979,39.472,196.4264,5.9879,18.0,,,,,,,
EAE,AGESA HAYAT VE EMEKLİLİK A.Ş. ALTIN EMEKLİLİK YATIRIM FONU,TEFAS,EMK,Altın Fonu,6.0,0.014402,47.0,-1.0617,-10.0744,17.0868,,,,33.0,,,,,,,
EHG,HDI FİBA EMEKLİLİK VE HAYAT A.Ş. OYAK PORTFÖY DEĞİŞKEN EMEKLİLİK YATIRIM FONU,TEFAS,EMK,Değişken Fon,4.0,0.385616,56.2,-0.6489,0.5248,20.5349,47.502,2.0295,6.3593,18.0,,,,,,,
EHK,AGESA HAYAT VE EMEKLİLİK A.Ş. KATILIM HİSSE SENEDİ EMEKLİLİK YATIRIM FONU,TEFAS,EMK,Hisse Senedi Fonu,6.0,0.013571,54.1,1.942,13.268,42.2675,,,,33.0,,,,,,,
EIE,HDI FİBA EMEKLİLİK VE HAYAT A.Ş. ATAK DEĞİŞKEN EMEKLİLİK YATIRIM FONU,TEFAS,EMK,Değişken Fon,7.0,0.698432,54.5,-1.7887,0.646,18.9092,37.3247,2.5131,8.9835,42.0,,,,,,,
EIF,HDI FİBA EMEKLİLİK VE HAYAT A.Ş. OYAK PORTFÖY KAMU DIŞ BORÇLANMA ARAÇLARI EMEKLİ,TEFAS,EMK,Kamu Yabancı Para (Döviz) Cinsinden Borçlanma Araç,6.0,0.405909,53.6,0.1074,0.8875,7.7975,25.3064,2.1483,5.3152,33.0,,,,,,,
EIG,HDI FİBA EMEKLİLİK VE HAYAT A.Ş. BORÇLANMA ARAÇLARI EMEKLİLİK YATIRIM FONU,TEFAS,EMK,Borçlanma Araçları Fonu,3.0,0.154394,54.0,-0.6171,-0.9338,11.5139,33.1233,147.6691,3.2864,12.0,,,,,,,
EIH,HDI FİBA EMEKLİLİK VE HAYAT A.Ş. OYAK PORTFÖY HİSSE SENEDİ EMEKLİLİK YATIRIM FON,TEFAS,EMK,Hisse Senedi Fonu,6.0,1.194485,53.7,-3.9194,-3.7805,23.2437,43.3113,2.894,13.6373,33.0,,,,,,,
EIK,HDI FİBA EMEKLİLİK VE HAYAT A.Ş. DIŞ BORÇLANMA ARAÇLARI EMEKLİLİK YATIRIM FONU,TEFAS,EMK,Dış Borçlanma Araçları Fonu,4.0,0.604166,53.7,0.2271,1.1126,6.5463,25.6605,2.1541,6.0649,18.0,,,,,,,
EMI,ANADOLU HAYAT EMEKLİLİK A.Ş. EMLAK SEKTÖRÜ HİSSE SENEDİ EMEKLİLİK YATIRIM FONU,TEFAS,EMK,Hisse Senedi Fonu,6.0,0.008552,50.0,0.0,,,,,,33.0,,,,,,,
EMY,GARANTİ EMEKLİLİK VE HAYAT A.Ş. ALTIN EMEKLİLİK YATIRIM FONU,TEFAS,EMK,Kıymetli Madenler,6.0,0.010654,50.0,0.0,,,,,,33.0,,,,,,,
ENF,AGESA HAYAT VE EMEKLİLİK A.Ş. ENERJİ SEKTÖRÜ DEĞİŞKEN EMEKLİLİK YATIRIM FONU,TEFAS,EMK,Değişken Fon,4.0,0.015677,67.3,9.5731,20.7463,38.2742,74.5873,,,18.0,,,,,,,
EST,HDI FİBA EMEKLİLİK VE HAYAT A.Ş. OYAK PORTFÖY STANDART EMEKLİLİK YATIRIM FONU,TEFAS,EMK,Standart Fon,4.0,0.097455,54.0,-1.2557,-1.2491,13.7494,35.1307,134.1368,3.6555,18.0,,,,,,,
FEA,HDI FİBA EMEKLİLİK VE HAYAT A.Ş. ATLAS PORTFÖY ÖZEL SEKTÖR BORÇLANMA ARAÇLARI EM,TEFAS,EMK,Özel Sektör Borçlanma Araçları Fonu,3.0,0.140689,58.7,2.7715,8.663,19.066,45.3726,2.3253,3.9227,12.0,,,,,,,
FEF,HDI FİBA EMEKLİLİK VE HAYAT A.Ş. TACİRLER PORTFÖY DEĞİŞKEN EMEKLİLİK YATIRIM FON,TEFAS,EMK,Değişken Fon,6.0,0.324629,57.4,1.1148,5.3052,24.3581,44.903,2.8671,7.9298,33.0,,,,,,,
FEN,HDI FİBA EMEKLİLİK VE HAYAT A.Ş. STANDART EMEKLİLİK YATIRIM FONU,TEFAS,EMK,Standart Fon,4.0,0.069186,53.1,-1.7439,-0.963,12.1311,29.3871,90.106,2.3619,18.0,,,,,,,
FEO,HDI FİBA EMEKLİLİK VE HAYAT A.Ş. İSTANBUL PORTFÖY DİNAMİK DEĞİŞKEN EMEKLİLİK YAT,TEFAS,EMK,Değişken Fon,4.0,0.263512,56.7,0.7053,5.6717,18.7785,40.1276,3.0455,9.2003,18.0,,,,,,,
FES,HDI FİBA EMEKLİLİK VE HAYAT A.Ş. TEMKİNLİ DEĞİŞKEN EMEKLİLİK YATIRIM FONU,TEFAS,EMK,Değişken Fon,4.0,0.120398,56.7,1.1933,4.4823,16.9143,40.592,2.1712,4.1494,18.0,,,,,,,
FFC,HDI FİBA EMEKLİLİK VE HAYAT A.Ş. TEKNOLOJİ SEKTÖRÜ DEĞİŞKEN EMEKLİLİK YATIRIM FO,TEFAS,EMK,Değişken Fon,6.0,0.101355,70.4,11.3181,24.5452,45.0401,87.5186,5.4329,,33.0,,,,,,,
FFZ,HDI FİBA EMEKLİLİK VE HAYAT A.Ş. INVEO PORTFÖY FON SEPETİ EMEKLİLİK YATIRIM FONU,TEFAS,EMK,Fon Sepeti Fonu,4.0,0.085694,57.5,1.4496,1.5663,18.1128,50.2888,4.8402,,18.0,,,,,,,
FGF,HDI FİBA EMEKLİLİK VE HAYAT A.Ş. OKS STANDART EMEKLİLİK YATIRIM FONU,TEFAS,EMK,OKS Standart Fon,3.0,0.080311,54.0,-0.6168,-0.048,13.2292,31.8411,155.4328,3.5331,12.0,,,,,,,
FGH,HDI FİBA EMEKLİLİK VE HAYAT A.Ş. OKS KATILIM STANDART EMEKLİLİK YATIRIM FONU,TEFAS,EMK,OKS Katılım Standart Fon,3.0,0.104752,57.1,2.6759,7.1454,19.9435,35.958,155.4492,4.5237,12.0,,,,,,,
FIC,HDI FİBA EMEKLİLİK VE HAYAT A.Ş. OKS AGRESİF DEĞİŞKEN EMEKLİLİK YATIRIM FONU,TEFAS,EMK,Değişken Fon,5.0,0.173068,53.6,0.1105,-3.5772,25.5692,32.277,3.3616,13.4306,25.0,,,,,,,
FIF,HDI FİBA EMEKLİLİK VE HAYAT A.Ş. İSTANBUL PORTFÖY DEĞİŞKEN EMEKLİLİK YATIRIM FON,TEFAS,EMK,Değişken Fon,5.0,0.190382,53.7,-3.3955,9.4423,25.2836,22.2449,3.4111,10.5258,25.0,,,,,,,
FIG,HDI FİBA EMEKLİLİK VE HAYAT A.Ş. OKS DENGELİ DEĞİŞKEN EMEKLİLİK YATIRIM FONU,TEFAS,EMK,Değişken Fon,3.0,0.168178,57.1,-1.3877,4.0368,24.0316,50.5746,2.9265,7.9515,12.0,,,,,,,
FIH,HDI FİBA EMEKLİLİK VE HAYAT A.Ş. OKS ATAK DEĞİŞKEN EMEKLİLİK YATIRIM FONU,TEFAS,EMK,Değişken Fon,4.0,0.158699,55.7,-1.4996,-0.8902,20.5494,47.8157,3.5527,9.237,18.0,,,,,,,
FIK,HDI FİBA EMEKLİLİK VE HAYAT A.Ş. FON SEPETİ EMEKLİLİK YATIRIM FONU,TEFAS,EMK,Fon Sepeti Fonu,3.0,0.138738,55.4,-3.6701,-0.5904,26.9066,50.9033,3.0499,8.8688,12.0,,,,,,,
FIM,HDI FİBA EMEKLİLİK VE HAYAT A.Ş. KATILIM DEĞİŞKEN EMEKLİLİK YATIRIM FONU,TEFAS,EMK,Değişken Fon,4.0,0.168013,57.8,1.5914,6.5525,19.9214,44.4619,2.2883,6.5591,18.0,,,,,,,
FIR,HDI FİBA EMEKLİLİK VE HAYAT A.Ş. OSMANLI PORTFÖY DEĞİŞKEN EMEKLİLİK YATIRIM FONU,TEFAS,EMK,Değişken Fon,4.0,0.280503,56.6,-0.1478,-1.5983,19.6224,51.9471,3.3719,9.437,18.0,,,,,,,
FIS,HDI FİBA EMEKLİLİK VE HAYAT A.Ş. KATILIM STANDART EMEKLİLİK YATIRIM FONU,TEFAS,EMK,Katılım Standart Fon,3.0,0.10823,58.3,3.414,8.6953,19.9536,40.9733,161.2818,4.3501,12.0,,,,,,,
FIU,HDI FİBA EMEKLİLİK VE HAYAT A.Ş. OKS AGRESİF KATILIM DEĞİŞKEN EMEKLİLİK YATIRIM ,TEFAS,EMK,Değişken Fon,5.0,0.229078,63.0,5.9651,14.3648,34.7068,60.6705,3.0862,9.0087,25.0,,,,,,,
FIV,HDI FİBA EMEKLİLİK VE HAYAT A.Ş. OKS ATAK KATILIM DEĞİŞKEN EMEKLİLİK YATIRIM FON,TEFAS,EMK,Değişken Fon,7.0,0.182987,62.3,5.3251,13.3475,31.9153,58.6492,2.9482,7.4536,42.0,,,,,,,
FIZ,HDI FİBA EMEKLİLİK VE HAYAT A.Ş. OKS MUHAFAZAKAR DEĞİŞKEN EMEKLİLİK YATIRIM FONU,TEFAS,EMK,Değişken Fon,3.0,0.102353,57.8,1.4509,6.027,18.8874,45.5211,2.9596,5.094,12.0,,,,,,,
FJG,HDI FİBA EMEKLİLİK VE HAYAT A.Ş.  RE-PIE PORTFÖY DEĞİŞKEN EMEKLİLİK YATIRIM FONU,TEFAS,EMK,Değişken Fon,3.0,0.142866,60.2,6.5348,5.6722,26.4562,51.4198,3.6424,,12.0,,,,,,,
FOA,ALLIANZ YAŞAM VE EMEKLİLİK A.Ş. AZİMUT FON SEPETİ EMEKLİLİK YATIRIM FONU,TEFAS,EMK,Fon Sepeti Fonu,4.0,0.01606,52.5,2.0304,6.4488,25.3533,,,,18.0,,,,,,,
FVI,HDI FİBA EMEKLİLİK VE HAYAT A.Ş ESG SÜRDÜRÜLEBİLİRLİK FON SEPETİ EMEKLİLİK YATIR,TEFAS,EMK,Fon Sepeti Fonu,6.0,0.029568,57.6,1.7614,5.3913,25.5156,44.2127,181.9721,,33.0,,,,,,,
FYN,AGESA HAYAT VE EMEKLİLİK A.Ş. KATILIM STANDART EMEKLİLİK YATIRIM FONU,TEFAS,EMK,Katılım Standart Fon,3.0,0.173338,59.4,1.9368,8.6039,24.9966,52.4083,2.5948,6.5537,12.0,,,,,,,
FYU,ALLIANZ YAŞAM VE EMEKLİLİK A.Ş. KATILIM STANDART EMEKLİLİK YATIRIM FONU,TEFAS,EMK,Katılım Standart Fon,3.0,0.146712,59.1,2.1264,9.1325,24.7284,48.8871,2.3859,6.0705,12.0,,,,,,,
GCK,GARANTİ EMEKLİLİK VE HAYAT A.Ş. OKS KATILIM STANDART EMEKLİLİK YATIRIM FONU,TEFAS,EMK,OKS Katılım Standart Fon,3.0,0.113093,58.2,2.4366,7.4735,22.1329,44.1075,193.9479,5.1095,12.0,,,,,,,
GCN,GARANTİ EMEKLİLİK VE HAYAT A.Ş. YENİ TEKNOLOJİLER HİSSE SENEDİ EMEKLİLİK YATIRIM,TEFAS,EMK,Hisse Senedi Fonu,5.0,0.064842,68.2,9.4312,24.4756,44.0632,76.0706,4.3617,,25.0,,,,,,,
GCS,GARANTİ EMEKLİLİK VE HAYAT A.Ş. OKS STANDART EMEKLİLİK YATIRIM FONU,TEFAS,EMK,OKS Standart Fon,4.0,0.11537,55.2,-0.3041,0.8286,17.8139,38.1438,2.0729,5.5194,18.0,,,,,,,
GCT,GARANTİ EMEKLİLİK VE HAYAT A.Ş. BİRİNCİ FON SEPETİ EMEKLİLİK YATIRIM FONU,TEFAS,EMK,Fon Sepeti Fonu,4.0,0.078155,59.5,2.7964,7.7602,22.041,52.4572,3.6439,,18.0,,,,,,,
GCY,GARANTİ EMEKLİLİK VE HAYAT A.Ş. KARMA EMEKLİLİK YATIRIM FONU,TEFAS,EMK,Karma Fon,6.0,0.05567,56.1,2.4984,-0.1545,15.9373,39.6617,2.8008,,33.0,,,,,,,
GEA,GARANTİ EMEKLİLİK VE HAYAT A.Ş. KATILIM HİSSE SENEDİ EMEKLİLİK YATIRIM FONU,TEFAS,EMK,Hisse Senedi Fonu,5.0,0.272337,62.0,3.0563,11.532,36.1335,64.7908,2.6675,8.8241,25.0,,,,,,,
GED,GARANTİ EMEKLİLİK VE HAYAT A.Ş. TEMETTÜ ÖDEYEN ŞİRKETLER HİSSE SENEDİ EMEKLİLİK ,TEFAS,EMK,Hisse Senedi Fonu,6.0,0.208035,57.7,-1.4112,1.9031,33.1396,58.7403,187.755,3.4849,33.0,,,,,,,
GEH,GARANTİ EMEKLİLİK VE HAYAT A.Ş. HİSSE SENEDİ EMEKLİLİK YATIRIM FONU,TEFAS,EMK,Hisse Senedi Fonu,6.0,2.653295,54.3,-3.147,-1.2037,25.8568,41.7258,3.0279,15.2179,33.0,,,,,,,
GEK,GARANTİ EMEKLİLİK VE HAYAT A.Ş. BORÇLANMA ARAÇLARI EMEKLİLİK YATIRIM FONU,TEFAS,EMK,Borçlanma Araçları Fonu,3.0,0.448395,53.8,-1.2703,-1.0623,10.9759,33.488,186.3226,3.8679,12.0,,,,,,,
GES,GARANTİ EMEKLİLİK VE HAYAT A.Ş. KATILIM STANDART EMEKLİLİK YATIRIM FONU,TEFAS,EMK,Katılım Standart Fon,3.0,0.161416,58.8,2.29,8.5227,25.4986,47.4187,2.0161,5.54,12.0,,,,,,,
GEU,GARANTİ EMEKLİLİK VE HAYAT A.Ş. DEĞİŞKEN EMEKLİLİK YATIRIM FONU,TEFAS,EMK,Değişken Fon,5.0,0.578427,55.9,2.1168,6.1467,12.5988,29.7318,197.4267,5.4483,25.0,,,,,,,
GEV,AGESA HAYAT VE EMEKLİLİK A.Ş. ALTIN KATILIM EMEKLİLİK YATIRIM FONU,TEFAS,EMK,Altın Katılım Fonu,6.0,0.07283,55.2,-1.2103,-9.8579,15.1636,56.465,4.7143,,33.0,,,,,,,
GFH,AGESA HAYAT VE EMEKLİLİK A.Ş. SÜRDÜRÜLEBİLİRLİK HİSSE SENEDİ EMEKLİLİK YATIRIM F,TEFAS,EMK,Hisse Senedi Fonu,6.0,0.071623,55.6,-1.776,1.9477,23.2145,43.289,2.554,,33.0,,,,,,,
GGJ,GARANTİ EMEKLİLİK VE HAYAT A.Ş. GÜMÜŞ FON SEPETİ EMEKLİLİK YATIRIM FONU,TEFAS,EMK,Fon Sepeti Fonu,7.0,0.013327,48.0,1.6551,-10.7646,54.4766,,,,42.0,,,,,,,
GHA,GARANTİ EMEKLİLİK VE HAYAT A.Ş. ALTIN KATILIM EMEKLİLİK YATIRIM FONU,TEFAS,EMK,Altın Katılım Fonu,6.0,0.756157,54.3,-1.7494,-10.5851,12.7619,52.6736,4.0939,12.3948,33.0,,,,,,,
GHD,GARANTİ EMEKLİLİK VE HAYAT A.Ş. STANDART EMEKLİLİK YATIRIM FONU,TEFAS,EMK,Standart Fon,4.0,0.149623,55.0,-0.8828,0.2396,18.6832,39.6215,2.1105,5.2788,18.0,,,,,,,
GHE,GARANTİ EMEKLİLİK VE HAYAT A.Ş. DİNAMİK DEĞİŞKEN EMEKLİLİK YATIRIM FONU,TEFAS,EMK,Değişken Fon,5.0,1.107551,55.5,-1.0983,2.0077,27.2511,41.066,2.8482,10.2307,25.0,,,,,,,
GHG,GARANTİ EMEKLİLİK VE HAYAT A.Ş. DIŞ BORÇLANMA ARAÇLARI EMEKLİLİK YATIRIM FONU,TEFAS,EMK,Dış Borçlanma Araçları Fonu,5.0,1.212119,54.5,0.677,2.5309,8.7822,28.6323,2.2399,6.082,25.0,,,,,,,
GHH,GARANTİ EMEKLİLİK VE HAYAT A.Ş. SÜRDÜRÜLEBİLİRLİK HİSSE SENEDİ EMEKLİLİK YATIRIM,TEFAS,EMK,Hisse Senedi Fonu,6.0,0.394308,59.6,1.8451,6.9668,26.7972,56.7694,3.0667,12.3217,33.0,,,,,,,
GHJ,GARANTİ EMEKLİLİK VE HAYAT A.Ş. OKS AGRESİF DEĞİŞKEN EMEKLİLİK YATIRIM FONU,TEFAS,EMK,Değişken Fon,6.0,0.258289,57.0,-1.6109,2.7631,30.6025,52.1911,3.4434,16.9132,33.0,,,,,,,
GHM,GARANTİ EMEKLİLİK VE HAYAT A.Ş. OKS DİNAMİK DEĞİŞKEN EMEKLİLİK YATIRIM FONU,TEFAS,EMK,Değişken Fon,6.0,0.225258,56.9,-0.7876,3.1356,27.2906,49.0748,3.3267,12.6799,33.0,,,,,,,
GHN,GARANTİ EMEKLİLİK VE HAYAT A.Ş. OKS DENGELİ DEĞİŞKEN EMEKLİLİK YATIRIM FONU,TEFAS,EMK,Değişken Fon,4.0,0.20808,57.4,-0.1742,3.7057,23.9082,50.568,3.5131,11.1129,18.0,,,,,,,
GHO,GARANTİ EMEKLİLİK VE HAYAT A.Ş. ÜÇÜNCÜ DEĞİŞKEN EMEKLİLİK YATIRIM FONU,TEFAS,EMK,Değişken Fon,6.0,0.395349,61.1,5.5307,9.514,21.511,54.8474,3.367,8.6349,33.0,,,,,,,
GHP,GARANTİ EMEKLİLİK VE HAYAT A.Ş. OKS TEMKİNLİ DEĞİŞKEN EMEKLİLİK YATIRIM FONU,TEFAS,EMK,Değişken Fon,2.0,0.146404,58.1,1.6359,6.5381,19.7568,47.205,3.3509,6.329,7.0,,,,,,,
GHT,GARANTİ EMEKLİLİK VE HAYAT A.Ş. DENGELİ DEĞİŞKEN EMEKLİLİK YATIRIM FONU,TEFAS,EMK,Değişken Fon,4.0,0.125901,52.8,-2.2333,-1.7739,11.5298,29.3444,2.4347,3.7353,18.0,,,,,,,
GHU,GARANTİ EMEKLİLİK VE HAYAT A.Ş. OKS AGRESİF KATILIM DEĞİŞKEN EMEKLİLİK YATIRIM F,TEFAS,EMK,Değişken Fon,6.0,0.293334,66.1,7.5235,18.3237,50.0231,74.1681,3.5712,13.991,33.0,,,,,,,
GHV,GARANTİ EMEKLİLİK VE HAYAT A.Ş. OKS DENGELİ KATILIM DEĞİŞKEN EMEKLİLİK YATIRIM F,TEFAS,EMK,Değişken Fon,3.0,0.094096,58.7,2.8709,8.9629,19.2495,44.8499,178.7191,3.8853,12.0,,,,,,,
GHY,GARANTİ EMEKLİLİK VE HAYAT A.Ş. OKS DİNAMİK KATILIM DEĞİŞKEN EMEKLİLİK YATIRIM F,TEFAS,EMK,Değişken Fon,5.0,0.242577,63.6,6.2236,14.0813,38.0071,65.2212,3.2007,11.8184,25.0,,,,,,,
GHZ,GARANTİ EMEKLİLİK VE HAYAT A.Ş. OKS TEMKİNLİ KATILIM DEĞİŞKEN EMEKLİLİK YATIRIM ,TEFAS,EMK,Değişken Fon,2.0,0.079764,58.7,2.8385,8.9403,18.976,44.5169,187.7714,3.3851,7.0,,,,,,,
GKB,GARANTİ EMEKLİLİK VE HAYAT A.Ş. KİRA SERTİFİKALARI KATILIM EMEKLİLİK YATIRIM FON,TEFAS,EMK,Kira Sertifikasi Katılım Fonu,2.0,0.199556,57.1,2.4044,6.6601,15.3322,37.4347,2.0056,3.3667,7.0,,,,,,,
GMF,ANADOLU HAYAT EMEKLİLİK A.Ş. GÜMÜŞ FON SEPETİ EMEKLİLİK YATIRIM FONU,TEFAS,EMK,Fon Sepeti Fonu,6.0,0.022179,67.2,1.6901,-13.6421,50.1941,145.0789,,,33.0,,,,,,,
GRA,HDI FİBA EMEKLİLİK VE HAYAT A.Ş. ALTIN EMEKLİLİK YATIRIM FONU,TEFAS,EMK,Altın Fonu,6.0,0.722382,54.9,-1.4453,-9.6158,14.6133,54.5834,3.9934,12.1752,33.0,,,,,,,
HEA,AXA HAYAT VE EMEKLİLİK A.Ş. ALTIN KATILIM EMEKLİLİK YATIRIM FONU,TEFAS,EMK,Altın Katılım Fonu,6.0,0.623825,53.9,-2.105,-11.398,10.6554,51.4885,3.9114,11.8911,33.0,,,,,,,
HEB,AXA HAYAT VE EMEKLİLİK A.Ş. DEĞİŞKEN EMEKLİLİK YATIRIM FONU,TEFAS,EMK,Değişken Fon,4.0,0.173654,55.6,-1.3429,1.6531,18.0968,43.2526,181.9161,4.9672,18.0,,,,,,,
HEC,AXA HAYAT VE EMEKLİLİK A.Ş. OKS STANDART EMEKLİLİK YATIRIM FONU,TEFAS,EMK,OKS Standart Fon,4.0,0.104236,55.6,-0.3993,2.0128,17.4984,39.6975,2.1644,5.4165,18.0,,,,,,,
HED,AXA HAYAT VE EMEKLİLİK A.Ş. KAMU DIŞ BORÇLANMA ARAÇLARI EMEKLİLİK YATIRIM FONU,TEFAS,EMK,Kamu Yabancı Para (Döviz) Cinsinden Borçlanma Araç,6.0,0.354896,54.5,0.6885,1.9313,8.9817,29.4304,2.3482,6.3005,33.0,,,,,,,
HEE,AXA HAYAT VE EMEKLİLİK A.Ş. KATILIM DEĞİŞKEN EMEKLİLİK YATIRIM FONU,TEFAS,EMK,Değişken Fon,3.0,0.146805,58.4,1.4659,8.2374,25.2812,46.8112,162.2459,3.7505,12.0,,,,,,,
HEI,AXA HAYAT VE EMEKLİLİK A.Ş. OKS KATILIM STANDART EMEKLİLİK YATIRIM FONU,TEFAS,EMK,OKS Katılım Standart Fon,3.0,0.103501,58.0,1.8249,7.3895,23.4347,44.2478,184.9934,4.6331,12.0,,,,,,,
HEK,AXA HAYAT VE EMEKLİLİK A.Ş. STANDART EMEKLİLİK YATIRIM FONU,TEFAS,EMK,Standart Fon,4.0,0.136546,55.5,-1.0809,1.7308,18.8987,41.1074,2.1222,4.9701,18.0,,,,,,,
HES,AXA HAYAT VE EMEKLİLİK A.Ş. HİSSE SENEDİ EMEKLİLİK YATIRIM FONU,TEFAS,EMK,Hisse Senedi Fonu,6.0,0.664752,53.5,-3.4436,-2.3929,19.8394,38.6879,4.0641,20.3304,33.0,,,,,,,
HFS,ALLIANZ HAYAT VE EMEKLİLİK A.Ş. HSBC FON SEPETİ EMEKLİLİK YATIRIM FONU,TEFAS,EMK,Fon Sepeti Fonu,5.0,0.013743,52.4,2.3394,5.5071,27.0217,,,,25.0,,,,,,,
HHB,TÜRKİYE HAYAT VE EMEKLİLİK A.Ş. BIST-30 DIŞI ŞİRKETLER HİSSE SENEDİ EMEKLİLİK YA,TEFAS,EMK,Hisse Senedi Fonu,6.0,0.243271,54.1,-0.4969,-0.6445,17.4967,32.6801,2.2648,9.7659,33.0,,,,,,,
HHM,TÜRKİYE HAYAT VE EMEKLİLİK A.Ş. TEKNOLOJİ SEKTÖRÜ KATILIM EMEKLİLİK YATIRIM FONU,TEFAS,EMK,Katılım Fonu,6.0,0.414076,62.4,7.9543,13.6094,39.1542,52.9558,2.7566,10.0267,33.0,,,,,,,
HHY,TÜRKİYE HAYAT VE EMEKLİLİK A.Ş. KARMA EMEKLİLİK YATIRIM FONU,TEFAS,EMK,Karma Fon,5.0,0.131376,57.8,-0.0999,-0.4256,12.9401,59.0277,3.0341,6.3283,25.0,,,,,,,
HS1,ANADOLU HAYAT EMEKLİLİK A.Ş. BORÇLANMA ARAÇLARI EMEKLİLİK YATIRIM FONU,TEFAS,EMK,Borçlanma Araçları Fonu,3.0,0.269233,54.4,-0.9394,0.8452,13.1367,33.8507,157.2973,3.6071,12.0,,,,,,,
HSR,ALLİANZ YAŞAM VE EMEKLİLİK A.Ş. HİSSE SENEDİ EMEKLİLİK YATIRIM FONU,TEFAS,EMK,Hisse Senedi Fonu,6.0,0.011123,47.9,-3.6072,-2.4162,20.9423,,,,33.0,,,,,,,
IEA,ZURICH YAŞAM VE EMEKLİLİK A.Ş. DEĞİŞKEN EMEKLİLİK YATIRIM FONU,TEFAS,EMK,Değişken Fon,5.0,0.542924,55.0,1.2546,3.222,10.4177,29.2983,2.06,5.1888,25.0,,,,,,,
IEB,ZURICH YAŞAM VE EMEKLİLİK A.Ş. STANDART EMEKLİLİK YATIRIM FONU,TEFAS,EMK,Standart Fon,4.0,0.323873,53.6,-1.3715,-0.638,16.8896,31.2402,199.4106,4.8298,18.0,,,,,,,
IEE,ZURICH YAŞAM VE EMEKLİLİK A.Ş. DENGELİ DEĞİŞKEN EMEKLİLİK YATIRIM FONU,TEFAS,EMK,Değişken Fon,5.0,0.786167,54.7,-1.8213,-0.7918,20.9603,40.9198,2.9117,7.8053,25.0,,,,,,,
IEF,ZURICH YAŞAM VE EMEKLİLİK A.Ş. DİNAMİK DEĞİŞKEN EMEKLİLİK YATIRIM FONU,TEFAS,EMK,Değişken Fon,6.0,0.516162,53.7,-3.3113,-3.3828,20.3493,41.015,2.9141,9.3975,33.0,,,,,,,
IEG,ZURICH YAŞAM VE EMEKLİLİK A.Ş. BORÇLANMA ARAÇLARI EMEKLİLİK YATIRIM FONU,TEFAS,EMK,Borçlanma Araçları Fonu,3.0,0.317464,54.0,-0.8387,-0.3739,14.886,32.7166,146.2528,2.8852,12.0,,,,,,,
IEH,ZURICH YAŞAM VE EMEKLİLİK A.Ş. HİSSE SENEDİ EMEKLİLİK YATIRIM FONU,TEFAS,EMK,Hisse Senedi Fonu,6.0,2.176103,50.5,-5.9467,-7.9053,20.8736,30.5899,2.9145,13.8865,33.0,,,,,,,
IEK,ZURICH YAŞAM VE EMEKLİLİK A.Ş. KARMA EMEKLİLİK YATIRIM FONU,TEFAS,EMK,Karma Fon,4.0,0.936424,56.4,-0.5426,2.5717,21.6837,45.7725,188.664,5.4223,18.0,,,,,,,
KEB,KATILIM EMEKLİLİK VE HAYAT A.Ş. KATILIM STANDART EMEKLİLİK YATIRIM FONU,TEFAS,EMK,Katılım Standart Fon,3.0,0.154399,59.4,1.8659,10.0642,27.0917,50.3884,195.7838,5.1601,12.0,,,,,,,
KED,KATILIM EMEKLİLİK VE HAYAT A.Ş. GENÇLERE YÖNELIK ATAK KATILIM DEĞİŞKEN EMEKLİLİK,TEFAS,EMK,Katılım Değişken Fon,4.0,0.176416,59.8,0.9559,8.7862,33.7201,57.8367,3.2283,9.6898,18.0,,,,,,,
KEF,KATILIM EMEKLİLİK VE HAYAT A.Ş. ALTIN KATILIM EMEKLİLİK YATIRIM FONU,TEFAS,EMK,Altın Katılım Fonu,6.0,0.711946,55.2,-1.3918,-10.1638,14.8791,57.4184,4.2121,12.5142,33.0,,,,,,,
KEG,KATILIM EMEKLİLİK VE HAYAT A.Ş. DENGELİ KATILIM DEĞİŞKEN EMEKLİLİK YATIRIM FONU,TEFAS,EMK,Değişken Fon,4.0,0.261909,56.4,1.7258,3.9843,19.4644,37.6687,2.5136,7.1963,18.0,,,,,,,
KEH,KATILIM EMEKLİLİK VE HAYAT A.Ş. KATILIM HİSSE SENEDİ EMEKLİLİK YATIRIM FONU,TEFAS,EMK,Hisse Senedi Fonu,5.0,0.543013,64.1,4.2994,16.9078,46.791,69.7609,2.9873,10.3046,25.0,,,,,,,
KES,KATILIM EMEKLİLİK VE HAYAT A.Ş. AGRESİF KATILIM DEĞİŞKEN (DÖVİZ) EMEKLİLİK YATIR,TEFAS,EMK,Değişken Fon,5.0,0.21366,54.2,1.533,3.7438,8.2426,22.232,184.1819,5.2098,25.0,,,,,,,
KET,KATILIM EMEKLİLİK VE HAYAT A.Ş. OKS ATAK KATILIM DEĞİŞKEN EMEKLİLİK YATIRIM FONU,TEFAS,EMK,Değişken Fon,4.0,0.298663,61.1,1.6466,11.6956,33.5326,61.7678,3.3669,10.4047,18.0,,,,,,,
KEZ,KATILIM EMEKLİLİK VE HAYAT A.Ş. OKS AGRESİF KATILIM DEĞİŞKEN EMEKLİLİK YATIRIM F,TEFAS,EMK,Değişken Fon,5.0,0.501745,63.3,4.3234,15.1662,43.3586,65.8362,4.1871,14.1082,25.0,,,,,,,
KFE,KATILIM EMEKLİLİK VE HAYAT A.Ş. KUVEYT TÜRK KATILIM FON SEPETİ EMEKLİLİK YATIRIM,TEFAS,EMK,Fon Sepeti Fonu,4.0,0.01678,59.3,2.5118,7.5982,26.0353,52.0684,,,18.0,,,,,,,
KGC,KATILIM EMEKLİLİK VE HAYAT A.Ş. GÜMÜŞ KATILIM EMEKLİLİK YATIRIM FONU,TEFAS,EMK,Katılım Fonu,6.0,0.015706,47.9,0.1704,-8.8531,59.6688,,,,33.0,,,,,,,
KHL,ANADOLU HAYAT EMEKLİLİK A.Ş. KATILIM HİSSE SENEDİ EMEKLİLİK YATIRIM FONU,TEFAS,EMK,Katılım Hisse Senedi Fonu,6.0,0.010311,51.3,1.8775,,,,,,33.0,,,,,,,
KJM,KATILIM EMEKLİLİK VE HAYAT A.Ş. KIYMETLİ MADENLER KATILIM EMEKLİLİK YATIRIM FONU,TEFAS,EMK,Katılım Fonu,6.0,0.125561,61.4,-0.2264,-10.0416,35.4318,101.1446,4.7562,,33.0,,,,,,,
KKS,KATILIM EMEKLİLİK VE HAYAT A.Ş. KİRA SERTİFİKALARI KATILIM EMEKLİLİK YATIRIM FON,TEFAS,EMK,Kira Sertifikasi Katılım Fonu,4.0,0.058202,59.0,3.018,10.0065,19.6463,44.7504,161.4048,2.776,18.0,,,,,,,
KKV,KATILIM EMEKLİLİK VE HAYAT A.Ş. KISA VADELİ KİRA SERTİFİKALARI KATILIM EMEKLİLİK,TEFAS,EMK,Kira Sertifikasi Katılım Fonu,2.0,0.025412,58.5,2.7528,8.4351,18.6118,44.1743,,,7.0,,,,,,,
KLT,KATILIM EMEKLİLİK VE HAYAT A.Ş. TEMETTÜ ÖDEYEN ŞİRKETLER KATILIM HİSSE SENEDİ EM,TEFAS,EMK,Hisse Senedi Fonu,6.0,0.031088,59.6,3.0465,12.8213,33.0897,44.7857,2.7632,,33.0,,,,,,,
KML,AGESA HAYAT VE EMEKLİLİK A.Ş. KIYMETLİ MADENLER EMEKLİLİK YATIRIM FONU,TEFAS,EMK,Kıymetli Madenler,5.0,0.018717,61.6,2.7455,-8.9733,35.4113,93.7561,,,25.0,,,,,,,
KMP,HDI FİBA EMEKLİLİK VE HAYAT A.Ş. KIYMETLİ MADENLER EMEKLİLİK YATIRIM FONU,TEFAS,EMK,Kıymetli Madenler,6.0,0.009324,50.0,0.0,,,,,,33.0,,,,,,,
KOA,ALLIANZ YAŞAM VE EMEKLİLİK A.Ş. OKS STANDART EMEKLİLİK YATIRIM FONU,TEFAS,EMK,OKS Standart Fon,4.0,0.110038,55.6,-0.5406,2.1842,17.5995,39.7181,2.1439,5.4942,18.0,,,,,,,
KOS,ALLIANZ YAŞAM VE EMEKLİLİK A.Ş. OKS KATILIM STANDART EMEKLİLİK YATIRIM FONU,TEFAS,EMK,OKS Katılım Standart Fon,3.0,0.101591,57.6,1.4105,7.1108,22.4712,42.7562,185.5594,4.5585,12.0,,,,,,,
KRM,TÜRKİYE HAYAT VE EMEKLİLİK A.Ş. KATILIM KARMA EMEKLİLİK YATIRIM FONU,TEFAS,EMK,Karma Fon,3.0,0.022581,62.2,5.1044,13.6804,29.5345,57.9375,,,12.0,,,,,,,
KRU,ANADOLU HAYAT EMEKLİLİK A.Ş. KİRA SERTİFİKALARI KATILIM EMEKLİLİK YATIRIM FONU,TEFAS,EMK,Kira Sertifikasi Katılım Fonu,2.0,0.012101,52.1,3.2019,,,,,,7.0,,,,,,,
KSH,KATILIM EMEKLİLİK VE HAYAT A.Ş. TEKNOLOJİ SEKTÖRÜ KATILIM EMEKLİLİK YATIRIM FONU,TEFAS,EMK,Katılım Fonu,5.0,0.013944,65.9,8.1763,22.9539,45.3022,64.5966,,,25.0,,,,,,,
KSU,KATILIM EMEKLİLİK VE HAYAT A.Ş. SÜRDÜRÜLEBİLİRLİK KATILIM EMEKLİLİK YATIRIM FONU,TEFAS,EMK,Katılım Fonu,5.0,0.019588,61.1,4.1756,12.5952,32.2295,54.2125,,,25.0,,,,,,,
KTZ,KATILIM EMEKLİLİK VE HAYAT A.Ş. OKS KATILIM STANDART EMEKLİLİK YATIRIM FONU,TEFAS,EMK,OKS Katılım Standart Fon,4.0,0.100868,56.8,2.1305,6.2974,18.9159,36.4401,179.01,4.3783,18.0,,,,,,,
MDD,ANADOLU HAYAT EMEKLİLİK A.Ş.MERKEZİ ALACAĞIN DEVRİ DENGELİ DEĞİŞKEN EMEKLİLİK YA,TEFAS,EMK,Merkezi Alacağın Devri Fonu,3.0,0.018817,55.6,-0.6513,1.47,21.0961,41.6567,,,12.0,,,,,,,
MDE,TÜRKİYE HAYAT VE EMEKLİLİK A.Ş. MERKEZİ ALACAĞIN DEVRİ TEMKİNLİ DEĞİŞKEN EMEKLİL,TEFAS,EMK,Merkezi Alacağın Devri Fonu,3.0,0.01689,56.2,-0.4595,3.4901,16.3001,42.0492,,,12.0,,,,,,,
MDK,ANADOLU HAYAT EMEKLİLİK A.Ş. MERKEZİ ALACAĞIN DEVRİ MUHAFAZAKAR KATILIM DEĞİŞKEN,TEFAS,EMK,Merkezi Alacağın Devri Fonu,2.0,0.01835,59.0,2.7825,9.612,19.7195,46.1823,,,7.0,,,,,,,
MEA,METLİFE EMEKLİLİK VE HAYAT A.Ş. ALTIN KATILIM EMEKLİLİK YATIRIM FONU,TEFAS,EMK,Altın Katılım Fonu,6.0,0.226783,55.5,-0.9923,-9.1342,15.556,57.4885,4.3188,12.7677,33.0,,,,,,,
MEB,METLİFE EMEKLİLİK VE HAYAT A.Ş. BORÇLANMA ARAÇLARI EMEKLİLİK YATIRIM FONU,TEFAS,EMK,Borçlanma Araçları Fonu,4.0,0.012833,49.5,-1.0513,-0.2515,10.4525,,,,18.0,,,,,,,
MEV,METLİFE EMEKLİLİK VE HAYAT A.Ş.TEKNOLOJİ FON SEPETİ EMEKLİLİK YATIRIM FONU,TEFAS,EMK,Fon Sepeti Fonu,6.0,0.029045,69.4,10.8961,28.1446,47.8318,75.8204,,,33.0,,,,,,,
MEY,METLİFE EMEKLİLİK VE HAYAT A.Ş. SÜRDÜRÜLEBİLİRLİK FON SEPETİ EMEKLİLİK YATIRIM F,TEFAS,EMK,Fon Sepeti Fonu,5.0,0.026594,56.8,0.6014,3.2607,21.8788,44.9096,,,25.0,,,,,,,
MHD,METLİFE EMEKLİLİK VE HAYAT A.Ş. KAMU DIŞ BORÇLANMA ARAÇLARI (ABD DOLARI 0-5 YIL ,TEFAS,EMK,Kamu Yabancı Para (Döviz) Cinsinden Borçlanma Araç,6.0,0.421701,54.0,1.1798,3.2795,8.2539,22.342,190.424,5.6622,33.0,,,,,,,
MHE,METLİFE EMEKLİLİK VE HAYAT A.Ş. MUTLAK GETİRİ HEDEFLİ DEĞİŞKEN EMEKLİLİK YATIRIM,TEFAS,EMK,Değişken Fon,4.0,0.230215,53.8,0.6989,3.6404,16.6795,21.5104,197.1959,5.82,18.0,,,,,,,
MHH,METLİFE EMEKLİLİK VE HAYAT A.Ş. HİSSE SENEDİ EMEKLİLİK YATIRIM FONU,TEFAS,EMK,Hisse Senedi Fonu,6.0,0.522273,53.1,-3.8557,-3.6903,21.2178,38.489,2.8324,14.1718,33.0,,,,,,,
MHI,METLİFE EMEKLİLİK VE HAYAT A.Ş. OKS KATILIM STANDART EMEKLİLİK YATIRIM FONU,TEFAS,EMK,OKS Katılım Standart Fon,3.0,0.090146,58.5,2.4131,8.2356,22.794,45.2012,189.4234,4.6429,12.0,,,,,,,
MHK,METLİFE EMEKLİLİK VE HAYAT A.Ş. STANDART EMEKLİLİK YATIRIM FONU,TEFAS,EMK,Standart Fon,4.0,0.118437,53.4,-1.8175,-1.661,13.5595,32.2389,134.2565,3.7005,18.0,,,,,,,
MHM,METLİFE EMEKLİLİK VE HAYAT A.Ş. OKS TEMKİNLİ DEĞİŞKEN EMEKLİLİK YATIRIM FONU,TEFAS,EMK,Değişken Fon,2.0,0.154782,58.6,1.8336,7.5076,20.2104,48.369,4.2712,7.1932,7.0,,,,,,,
MHN,METLİFE EMEKLİLİK VE HAYAT A.Ş. OKS DENGELİ DEĞİŞKEN EMEKLİLİK YATIRIM FONU,TEFAS,EMK,Değişken Fon,4.0,0.14491,56.5,-0.8246,2.7693,22.8824,46.5643,3.3991,8.4781,18.0,,,,,,,
MHO,METLİFE EMEKLİLİK VE HAYAT A.Ş. OKS ATAK DEĞİŞKEN EMEKLİLİK YATIRIM FONU,TEFAS,EMK,Değişken Fon,5.0,0.173123,55.8,-1.6,0.9767,22.8695,45.7709,3.7375,11.3451,25.0,,,,,,,
MHR,METLİFE EMEKLİLİK VE HAYAT A.Ş. OKS AGRESİF DEĞİŞKEN EMEKLİLİK YATIRIM FONU,TEFAS,EMK,Değişken Fon,6.0,0.19565,54.2,-2.8486,-1.766,22.8033,41.0866,3.3615,13.7351,33.0,,,,,,,
MHS,METLİFE EMEKLİLİK VE HAYAT A.Ş. KATILIM STANDART EMEKLİLİK YATIRIM FONU,TEFAS,EMK,Katılım Standart Fon,3.0,0.153086,58.7,2.5499,9.1607,23.0977,45.3779,2.1869,5.7501,12.0,,,,,,,
MHU,METLİFE EMEKLİLİK VE HAYAT A.Ş. OKS ATAK KATILIM DEĞİŞKEN EMEKLİLİK YATIRIM FONU,TEFAS,EMK,Değişken Fon,5.0,0.175649,60.2,2.8546,10.7054,30.5321,52.9385,3.276,10.2317,25.0,,,,,,,
MHV,METLİFE EMEKLİLİK VE HAYAT A.Ş. OKS AGRESİF KATILIM DEĞİŞKEN EMEKLİLİK YATIRIM F,TEFAS,EMK,Değişken Fon,6.0,0.203021,60.6,2.9453,11.1846,32.7159,55.26,3.518,11.4018,33.0,,,,,,,
MHZ,METLİFE EMEKLİLİK VE HAYAT A.Ş. OKS STANDART EMEKLİLİK YATIRIM FONU,TEFAS,EMK,OKS Standart Fon,4.0,0.098945,54.0,-0.8819,-0.308,12.9549,32.3226,172.5225,4.8947,18.0,,,,,,,
MZL,AGESA HAYAT VE EMEKLİLİK A.Ş. İKİNCİ FON SEPETİ EMEKLİLİK YATIRIM FONU,TEFAS,EMK,Fon Sepeti Fonu,4.0,0.077091,56.6,-0.5271,0.9229,20.8318,49.1015,2.9554,5.9805,18.0,,,,,,,
MZN,AGESA HAYAT VE EMEKLİLİK A.Ş. BİRİNCİ FON SEPETİ EMEKLİLİK YATIRIM FONU,TEFAS,EMK,Fon Sepeti Fonu,4.0,0.069937,56.7,0.0015,1.5325,19.6552,47.8506,2.8626,5.211,18.0,,,,,,,
MZP,AGESA HAYAT VE EMEKLİLİK A.Ş. ÜÇÜNCÜ FON SEPETİ EMEKLİLİK YATIRIM FONU,TEFAS,EMK,Fon Sepeti Fonu,5.0,0.087229,56.3,-1.3361,0.3459,22.6027,50.1891,3.0495,7.1548,25.0,,,,,,,
NHA,ZURICH YAŞAM VE EMEKLİLİK A.Ş. ALTIN EMEKLİLİK YATIRIM FONU,TEFAS,EMK,Altın Fonu,6.0,0.444178,55.3,-1.3518,-9.613,15.1438,57.9157,4.2271,12.6784,33.0,,,,,,,
NHM,ZURICH YAŞAM VE EMEKLİLİK A.Ş. TEMKİNLİ DEĞİŞKEN EMEKLİLİK YATIRIM FONU,TEFAS,EMK,Değişken Fon,2.0,0.110637,59.4,4.6712,10.2389,22.3189,43.4755,2.5313,4.6078,7.0,,,,,,,
NHN,ZURICH YAŞAM VE EMEKLİLİK A.Ş. İKİNCİ DEĞİŞKEN EMEKLİLİK YATIRIM FONU,TEFAS,EMK,Değişken Fon,6.0,0.378521,60.6,4.1606,3.1815,24.223,64.294,5.2498,21.4266,33.0,,,,,,,
NZA,ALLIANZ YAŞAM VE EMEKLİLİK A.Ş. ALTIN KATILIM EMEKLİLİK YATIRIM FONU,TEFAS,EMK,Altın Katılım Fonu,6.0,0.010022,47.0,-1.2042,-10.1007,,,,,33.0,,,,,,,
RZM,AXA HAYAT VE EMEKLİLİK A.Ş. KATILIM STANDART EMEKLİLİK YATIRIM FONU,TEFAS,EMK,Katılım Standart Fon,3.0,0.048255,59.2,2.1384,9.2383,25.2288,49.7736,2.4245,,12.0,,,,,,,
RZN,AXA HAYAT VE EMEKLİLİK A.Ş. FON SEPETİ EMEKLİLİK YATIRIM FONU,TEFAS,EMK,Fon Sepeti Fonu,3.0,0.056532,56.1,-0.3405,2.3846,11.8596,43.3638,2.7048,,12.0,,,,,,,
SBA,AGESA HAYAT VE EMEKLİLİK A.Ş. SABANCI TOPLULUĞU ŞİRKETLERİ ENDEKSİ EMEKLİLİK YAT,TEFAS,EMK,Endeks Fon,5.0,0.01238,50.8,-6.5763,-6.4901,18.4582,32.0068,,,25.0,,,,,,,
SSH,HDI FİBA EMEKLİLİK VE HAYAT A.Ş. SANAYİ ŞİRKETLERİ HİSSE SENEDİ EMEKLİLİK YATIRI,TEFAS,EMK,Hisse Senedi Fonu,6.0,0.009022,50.0,0.0,,,,,,33.0,,,,,,,
TBJ,TÜRKİYE HAYAT VE EMEKLİLİK A.Ş. TEKNOLOJİ SEKTÖRÜ HİSSE SENEDİ EMEKLİLİK YATIRIM,TEFAS,EMK,Hisse Senedi Fonu,6.0,0.070258,65.2,9.3675,22.672,33.8108,56.8584,3.782,,33.0,,,,,,,
THE,TÜRKİYE HAYAT VE EMEKLİLİK A.Ş. TARIM VE GIDA FON SEPETİ EMEKLİLİK YATIRIM FONU,TEFAS,EMK,Fon Sepeti Fonu,6.0,0.013896,55.1,1.8301,5.0537,16.6125,25.8923,,,33.0,,,,,,,
THK,TÜRKİYE HAYAT VE EMEKLİLİK A.Ş. KİRA SERTİFİKALARI KATILIM EMEKLİLİK YATIRIM FON,TEFAS,EMK,Kira Sertifikasi Katılım Fonu,2.0,0.017333,59.5,3.196,10.1072,20.7751,47.8371,,,7.0,,,,,,,
TJY,TÜRKİYE HAYAT VE EMEKLİLİK A.Ş. ÜÇÜNCÜ YAŞAM DÖNGÜSÜ EMEKLİLİK YATIRIM FONU,TEFAS,EMK,Yaşam Döngüsü/Hedef Fon,2.0,0.055043,57.6,1.2131,5.2117,18.1728,45.979,3.1613,,7.0,,,,,,,
TML,TÜRKİYE HAYAT VE EMEKLİLİK A.Ş. BİRİNCİ YAŞAM DÖNGÜSÜ EMEKLİLİK YATIRIM FONU,TEFAS,EMK,Yaşam Döngüsü/Hedef Fon,5.0,0.047036,54.1,-4.0761,-3.9394,12.8237,47.0227,2.8764,,25.0,,,,,,,
TMN,TÜRKİYE HAYAT VE EMEKLİLİK A.Ş. MERKEZİ ALACAĞIN DEVRİ DENGELİ KATILIM DEĞİŞKEN ,TEFAS,EMK,Merkezi Alacağın Devri Fonu,5.0,0.02097,58.3,1.6017,7.767,20.5218,46.5833,,,25.0,,,,,,,
TNE,GARANTİ EMEKLİLİK VE HAYAT A.Ş. TEMİZ ENERJİ SEKTÖRÜ HİSSE SENEDİ EMEKLİLİK YATI,TEFAS,EMK,Hisse Senedi Fonu,6.0,0.009017,50.0,0.0,,,,,,33.0,,,,,,,
TSZ,AGESA HAYAT VE EMEKLİLİK A.Ş. TAŞINMAZ VE İNŞAAT SEKTÖRÜ DEĞİŞKEN EMEKLİLİK YATI,TEFAS,EMK,Değişken Fon,5.0,0.013888,55.2,-2.5519,1.8026,14.5299,42.9819,,,25.0,,,,,,,
TVC,AGESA HAYAT VE EMEKLİLİK A.Ş. TARIM VE GIDA SEKTÖRÜ DEĞİŞKEN EMEKLİLİK YATIRIM F,TEFAS,EMK,Değişken Fon,4.0,0.013686,55.8,1.0805,3.9681,26.9028,34.6373,,,18.0,,,,,,,
TVG,ANADOLU HAYAT EMEKLİLİK A.Ş. TARIM VE GIDA FON SEPETİ  EMEKLİLİK YATIRIM FONU,TEFAS,EMK,Fon Sepeti Fonu,5.0,0.015991,55.8,1.5795,5.1664,23.8095,31.7082,,,25.0,,,,,,,
TVH,AGESA HAYAT VE EMEKLİLİK A.Ş. TEKNOLOJİ ŞİRKETLERİ HİSSE SENEDİ EMEKLİLİK YATIRI,TEFAS,EMK,Hisse Senedi Fonu,6.0,0.012382,65.1,9.0524,20.7107,41.4738,59.6827,,,33.0,,,,,,,
TYJ,TÜRKİYE HAYAT VE EMEKLİLİK A.Ş. İKİNCİ YAŞAM DÖNGÜSÜ EMEKLİLİK YATIRIM FONU,TEFAS,EMK,Yaşam Döngüsü/Hedef Fon,3.0,0.050842,56.4,-0.3967,1.3404,16.3688,46.9296,3.1124,,12.0,,,,,,,
VEB,TÜRKİYE HAYAT VE EMEKLİLİK A.Ş. KATILIM DENGELİ DEĞİŞKEN EMEKLİLİK YATIRIM FONU,TEFAS,EMK,Katılım Değişken Fon,5.0,0.226953,59.8,1.8227,9.7137,33.4379,54.2119,2.6586,6.6483,25.0,,,,,,,
VED,TÜRKİYE HAYAT VE EMEKLİLİK A.Ş. OKS MUHAFAZAKAR KATILIM DEĞİŞKEN EMEKLİLİK YATIR,TEFAS,EMK,Katılım Değişken Fon,2.0,0.094664,58.9,2.6644,8.8637,19.7462,46.5837,2.2246,4.1932,7.0,,,,,,,
VEG,TÜRKİYE HAYAT VE EMEKLİLİK A.Ş. BİRİNCİ DEĞİŞKEN EMEKLİLİK YATIRIM FONU,TEFAS,EMK,Değişken Fon,6.0,0.333901,55.4,2.6288,2.2699,11.8398,30.2369,183.2887,5.1369,33.0,,,,,,,
VEH,TÜRKİYE HAYAT VE EMEKLİLİK A.Ş. HİSSE SENEDİ EMEKLİLİK YATIRIM FONU,TEFAS,EMK,Hisse Senedi Fonu,6.0,1.312037,51.5,-5.335,-4.7083,18.1418,31.8476,2.5624,11.8467,33.0,,,,,,,
VEK,TÜRKİYE HAYAT VE EMEKLİLİK A.Ş. STANDART EMEKLİLİK YATIRIM FONU,TEFAS,EMK,Standart Fon,4.0,0.328343,53.7,-1.3394,-0.3611,14.2638,31.4944,159.7183,3.5605,18.0,,,,,,,
VEO,TÜRKİYE HAYAT VE EMEKLİLİK A.Ş. OKS AGRESİF KATILIM DEĞİŞKEN EMEKLİLİK YATIRIM F,TEFAS,EMK,Katılım Değişken Fon,6.0,0.209955,57.6,-0.1232,7.5269,30.0554,46.1948,2.8003,10.0999,33.0,,,,,,,
VEP,TÜRKİYE HAYAT VE EMEKLİLİK A.Ş. OKS TEMKİNLİ DEĞİŞKEN EMEKLİLİK YATIRIM FONU,TEFAS,EMK,Değişken Fon,3.0,0.115978,57.9,1.1851,7.2084,18.9884,45.3394,2.9334,5.3029,12.0,,,,,,,
VES,TÜRKİYE HAYAT VE EMEKLİLİK A.Ş. BORÇLANMA ARAÇLARI EMEKLİLİK YATIRIM FONU,TEFAS,EMK,Borçlanma Araçları Fonu,3.0,0.157029,57.7,2.039,6.6564,16.9785,43.0382,2.2936,4.2521,12.0,,,,,,,
VET,TÜRKİYE HAYAT VE EMEKLİLİK A.Ş. KAMU DIŞ BORÇLANMA ARAÇLARI EMEKLİLİK YATIRIM FO,TEFAS,EMK,Kamu Yabancı Para (Döviz) Cinsinden Borçlanma Araç,5.0,0.784196,53.6,0.2183,1.3508,6.3662,24.677,2.0539,5.6132,25.0,,,,,,,
VEU,TÜRKİYE HAYAT VE EMEKLİLİK A.Ş. TEMKİNLİ DEĞİŞKEN EMEKLİLİK YATIRIM FONU,TEFAS,EMK,Değişken Fon,3.0,0.155595,55.4,-0.655,2.7038,19.9339,38.1268,191.5533,3.5562,12.0,,,,,,,
VEV,TÜRKİYE HAYAT VE EMEKLİLİK A.Ş. OKS DENGELİ DEĞİŞKEN EMEKLİLİK YATIRIM FONU,TEFAS,EMK,Değişken Fon,5.0,0.18527,58.7,2.0152,6.4788,23.7975,50.2937,2.822,9.4396,25.0,,,,,,,
VGA,TÜRKİYE HAYAT VE EMEKLİLİK A.Ş. ALTIN KATILIM EMEKLİLİK YATIRIM FONU,TEFAS,EMK,Altın Katılım Fonu,6.0,0.745434,54.5,-1.6897,-10.6208,13.2932,54.2091,4.2051,12.6635,33.0,,,,,,,
VGB,TÜRKİYE HAYAT VE EMEKLİLİK A.Ş. KATILIM STANDART EMEKLİLİK YATIRIM FONU,TEFAS,EMK,Katılım Standart Fon,3.0,0.165478,59.5,2.6644,9.4322,27.4211,50.0933,148.8869,3.8099,12.0,,,,,,,
VGC,TÜRKİYE HAYAT VE EMEKLİLİK A.Ş. OKS DİNAMİK DEĞİŞKEN EMEKLİLİK YATIRIM FONU,TEFAS,EMK,Değişken Fon,6.0,0.185949,56.7,-0.0799,0.9468,21.5051,49.316,2.5965,10.232,33.0,,,,,,,
VGD,TÜRKİYE HAYAT VE EMEKLİLİK A.Ş. KIYMETLİ MADENLER KATILIM EMEKLİLİK YATIRIM FONU,TEFAS,EMK,Kıymetli Madenler,6.0,0.405897,58.6,0.8412,-8.4393,24.6955,74.9635,4.3586,8.4273,33.0,,,,,,,
VGE,TÜRKİYE HAYAT VE EMEKLİLİK A.Ş. GÜMÜŞ KATILIM EMEKLİLİK YATIRIM FONU,TEFAS,EMK,Katılım Fonu,7.0,0.450858,57.0,1.0048,5.4222,23.7323,41.8886,2.3382,9.0971,42.0,,,,,,,
VGF,TÜRKİYE HAYAT VE EMEKLİLİK A.Ş. OKS AGRESİF DEĞİŞKEN EMEKLİLİK YATIRIM FONU,TEFAS,EMK,Değişken Fon,6.0,0.18325,55.2,0.3022,0.9302,27.7398,36.9919,2.7405,12.3784,33.0,,,,,,,
VGG,TÜRKİYE HAYAT VE EMEKLİLİK A.Ş. OKS DENGELİ KATILIM DEĞİŞKEN EMEKLİLİK YATIRIM F,TEFAS,EMK,Katılım Değişken Fon,4.0,0.134241,60.4,3.6675,9.2374,25.807,55.2779,2.6146,6.5272,18.0,,,,,,,
VGH,TÜRKİYE HAYAT VE EMEKLİLİK A.Ş. OKS ATAK KATILIM DEĞİŞKEN EMEKLİLİK YATIRIM FONU,TEFAS,EMK,Katılım Değişken Fon,5.0,0.181684,59.4,2.8134,8.7717,29.8819,50.031,2.9227,8.6551,25.0,,,,,,,
VGK,TÜRKİYE HAYAT VE EMEKLİLİK A.Ş. OKS KATILIM STANDART EMEKLİLİK YATIRIM FONU,TEFAS,EMK,OKS Katılım Standart Fon,4.0,0.094404,57.5,1.9813,6.8322,24.9066,40.7284,158.154,4.1832,18.0,,,,,,,
VGZ,TÜRKİYE HAYAT VE EMEKLİLİK A.Ş. OKS STANDART EMEKLİLİK YATIRIM FONU,TEFAS,EMK,OKS Standart Fon,4.0,0.098006,54.4,-0.5692,-0.2989,17.2007,34.5143,166.4438,4.7341,18.0,,,,,,,
VVA,AGESA HAYAT VE EMEKLİLİK A.Ş. OKS AGRESİF DEĞİŞKEN EMEKLİLİK YATIRIM FONU,TEFAS,EMK,Değişken Fon,6.0,0.248253,56.1,-2.4291,1.59,28.3999,49.242,3.7125,15.1466,33.0,,,,,,,
VVD,AGESA HAYAT VE EMEKLİLİK A.Ş. OKS DİNAMİK DEĞİŞKEN EMEKLİLİK YATIRIM FONU,TEFAS,EMK,Değişken Fon,5.0,0.188449,57.4,-0.7346,4.2788,29.4689,51.2439,3.3432,10.5186,25.0,,,,,,,
VVE,AGESA HAYAT VE EMEKLİLİK A.Ş. OKS DENGELİ DEĞİŞKEN EMEKLİLİK YATIRIM FONU,TEFAS,EMK,Değişken Fon,4.0,0.175298,57.5,-0.2835,3.7832,27.5862,51.4967,3.3185,9.5101,18.0,,,,,,,
VVM,AGESA HAYAT VE EMEKLİLİK A.Ş. OKS MUHAFAZAKAR DEĞİŞKEN EMEKLİLİK YATIRIM FONU,TEFAS,EMK,Değişken Fon,2.0,0.112093,58.5,1.5611,7.6284,20.8017,48.7384,2.7944,5.1192,7.0,,,,,,,
VVU,AGESA HAYAT VE EMEKLİLİK A.Ş. OKS DİNAMİK KATILIM DEĞİŞKEN EMEKLİLİK YATIRIM FON,TEFAS,EMK,Değişken Fon,5.0,0.23486,60.0,0.4815,8.4249,34.3768,61.2592,3.2385,9.7739,25.0,,,,,,,
VVZ,AGESA HAYAT VE EMEKLİLİK A.Ş. OKS AGRESİF KATILIM DEĞİŞKEN EMEKLİLİK YATIRIM FON,TEFAS,EMK,Değişken Fon,6.0,0.322722,61.3,1.6716,8.9155,37.856,67.2126,3.53,12.6076,33.0,,,,,,,
VYB,TÜRKİYE HAYAT VE EMEKLİLİK A.Ş. KATILIM HİSSE SENEDİ EMEKLİLİK YATIRIM FONU,TEFAS,EMK,Hisse Senedi Fonu,6.0,0.254792,59.2,0.7471,9.2926,35.406,53.1783,2.33,8.9169,33.0,,,,,,,
YZD,ALLİANZ YAŞAM VE EMEKLİLİK A.Ş. TEKNOLOJİ SEKTÖRÜ FON SEPETİ EMEKLİLİK YATIRIM F,TEFAS,EMK,Fon Sepeti Fonu,4.0,0.06593,70.0,12.0121,29.4335,43.6101,75.6016,4.1762,,18.0,,,,,,,
ZHB,TÜRKİYE HAYAT VE EMEKLİLİK A.Ş. SÜRDÜRÜLEBİLİRLİK HİSSE SENEDİ EMEKLİLİK YATIRIM,TEFAS,EMK,Hisse Senedi Fonu,5.0,0.342726,56.4,-0.8436,3.9302,26.2965,44.1678,2.8244,11.3752,25.0,,,,,,,
ZHD,TÜRKİYE HAYAT VE EMEKLİLİK A.Ş. KAMU DIŞ KİRA SERTİFİKALARI KATILIM EMEKLİLİK YA,TEFAS,EMK,Kira Sertifikasi Katılım Fonu,6.0,0.399664,54.2,1.4198,3.6451,8.0626,22.5829,185.7287,5.4604,33.0,,,,,,,
ZHE,TÜRKİYE HAYAT VE EMEKLİLİK A.Ş. DENGELİ DEĞİŞKEN EMEKLİLİK YATIRIM FONU,TEFAS,EMK,Değişken Fon,6.0,0.193031,52.0,-5.8415,-3.0855,12.9991,34.3589,2.3905,7.1572,33.0,,,,,,,
ZHF,TÜRKİYE HAYAT VE EMEKLİLİK A.Ş. KATILIM TEMKİNLİ DEĞİŞKEN EMEKLİLİK YATIRIM FONU,TEFAS,EMK,Katılım Değişken Fon,3.0,0.14329,58.4,2.3116,8.0694,21.4829,45.402,2.0495,5.3667,12.0,,,,,,,
ZHG,TÜRKİYE HAYAT VE EMEKLİLİK A.Ş. KAMU BORÇLANMA ARAÇLARI EMEKLİLİK YATIRIM FONU,TEFAS,EMK,Kamu Borçlanma Araçları Fonu,3.0,0.070585,54.5,-0.1324,1.001,12.3674,32.9529,91.3164,2.0974,12.0,,,,,,,
AAL,ATA PORTFÖY PARA PİYASASI (TL) FONU,TEFAS,YAT,Para Piyasası Şemsiye Fonu,1.0,3.632861,59.5,3.0605,9.5456,20.5089,49.5618,2.4458,3.8363,3.0,,,,,,,
AAS,ATA PORTFÖY FON SEPETİ SERBEST FONU,TEFAS,YAT,Serbest Şemsiye Fonu,5.0,13.089539,61.2,5.5723,11.2442,19.3224,52.9945,188.1216,2.5851,25.0,,,,,,,
AAV,ATA PORTFÖY İKİNCİ HİSSE SENEDİ (TL) FONU (HİSSE SENEDİ YOĞUN FON),TEFAS,YAT,Hisse Senedi Şemsiye Fonu,6.0,59.183705,52.9,-2.7865,-2.9936,18.3337,33.4246,2.7841,12.8277,33.0,,,,,,,
AC1,PARDUS PORTFÖY KISA VADELİ KATILIM SERBEST FONU,TEFAS,YAT,Serbest Şemsiye Fonu,2.0,3.337055,59.1,3.0622,9.5909,19.8117,46.1641,,,7.0,,,,,,,
AC4,PARDUS PORTFÖY PARA PİYASASI (TL) FON,TEFAS,YAT,Para Piyasası Şemsiye Fonu,1.0,4.165912,60.0,3.2492,10.0838,21.7756,51.7484,2.611,,3.0,,,,,,,
AC5,PARDUS PORTFÖY İSTATİSTİKSEL ARBİTRAJ HİSSE SENEDİ SERBEST (TL) FON (HİSSE SENED,TEFAS,YAT,Serbest Şemsiye Fonu,3.0,3.881557,57.3,1.846,7.2444,16.0774,39.1312,192.5145,,12.0,,,,,,,
AC6,PARDUS PORTFÖY DÖRDÜNCÜ SERBEST (DÖVİZ) FON,TEFAS,YAT,Serbest Şemsiye Fonu,6.0,55.641872,52.2,-1.9385,0.5955,6.9256,20.3627,192.0864,,33.0,,,,,,,
ACC,İSTANBUL PORTFÖY DÖRDÜNCÜ HİSSE SENEDİ FONU (HİSSE SENEDİ YOĞUN),TEFAS,YAT,Hisse Senedi Şemsiye Fonu,6.0,40.85805,57.3,-0.4221,2.1787,31.7816,52.357,3.605,15.8272,33.0,,,,,,,
ACD,İSTANBUL PORTFÖY İKİNCİ DEĞİŞKEN FON,TEFAS,YAT,Değişken Şemsiye Fonu,5.0,5.795562,54.1,-2.3755,0.6709,17.8625,35.8995,3.1125,12.0334,25.0,,,,,,,
ACU,İSTANBUL PORTFÖY URARTU SERBEST (DÖVİZ) FON,TEFAS,YAT,Serbest Şemsiye Fonu,5.0,58.531066,55.1,2.0772,5.4836,10.5318,25.0786,2.0141,4.2878,25.0,,,,,,,
ADE,AK PORTFÖY MUTLAK GETİRİ HEDEFLİ DEĞİŞKEN FON,TEFAS,YAT,Değişken Şemsiye Fonu,4.0,0.930246,53.2,-2.0953,-4.7704,10.9474,36.3324,2.0231,3.3087,18.0,,,,,,,
ADP,AK PORTFÖY BIST BANKA ENDEKSİ HİSSE SENEDİ (TL) FONU (HİSSE SENEDİ YOĞUN FON),TEFAS,YAT,Hisse Senedi Şemsiye Fonu,4.0,1.201911,46.8,-9.6104,-19.3593,4.3579,29.3028,3.2351,13.6979,18.0,,,,,,,
AED,ATA PORTFÖY BİRİNCİ DEĞİŞKEN FON,TEFAS,YAT,Değişken Şemsiye Fonu,5.0,109.299669,55.0,-2.1579,0.2233,27.9218,42.6566,2.9154,8.83,25.0,,,,,,,
AES,AK PORTFÖY PETROL YABANCI BYF FON SEPETİ FONU,TEFAS,YAT,Fon Sepeti Şemsiye Fonu,7.0,0.202886,79.7,7.8373,62.8793,91.318,108.935,2.9222,10.771,42.0,,,,,,,
AEV,ALLBATROSS PORTFÖY SANAYİ ŞİRKETLERİ HİSSE SENEDİ (TL) FONU (HİSSE SENEDİ YOĞUN ,TEFAS,YAT,Hisse Senedi Şemsiye Fonu,6.0,1.814669,62.3,5.7793,9.8665,44.3768,63.3163,,,33.0,,,,,,,
AFA,AK PORTFÖY AMERİKA YABANCI HİSSE SENEDİ FONU,TEFAS,YAT,Hisse Senedi Şemsiye Fonu,6.0,1.318184,63.5,8.5626,16.3754,21.1652,55.062,3.1638,7.9315,33.0,,,,,,,
AFO,AK PORTFÖY ALTIN FONU,TEFAS,YAT,Kıymetli Madenler Şemsiye Fonu,6.0,1.29697,54.9,-1.2883,-10.2495,14.247,55.3936,3.7337,10.7847,33.0,,,,,,,
AFS,AK PORTFÖY SAĞLIK SEKTÖRÜ YABANCI HİSSE SENEDİ FONU,TEFAS,YAT,Hisse Senedi Şemsiye Fonu,4.0,0.355616,54.7,2.8402,-2.2335,3.4018,31.8639,141.2192,4.5419,18.0,,,,,,,
AFT,AK PORTFÖY YENİ TEKNOLOJİLER YABANCI HİSSE SENEDİ FONU,TEFAS,YAT,Hisse Senedi Şemsiye Fonu,6.0,1.054785,67.0,9.5097,18.6546,24.1825,75.5463,4.0988,9.1058,33.0,,,,,,,
AFV,AK PORTFÖY AVRUPA YABANCI HİSSE SENEDİ FONU,TEFAS,YAT,Hisse Senedi Şemsiye Fonu,6.0,0.595909,57.3,5.213,2.668,20.4724,37.9764,2.3144,6.8782,33.0,,,,,,,
AGC,AK PORTFÖY İKİNCİ DEĞİŞKEN FON,TEFAS,YAT,Değişken Şemsiye Fonu,6.0,9.623497,55.8,2.0726,5.7613,12.3306,29.5269,182.3257,4.8475,33.0,,,,,,,
AHI,ATLAS PORTFÖY BİRİNCİ HİSSE SENEDİ FONU(HİSSE SENEDİ YOĞUN),TEFAS,YAT,Hisse Senedi Şemsiye Fonu,6.0,32.986823,56.3,-2.3714,-0.8611,23.9013,54.2671,3.2307,16.7364,33.0,,,,,,,
AHN,ATLAS PORTFÖY SERBEST(DÖVİZ)FON,TEFAS,YAT,Serbest Şemsiye Fonu,7.0,69.526772,52.9,0.548,0.6489,7.1333,19.1894,179.9903,5.6871,42.0,,,,,,,
AHU,ATLAS PORTFÖY BİRİNCİ ÖZEL SEKTÖR BORÇLANMA ARAÇLARI FONU,TEFAS,YAT,Borçlanma Araçları Şemsiye Fonu,1.0,11.786141,59.0,2.8836,8.9864,19.6266,46.5845,2.5226,4.5037,3.0,,,,,,,
AHV,AZİMUT PORTFÖY DENGELİ FON SEPETİ FONU,TEFAS,YAT,Fon Sepeti Şemsiye Fonu,4.0,21.845611,59.7,2.7222,8.4315,24.6543,53.2156,2.8895,7.6601,18.0,,,,,,,
AIS,AK PORTFÖY PARA PİYASASI KATILIM FONU,TEFAS,YAT,Katılım Şemsiye Fonu,1.0,0.11198,59.4,3.1146,9.8436,20.7239,47.6428,2.0652,3.4786,3.0,,,,,,,
AJ1,A1 CAPİTAL PORTFÖY İSTATİSTİKSEL ARBİTRAJ HİSSE SENEDİ SERBEST FON (HİSSE SENEDİ,TEFAS,YAT,Serbest Şemsiye Fonu,2.0,1.375224,53.0,2.9265,7.0111,15.333,,,,7.0,,,,,,,
AJK,AK PORTFÖY 0-5 YIL VADELİ SERBEST (DÖVİZ) FON,TEFAS,YAT,Serbest Şemsiye Fonu,4.0,66.006744,54.5,1.7563,4.8127,9.7093,22.2417,143.0876,5.0109,18.0,,,,,,,
AK2,AK PORTFÖY UZUN VADELİ BORÇLANMA ARAÇLARI FONU,TEFAS,YAT,Borçlanma Araçları Şemsiye Fonu,5.0,0.554934,51.9,-2.3398,-3.8555,8.1789,25.7747,29.8419,119.7891,25.0,,,,,,,
AK3,AK PORTFÖY HİSSE SENEDİ (TL) FONU (HİSSE SENEDİ YOĞUN FON),TEFAS,YAT,Hisse Senedi Şemsiye Fonu,6.0,49.190795,58.8,-1.1239,4.9306,34.1727,61.316,4.1843,16.4292,33.0,,,,,,,
AKE,AK PORTFÖY EUROBOND (AMERİKAN DOLARI) BORÇLANMA ARAÇLARI FONU,TEFAS,YAT,Borçlanma Araçları Şemsiye Fonu,5.0,0.527358,53.8,0.2322,1.5864,7.047,25.2148,2.0283,5.7288,25.0,,,,,,,
AKU,AK PORTFÖY BIST 30 ENDEKSİ HİSSE SENEDİ (TL) FONU (HİSSE SENEDİ YOĞUN FON),TEFAS,YAT,Hisse Senedi Şemsiye Fonu,6.0,0.894279,56.3,-4.5832,2.8087,34.3932,54.1874,2.306,9.9172,33.0,,,,,,,
ALC,AK PORTFÖY KAR PAYI ÖDEYEN ŞİRKETLER HİSSE SENEDİ (TL) FONU (HİSSE SENEDİ YOĞUN ,TEFAS,YAT,Hisse Senedi Şemsiye Fonu,6.0,0.341218,57.5,-1.9619,2.7656,32.5039,56.7701,3.3523,10.4402,33.0,,,,,,,
AN1,STRATEJİ PORTFÖY BİRİNCİ DEĞİŞKEN FON,TEFAS,YAT,Değişken Şemsiye Fonu,4.0,106.059266,62.7,6.1316,18.4544,34.122,52.6137,3.2859,10.2611,18.0,,,,,,,
ANZ,ATA PORTFÖY DÖRDÜNCÜ SERBEST (DÖVİZ) FON,TEFAS,YAT,Serbest Şemsiye Fonu,4.0,21.665889,53.7,0.4637,2.0437,8.9239,23.8212,191.074,5.8815,18.0,,,,,,,
AOJ,ALLBATROSS PORTFÖY İNŞAAT SEKTÖRÜ HİSSE SENEDİ SERBEST (TL) FON (HİSSE SENEDİ YO,TEFAS,YAT,Serbest Şemsiye Fonu,6.0,1.467185,54.1,0.7754,1.1873,20.7334,26.8328,,,33.0,,,,,,,
AOY,AK PORTFÖY ALTERNATİF ENERJİ YABANCI HİSSE SENEDİ FONU,TEFAS,YAT,Hisse Senedi Şemsiye Fonu,7.0,0.340965,70.9,9.9231,18.052,43.5431,105.0089,140.1999,3.1141,42.0,,,,,,,
AP5,ATLAS PORTFÖY BEŞİNCİ HİSSE SENEDİ SERBEST FON (HİSSE SENEDİ YOĞUN FON),TEFAS,YAT,Serbest Şemsiye Fonu,6.0,0.759869,40.5,-9.1183,-22.9449,-9.3024,,,,33.0,,,,,,,
AP7,PARDUS PORTFÖY ALGO ETNA İSTATİSTİKSEL ARBİTRAJ SERBEST FON,TEFAS,YAT,Serbest Şemsiye Fonu,3.0,2.765268,60.9,4.7629,11.5838,20.4421,52.5059,,,12.0,,,,,,,
APJ,AK PORTFÖY BIST ŞİRKETLERİ FON SEPETİ FONU,TEFAS,YAT,Fon Sepeti Şemsiye Fonu,6.0,6.49179,52.8,-3.7164,-4.5655,20.2584,37.2311,158.9839,3.0117,33.0,,,,,,,
APT,AK PORTFÖY ORTA VADELI BORÇLANMA ARAÇLARI FONU,TEFAS,YAT,Borçlanma Araçları Şemsiye Fonu,3.0,0.166554,53.6,-1.4204,-1.2785,10.6192,32.2241,88.1529,177.8302,12.0,,,,,,,
ARE,İSTANBUL PORTFÖY YABANCI HİSSE SENEDİ FONU,TEFAS,YAT,Hisse Senedi Şemsiye Fonu,6.0,0.244428,60.3,5.0743,9.3646,24.4041,50.6397,180.1649,3.4546,33.0,,,,,,,
ARL,AK PORTFÖY BİRİNCİ FON SEPETİ FONU,TEFAS,YAT,Fon Sepeti Şemsiye Fonu,4.0,16.50355,56.9,1.4061,3.6779,18.0782,42.6485,2.7981,5.2629,18.0,,,,,,,
ARM,AK PORTFÖY İKİNCİ FON SEPETİ FONU,TEFAS,YAT,Fon Sepeti Şemsiye Fonu,4.0,18.753774,55.8,0.0493,0.379,18.383,43.0102,2.8361,5.8732,18.0,,,,,,,
AS1,ALLBATROSS PORTFÖY BİRİNCİ SERBEST (DÖVİZ) FON,TEFAS,YAT,Serbest Şemsiye Fonu,5.0,46.236014,51.7,0.5585,0.265,1.1629,10.7834,,,25.0,,,,,,,
ASJ,AKTİF PORTFÖY HİSSE SENEDİ (TL) FONU (HİSSE SENEDİ YOĞUN FON),TEFAS,YAT,Hisse Senedi Şemsiye Fonu,6.0,3.638902,54.5,-3.6513,-0.2316,24.614,42.8651,3.3645,,33.0,,,,,,,
AU1,A1 CAPİTAL PORTFÖY ALTIN FONU,TEFAS,YAT,Kıymetli Madenler Şemsiye Fonu,6.0,1.158977,47.1,-1.1631,-9.4856,15.0035,,,,33.0,,,,,,,
AUV,AK PORTFÖY UZUN VADELİ SERBEST (DÖVİZ) FON,TEFAS,YAT,Serbest Şemsiye Fonu,4.0,49.382904,53.8,0.1437,0.3267,5.8528,27.8091,,,18.0,,,,,,,
AYA,ATA PORTFÖY KAR PAYI ÖDEYEN HİSSE SENEDİ (TL) FONU (HİSSE SENEDİ YOĞUN FON),TEFAS,YAT,Hisse Senedi Şemsiye Fonu,6.0,17.000482,51.8,-3.6348,-4.9166,14.6903,29.6176,198.1219,6.7203,33.0,,,,,,,
AYR,AK PORTFÖY ÖZEL SEKTÖR BORÇLANMA ARAÇLARI (TL) FONU,TEFAS,YAT,Borçlanma Araçları Şemsiye Fonu,1.0,0.145752,59.3,3.0777,9.6625,20.1486,47.6355,2.2904,3.8278,3.0,,,,,,,
BAG,BULLS PORTFÖY ATAK DEĞIŞKEN FON,TEFAS,YAT,Değişken Şemsiye Fonu,4.0,1.009193,54.8,7.9017,6.1934,,,,,18.0,,,,,,,
BBF,PARDUS PORTFÖY BİRİNCİ BORÇLANMA ARAÇLARI (TL) FONU,TEFAS,YAT,Borçlanma Araçları Şemsiye Fonu,2.0,3.724397,59.9,2.4917,8.8246,20.7749,54.5584,,,7.0,,,,,,,
BBP,ALLBATROSS PORTFÖY BİRİNCİ BORÇLANMA ARAÇLARI FONU,TEFAS,YAT,Borçlanma Araçları Şemsiye Fonu,3.0,2.349656,58.6,0.4147,2.9088,34.5867,59.1222,,,12.0,,,,,,,
BBS,BULLS PORTFÖY BİRİNCİ SERBEST (TL) FON,TEFAS,YAT,Serbest Şemsiye Fonu,2.0,1.671014,54.7,3.859,12.5424,27.9499,,,,7.0,,,,,,,
BCK,DENİZ PORTFÖY BLOCKCHAİN VE FINTECH TEKNOLOJİLERİ DEĞİŞKEN FON,TEFAS,YAT,Değişken Şemsiye Fonu,4.0,2.057095,67.7,10.0578,22.4846,33.3778,73.5235,,,18.0,,,,,,,
BCO,BULLS PORTFÖY ÇOKLU VARLIK KATILIM FONU,TEFAS,YAT,Katılım Şemsiye Fonu,6.0,1.869156,52.4,1.1758,7.7431,34.0344,,,,33.0,,,,,,,
BDA,YAPI KREDİ PORTFÖY BİRİNCİ KATILIM SERBEST (DÖVİZ-AVRO) FON,TEFAS,YAT,Serbest Şemsiye Fonu,4.0,56.951305,51.6,1.5443,3.6408,10.1056,,,,18.0,,,,,,,
BDC,AURA PORTFÖY BODRUM SERBEST FON,TEFAS,YAT,Serbest Şemsiye Fonu,5.0,9.129052,54.7,0.1526,2.4628,-0.4075,31.2678,3.9633,,25.0,,,,,,,
BDS,PARDUS PORTFÖY BIST 30 DIŞI ŞİRKETLER HİSSE SENEDİ (TL) FONU (HİSSE SENEDİ YOĞUN,TEFAS,YAT,Hisse Senedi Şemsiye Fonu,6.0,1.722129,51.5,-1.8621,-2.9643,2.5761,20.6053,,,33.0,,,,,,,
BDY,AK PORTFÖY BIST 100 DIŞI ŞİRKETLER HİSSE SENEDİ (TL) FONU (HİSSE SENEDİ YOĞUN FO,TEFAS,YAT,Hisse Senedi Şemsiye Fonu,6.0,1.536921,55.6,1.5821,2.3616,15.1154,34.805,,,33.0,,,,,,,
BFE,ALLBATROSS PORTFÖY BİRİNCİ FON SEPETİ FONU,TEFAS,YAT,Fon Sepeti Şemsiye Fonu,3.0,1.753773,54.6,-1.4539,-0.0676,13.5629,38.1204,,,12.0,,,,,,,
BFS,BULLS PORTFÖY EMTİA FON SEPETİ FONU,TEFAS,YAT,Fon Sepeti Şemsiye Fonu,6.0,1.091802,49.4,-0.0069,-2.4412,,,,,33.0,,,,,,,
BFT,AZİMUT PORTFÖY BANKA VE FİNANS SEKTÖRÜ HİSSE SENEDİ FONU (HİSSE SENEDİ YOĞUN FON,TEFAS,YAT,Hisse Senedi Şemsiye Fonu,6.0,1.103828,48.0,-9.0514,-14.1365,5.8597,28.5438,,,33.0,,,,,,,
BGP,AK PORTFÖY ÜÇÜNCÜ PARA PİYASASI (TL) FONU,TEFAS,YAT,Para Piyasası Şemsiye Fonu,1.0,6.809489,59.5,3.0864,9.5976,20.5874,49.4262,2.547,4.2143,3.0,,,,,,,
BHA,BULLS PORTFÖY HİSSE SENEDİ (TL) FONU (HİSSE SENEDİ YOĞUN FON),TEFAS,YAT,Hisse Senedi Şemsiye Fonu,6.0,1.646017,55.8,-2.0673,-0.8131,32.181,50.2186,,,33.0,,,,,,,
BHF,PARDUS PORTFÖY BİRİNCİ DEĞİŞKEN FON,TEFAS,YAT,Değişken Şemsiye Fonu,6.0,3.058672,63.4,1.4869,6.5842,42.1916,87.0733,,,33.0,,,,,,,
BHI,BV PORTFÖY MUTLAK GETİRİ HEDEFLİ HİSSE SENEDİ SERBEST (TL) FON (HİSSE SENEDİ YOĞ,TEFAS,YAT,Serbest Şemsiye Fonu,3.0,2.436293,59.9,4.3152,11.4258,21.312,46.5671,,,12.0,,,,,,,
BHL,İŞ PORTFÖY BİRİNCİ HİSSE SENEDİ SERBEST FON (HİSSE SENEDİ YOĞUN FON),TEFAS,YAT,Serbest Şemsiye Fonu,6.0,1.15541,60.7,4.3035,4.6428,30.498,62.3117,,,33.0,,,,,,,
BID,QNB PORTFÖY BIST 100 DIŞI ŞİRKETLER HİSSE SENEDİ (TL) FONU (HİSSE SENEDİ YOĞUN F,TEFAS,YAT,Hisse Senedi Şemsiye Fonu,6.0,2.7828,50.6,-4.4072,-4.9473,8.8348,22.984,2.571,,33.0,,,,,,,
BIG,YAPI KREDİ PORTFÖY ÜÇÜNCÜ HİSSE SENEDİ FONU (HİSSE SENEDİ YOĞUN FON),TEFAS,YAT,Hisse Senedi Şemsiye Fonu,6.0,1.330327,54.9,-1.028,-2.1533,20.1913,42.6654,,,33.0,,,,,,,
BIH,PARDUS PORTFÖY BİRİNCİ HİSSE SENEDİ (TL) FONU (HİSSE SENEDİ YOĞUN FON),TEFAS,YAT,Hisse Senedi Şemsiye Fonu,6.0,8.689215,64.3,1.3561,4.6596,30.975,96.9332,,,33.0,,,,,,,
BIO,İŞ PORTFÖY SÜRDÜRÜLEBİLİRLİK HİSSE SENEDİ (TL) FONU (HİSSE SENEDİ YOĞUN FON),TEFAS,YAT,Hisse Senedi Şemsiye Fonu,6.0,2.161817,52.5,-4.1168,-3.8012,18.7884,35.1039,,,33.0,,,,,,,
BIP,İSTANBUL PORTFÖY BİRİNCİ PARA PİYASASI SERBEST (TL) FON,TEFAS,YAT,Serbest Şemsiye Fonu,2.0,1.702199,53.9,3.2036,10.1565,21.0925,,,,7.0,,,,,,,
BIS,BV PORTFÖY BİRİNCİ SERBEST FON,TEFAS,YAT,Serbest Şemsiye Fonu,5.0,1.83964,55.3,2.0529,5.3454,12.8207,26.4178,,,25.0,,,,,,,
BIY,AZİMUT PORTFÖY BIST 100 DIŞI ŞİRKETLER HİSSE SENEDİ FONU (HİSSE SENEDİ YOĞUN FON,TEFAS,YAT,Hisse Senedi Şemsiye Fonu,4.0,0.882791,53.5,0.6097,12.8726,,,,,18.0,,,,,,,
BJD,AZİMUT PORTFÖY 13.0 SERBEST (DÖVİZ) FON,TEFAS,YAT,Serbest Şemsiye Fonu,4.0,54.589163,54.5,1.9396,4.7883,9.1039,21.7212,146.3168,,18.0,,,,,,,
BKY,YAPI KREDİ PORTFÖY BİRİNCİ KATILIM SERBEST (DÖVİZ) FON,TEFAS,YAT,Serbest Şemsiye Fonu,4.0,51.172095,52.3,2.1575,5.5235,10.2873,,,,18.0,,,,,,,
BLD,DENİZ PORTFÖY BALEV EĞİTİME DESTEK SERBEST FON,TEFAS,YAT,Serbest Şemsiye Fonu,2.0,1.738087,59.4,3.0657,9.5662,20.0095,48.351,,,7.0,,,,,,,
BLT,BULLS PORTFÖY ALTIN FONU,TEFAS,YAT,Kıymetli Madenler Şemsiye Fonu,6.0,1.827547,47.2,-0.4149,-10.6732,22.6754,,,,33.0,,,,,,,
BMU,BULLS PORTFÖY MUTLAK GETİRİ HEDEFLİ HİSSE SENEDİ SERBEST FON (HİSSE SENEDİ YOĞUN,TEFAS,YAT,Serbest Şemsiye Fonu,7.0,2.26795,85.0,125.8261,182.3179,2.9873,,,,42.0,,,,,,,
BNC,AK PORTFÖY BEŞİNCİ SERBEST FON,TEFAS,YAT,Serbest Şemsiye Fonu,4.0,2.268685,54.6,-0.7931,0.0364,11.7289,36.5146,,,18.0,,,,,,,
BNH,İSTANBUL PORTFÖY BANKACILIK SEKTÖRÜ HİSSE SENEDİ SERBEST (TL) FON (HİSSE SENEDİ ,TEFAS,YAT,Serbest Şemsiye Fonu,7.0,1.138328,39.9,-11.1369,-22.0033,1.7762,,,,42.0,,,,,,,
BOL,AKTİF PORTFÖY BORÇLANMA ARAÇLARI FONU,TEFAS,YAT,Borçlanma Araçları Şemsiye Fonu,3.0,1.759859,55.7,-0.9711,3.9225,15.3637,39.5314,,,12.0,,,,,,,
BON,A1 CAPİTAL PORTFÖY BORÇLANMA ARAÇLARI FONU,TEFAS,YAT,Borçlanma Araçları Şemsiye Fonu,2.0,1.4573,49.8,-0.226,-0.327,10.2885,,,,7.0,,,,,,,
BOS,BULLS PORTFÖY ALTINCI HİSSE SENEDİ SERBEST FON (HİSSE SENEDİ YOĞUN FON),TEFAS,YAT,Serbest Şemsiye Fonu,6.0,1.1559,47.2,-3.5659,-5.0758,-2.9976,,,,33.0,,,,,,,
BPZ,BULLS PORTFÖY PARA PİYASASI (TL) FONU,TEFAS,YAT,Para Piyasası Şemsiye Fonu,2.0,1.651221,54.1,3.3347,10.6554,21.6126,,,,7.0,,,,,,,
BRC,RE-PIE PORTFÖY BİRİNCİ İSTATİSTİKSEL ARBİTRAJ HİSSE SENEDİ SERBEST FON (HİSSE SE,TEFAS,YAT,Serbest Şemsiye Fonu,2.0,1.367856,53.9,3.8023,9.144,16.8393,,,,7.0,,,,,,,
BRF,DENİZ PORTFÖY BİRİNCİ FON SEPETİ FONU,TEFAS,YAT,Fon Sepeti Şemsiye Fonu,5.0,1.610434,52.9,3.6382,5.45,29.083,,,,25.0,,,,,,,
BRR,AK PORTFÖY İKİNCİ KISA VADELİ BORÇLANMA ARAÇLARI (TL) FONU,TEFAS,YAT,Borçlanma Araçları Şemsiye Fonu,1.0,1.734986,59.3,3.0169,9.1441,20.2819,48.552,,,3.0,,,,,,,
BRT,PARDUS PORTFÖY BEREKET HİSSE SENEDİ SERBEST FON (HİSSE SENEDİ YOĞUN FON),TEFAS,YAT,Serbest Şemsiye Fonu,6.0,0.756286,44.5,-15.0091,-10.7991,-14.1501,12.3264,,,33.0,,,,,,,
BS1,AHLATCI PORTFÖY BİRİNCİ SERBEST (TL) FON,TEFAS,YAT,Serbest Şemsiye Fonu,5.0,1.570444,53.2,2.9796,7.9952,,,,,25.0,,,,,,,
BSD,BV PORTFÖY SERBEST (DÖVİZ) FON,TEFAS,YAT,Serbest Şemsiye Fonu,4.0,1.218606,52.1,1.816,5.533,10.3887,,,,18.0,,,,,,,
BSH,ATLAS PORTFÖY BANKACILIK SEKTÖRÜ HİSSE SENEDİ SERBEST FON (HİSSE SENEDİ YOĞUN FO,TEFAS,YAT,Serbest Şemsiye Fonu,7.0,0.941192,43.7,-11.8059,-24.1534,-1.0536,18.311,,,42.0,,,,,,,
BSM,GLOBAL MD PORTFÖY BERRAK SERBEST FON,TEFAS,YAT,Serbest Şemsiye Fonu,7.0,1.863184,57.3,5.3265,20.2683,43.2157,,,,42.0,,,,,,,
BST,PARDUS PORTFÖY BANKACILIK SEKTÖRÜ DIŞI ŞİRKETLER HİSSE SENEDİ SERBEST (TL) FON (,TEFAS,YAT,Serbest Şemsiye Fonu,7.0,10.165779,56.4,1.8662,5.3755,21.6261,34.9748,5.8387,,42.0,,,,,,,
BTE,BV PORTFÖY OYUN VE TEKNOLOJİ DEĞİŞKEN FON,TEFAS,YAT,Değişken Şemsiye Fonu,5.0,5.092517,66.0,11.3682,23.0805,23.6801,56.9372,3.3994,,25.0,,,,,,,
BTJ,ATLAS PORTFÖY İSTATİSTİKSEL ARBİTRAJ HİSSE SENEDİ SERBEST FON (HİSSE SENEDİ YOĞU,TEFAS,YAT,Serbest Şemsiye Fonu,2.0,1.420225,53.6,3.3717,8.7148,16.739,,,,7.0,,,,,,,
BTK,BV PORTFÖY TEKNOLOJİ KATILIM FONU,TEFAS,YAT,Katılım Şemsiye Fonu,6.0,1.757127,66.3,16.9225,37.1161,58.3023,,,,33.0,,,,,,,
BTZ,ATLAS PORTFÖY BIST 30 DIŞI ŞİRKETLER HİSSE SENEDİ FONU (HİSSE SENEDİ YOĞUN FON),TEFAS,YAT,Hisse Senedi Şemsiye Fonu,6.0,1.097605,55.1,-0.596,0.3622,16.3405,39.4438,,,33.0,,,,,,,
BUB,BULLS PORTFÖY BİRİNCİ FON SEPETİ FONU,TEFAS,YAT,Fon Sepeti Şemsiye Fonu,3.0,1.277022,51.4,2.1393,,,,,,12.0,,,,,,,
BUV,BULLS PORTFÖY VOLTRAN SERBEST (TL) FON,TEFAS,YAT,Serbest Şemsiye Fonu,6.0,0.991471,49.8,-1.1933,1.3443,20.3182,,,,33.0,,,,,,,
BUY,AK PORTFÖY BÜYÜYEN ŞİRKETLER HİSSE SENEDİ (TL) FONU (HİSSE SENEDİ YOĞUN FON),TEFAS,YAT,Hisse Senedi Şemsiye Fonu,5.0,1.4847,55.8,-2.142,2.9838,32.2709,44.4068,,,25.0,,,,,,,
BV1,BV PORTFÖY BİRİNCİ HİSSE SENEDİ (TL) FON (HİSSE SENEDİ YOĞUN FON),TEFAS,YAT,Hisse Senedi Şemsiye Fonu,6.0,1.489629,57.2,0.4693,-2.7224,19.2986,57.0304,,,33.0,,,,,,,
BVD,BV PORTFÖY BİRİNCİ DEĞİŞKEN FON,TEFAS,YAT,Değişken Şemsiye Fonu,2.0,1.386733,54.1,4.4182,8.9507,,,,,7.0,,,,,,,
BVF,BV PORTFÖY PARA PİYASASI (TL) FON,TEFAS,YAT,Para Piyasası Şemsiye Fonu,2.0,1.477224,53.8,3.1487,9.8133,21.501,,,,7.0,,,,,,,
BVK,BULLS PORTFÖY VOLTRAN KATILIM SERBEST (TL) FON,TEFAS,YAT,Serbest Şemsiye Fonu,4.0,0.733691,54.2,4.6698,9.0657,,,,,18.0,,,,,,,
BVM,ALLBATROSS PORTFÖY BİRİNCİ HİSSE SENEDİ SERBEST (TL) FON (HİSSE SENEDİ YOĞUN FON,TEFAS,YAT,Serbest Şemsiye Fonu,6.0,1.211947,44.5,4.1299,0.7275,-2.239,-52.8039,-40.2307,,33.0,,,,,,,
BVV,BV PORTFÖY TEKNOLOJİ DEĞİŞKEN FON,TEFAS,YAT,Değişken Şemsiye Fonu,6.0,3.62959,76.7,16.4119,35.2638,55.427,106.3379,,,33.0,,,,,,,
BVZ,BV PORTFÖY İSTATİSTİKSEL ARBİTRAJ SERBEST (TL) FON,TEFAS,YAT,Serbest Şemsiye Fonu,2.0,4.679194,59.6,3.2805,10.0597,21.6449,48.6133,3.0188,,7.0,,,,,,,
CAH,A1 CAPİTAL PORTFÖY HİSSE SENEDİ SERBEST FON (HİSSE SENEDİ YOĞUN FON),TEFAS,YAT,Serbest Şemsiye Fonu,6.0,1.083731,55.1,6.3566,9.9077,41.8723,,,,33.0,,,,,,,
CFO,ROTA PORTFÖY İKİNCİ PARA PİYASASI FONU,TEFAS,YAT,Para Piyasası Şemsiye Fonu,2.0,2.623315,59.6,3.0984,9.8577,20.7222,49.6004,,,7.0,,,,,,,
CIN,AKTİF PORTFÖY BİRİNCİ SERBEST FON,TEFAS,YAT,Serbest Şemsiye Fonu,6.0,1.750614,58.7,3.5339,6.6192,24.2272,46.4319,,,33.0,,,,,,,
CKF,ALBARAKA PORTFÖY ÇOKLU VARLIK KATILIM FONU,TEFAS,YAT,Katılım Şemsiye Fonu,4.0,2.126226,65.3,7.6812,17.616,35.7826,69.3816,,,18.0,,,,,,,
CKL,YAPI KREDİ PORTFÖY ÇOKLU VARLIK DEĞİŞKEN FON,TEFAS,YAT,Değişken Şemsiye Fonu,5.0,1.601334,52.4,1.1979,7.63,29.5433,,,,25.0,,,,,,,
CKS,İŞ PORTFÖY BİRİNCİ KATILIM SERBEST (DÖVİZ) FON,TEFAS,YAT,Serbest Şemsiye Fonu,4.0,61.814955,54.4,0.8045,3.8682,9.397,25.3419,194.9832,,18.0,,,,,,,
CPT,ROTA PORTFÖY ÇİP TEKNOLOJİLERİ DEĞİŞKEN FON,TEFAS,YAT,Değişken Şemsiye Fonu,6.0,3.862604,80.6,11.8679,30.3659,80.4451,154.4344,,,33.0,,,,,,,
CPU,AKTİF PORTFÖY TEKNOLOJİ KATILIM FONU,TEFAS,YAT,Katılım Şemsiye Fonu,5.0,3.913649,77.3,15.9105,31.137,62.2282,117.9947,,,25.0,,,,,,,
CVK,INVEO PORTFÖY ÇOKLU VARLIK KATILIM FONU,TEFAS,YAT,Katılım Şemsiye Fonu,2.0,5.307351,57.7,1.7121,7.2429,19.9757,42.9121,3.8642,,7.0,,,,,,,
CVL,A1 CAPİTAL PORTFÖY ÇOKLU VARLIK KATILIM FONU,TEFAS,YAT,Katılım Şemsiye Fonu,4.0,1.542757,54.8,5.188,10.3988,26.7442,,,,18.0,,,,,,,
DA1,A1 CAPİTAL PORTFÖY SERBEST (DÖVİZ) FON,TEFAS,YAT,Serbest Şemsiye Fonu,5.0,48.884516,51.3,1.0801,3.2825,8.4395,,,,25.0,,,,,,,
DAH,DENİZ PORTFÖY HİSSE SENEDİ FONU (HİSSE SENEDİ YOĞUN FON),TEFAS,YAT,Hisse Senedi Şemsiye Fonu,6.0,3.244275,52.5,-5.2658,-4.887,24.3814,39.0976,2.5169,11.6738,33.0,,,,,,,
DAS,DENİZ PORTFÖY ONİKİNCİ SERBEST (DÖVİZ) FON,TEFAS,YAT,Serbest Şemsiye Fonu,5.0,56.641821,54.6,1.9684,5.0165,9.5992,21.9848,158.7503,,25.0,,,,,,,
DBA,DENİZ PORTFÖY ALTIN FONU,TEFAS,YAT,Kıymetli Madenler Şemsiye Fonu,6.0,0.730414,55.5,-0.9644,-9.1395,16.2353,57.2574,3.8836,11.1594,33.0,,,,,,,
DBB,DENİZ PORTFÖY BORÇLANMA ARAÇLARI FONU,TEFAS,YAT,Borçlanma Araçları Şemsiye Fonu,3.0,0.117003,55.3,0.1559,2.4363,12.9825,35.7997,134.8071,2.8181,12.0,,,,,,,
DBH,DENİZ PORTFÖY EUROBOND (DÖVİZ) BORÇLANMA ARAÇLARI FONU,TEFAS,YAT,Borçlanma Araçları Şemsiye Fonu,6.0,0.386493,54.3,0.6362,2.4794,8.6698,26.6699,2.4158,7.1363,33.0,,,,,,,
DBK,DENİZ PORTFÖY KISA VADELİ BORÇLANMA ARAÇLARI (TL) FONU,TEFAS,YAT,Borçlanma Araçları Şemsiye Fonu,1.0,0.125893,59.1,2.9352,9.3104,20.0678,47.2416,2.25,3.6308,3.0,,,,,,,
DBP,DENİZ PORTFÖY BİRİNCİ DEĞİŞKEN FON,TEFAS,YAT,Değişken Şemsiye Fonu,5.0,0.503012,59.0,3.2864,8.9293,21.7957,45.6372,3.2636,9.1992,25.0,,,,,,,
DBZ,DENİZ PORTFÖY ÖZEL SEKTÖR BORÇLANMA ARAÇLARI FONU,TEFAS,YAT,Borçlanma Araçları Şemsiye Fonu,2.0,0.146432,59.3,3.0115,9.6771,20.5282,47.7709,2.324,3.7649,7.0,,,,,,,
DCB,DENİZ PORTFÖY PARA PİYASASI SERBEST (TL) FON,TEFAS,YAT,Serbest Şemsiye Fonu,2.0,4.97019,59.6,3.2114,9.9079,20.618,49.2328,2.5886,,7.0,,,,,,,
DDA,DENİZ PORTFÖY BANKACILIK SEKTÖRÜ HİSSE SENEDİ SERBEST FON (HİSSE SENEDİ YOĞUN FO,TEFAS,YAT,Serbest Şemsiye Fonu,7.0,12.00557,45.0,-10.2041,-20.1319,4.8651,18.3658,2.2189,9.9257,42.0,,,,,,,
DDF,DENİZ PORTFÖY DİNAMO HİSSE SENEDİ SERBEST (TL) FON (HİSSE SENEDİ YOĞUN FON),TEFAS,YAT,Serbest Şemsiye Fonu,6.0,12.030216,57.6,-0.1022,15.9844,36.3468,33.1314,4.0227,6.4384,33.0,,,,,,,
DEF,ALLBATROSS PORTFÖY DEFNE SERBEST FON,TEFAS,YAT,Serbest Şemsiye Fonu,4.0,2.691677,57.3,0.7437,7.046,19.4237,42.4426,,,18.0,,,,,,,
DFC,DENİZ PORTFÖY TARIM VE GIDA DEĞİŞKEN FON,TEFAS,YAT,Değişken Şemsiye Fonu,6.0,3.092221,55.8,0.7922,3.6228,28.0694,36.1974,180.2228,,33.0,,,,,,,
DFD,DENİZ PORTFÖY EMTİA SERBEST FON,TEFAS,YAT,Serbest Şemsiye Fonu,6.0,2.712303,59.5,2.1052,9.8617,25.6449,51.2393,175.4021,,33.0,,,,,,,
DFI,ATLAS PORTFÖY SERBEST FON,TEFAS,YAT,Serbest Şemsiye Fonu,7.0,0.405808,58.8,6.565,26.7539,64.7965,9.2637,28.1978,,42.0,,,,,,,
DGF,A1 CAPİTAL PORTFÖY DEĞİŞKEN FON,TEFAS,YAT,Değişken Şemsiye Fonu,5.0,1.550625,50.0,-1.0178,1.7459,19.4581,,,,25.0,,,,,,,
DGH,ATA PORTFÖY PARA PİYASASI SERBEST (TL) FON,TEFAS,YAT,Serbest Şemsiye Fonu,1.0,11.256408,59.9,3.2983,10.2601,21.4932,50.8873,2.5131,4.2739,3.0,,,,,,,
DHJ,DENİZ PORTFÖY TEKNOLOJİ ŞİRKETLERİ HİSSE SENEDİ FONU (HİSSE SENEDİ YOĞUN FON),TEFAS,YAT,Hisse Senedi Şemsiye Fonu,7.0,5.476741,64.7,8.8732,20.6387,43.9351,57.4703,2.8925,,42.0,,,,,,,
DHM,DENİZ PORTFÖY ESG-SÜRDÜRÜLEBİLİRLİK FON SEPETİ FONU,TEFAS,YAT,Fon Sepeti Şemsiye Fonu,6.0,5.265195,56.6,0.7772,3.2064,22.2147,42.6191,2.5623,,33.0,,,,,,,
DHT,DENİZ PORTFÖY HAVACILIK VE SAVUNMA TEKNOLOJİLERİ DEĞİŞKEN FON,TEFAS,YAT,Değişken Şemsiye Fonu,4.0,1.117037,50.3,1.5512,-1.5757,,,,,18.0,,,,,,,
DID,DENİZ PORTFÖY İKİNCİ DEĞİŞKEN FON,TEFAS,YAT,Değişken Şemsiye Fonu,6.0,1.475734,51.3,0.2422,4.7548,17.0409,,,,33.0,,,,,,,
DIP,DENİZ PORTFÖY İKİNCİ PARA PİYASASI SERBEST (TL) FON,TEFAS,YAT,Serbest Şemsiye Fonu,4.0,1.647261,53.9,3.2578,10.1686,21.1065,,,,18.0,,,,,,,
DKH,DENİZ PORTFÖY KATILIM HİSSE SENEDİ (TL) FONU (HİSSE SENEDİ YOĞUN FON),TEFAS,YAT,Hisse Senedi Şemsiye Fonu,5.0,3.456419,60.9,4.1928,12.5442,35.5888,52.7818,,,25.0,,,,,,,
DKL,DENİZ PORTFÖY BİRİNCİ KATILIM SERBEST (DÖVİZ) FON,TEFAS,YAT,Serbest Şemsiye Fonu,4.0,51.811971,54.1,1.2541,3.9891,8.7448,21.6881,,,18.0,,,,,,,
DKR,DENİZ PORTFÖY ONDÖRDÜNCÜ SERBEST FON,TEFAS,YAT,Serbest Şemsiye Fonu,4.0,0.759104,55.8,-0.7471,10.6209,18.3928,29.0926,,,18.0,,,,,,,
DL2,DENİZ PORTFÖY İKİNCİ PARA PİYASASI (TL) FONU,TEFAS,YAT,Para Piyasası Şemsiye Fonu,4.0,2.580128,59.4,2.9691,9.4682,20.3613,49.2207,,,18.0,,,,,,,
DLD,DENİZ PORTFÖY SÜRDÜRÜLEBİLİRLİK HİSSE SENEDİ FONU (HİSSE SENEDİ YOĞUN FON),TEFAS,YAT,Hisse Senedi Şemsiye Fonu,6.0,7.27763,54.6,-1.5516,-0.2966,23.973,38.4727,2.3819,,33.0,,,,,,,
DLY,DENİZ PORTFÖY PARA PİYASASI (TL) FONU,TEFAS,YAT,Para Piyasası Şemsiye Fonu,1.0,6.322123,59.4,3.0314,9.5465,20.2402,48.6152,2.4494,3.9328,3.0,,,,,,,
DMG,DENİZ PORTFÖY GÜMÜŞ FON SEPETİ FONU,TEFAS,YAT,Fon Sepeti Şemsiye Fonu,7.0,6.525735,70.0,2.9953,-11.0205,57.9792,158.6952,5.8692,,42.0,,,,,,,
DNF,A1 CAPİTAL PORTFÖY DİNAMİK FON SEPETİ FONU,TEFAS,YAT,Fon Sepeti Şemsiye Fonu,4.0,1.398484,51.5,1.7534,2.9163,,,,,18.0,,,,,,,
DNH,DENİZ PORTFÖY İNŞAAT SEKTÖRÜ HİSSE SENEDİ SERBEST (TL) FON (HİSSE SENEDİ YOĞUN F,TEFAS,YAT,Serbest Şemsiye Fonu,4.0,1.056357,50.1,-1.1938,2.2563,19.3317,,,,18.0,,,,,,,
DNK,TACİRLER PORTFÖY DENGE KATILIM SERBEST FON,TEFAS,YAT,Serbest Şemsiye Fonu,6.0,1.523367,64.8,2.795,31.5523,30.9548,56.8975,,,33.0,,,,,,,
DNM,QNB PORTFÖY DİNAMİK DAĞILIMLI SERBEST (DÖVİZ) FON,TEFAS,YAT,Serbest Şemsiye Fonu,4.0,52.952417,53.4,0.893,0.6117,8.9403,22.1835,,,18.0,,,,,,,
DNP,DENİZ PORTFÖY PARA PİYASASI KATILIM SERBEST (TL) FON,TEFAS,YAT,Serbest Şemsiye Fonu,2.0,1.49635,53.7,3.1109,9.7643,20.4598,,,,7.0,,,,,,,
DOH,TERA PORTFÖY DÖRDÜNCÜ HİSSE SENEDİ SERBEST (TL) FON (HİSSE SENEDİ YOĞUN FON),TEFAS,YAT,Serbest Şemsiye Fonu,6.0,0.392329,63.8,-1.8727,7.5828,33.8491,97.0525,,,33.0,,,,,,,
DOL,AKTİF PORTFÖY ÜÇÜNCÜ AKTİF SERBEST (DÖVİZ) FON,TEFAS,YAT,Serbest Şemsiye Fonu,4.0,54.117142,54.6,1.9403,5.0339,9.6423,22.3534,,,18.0,,,,,,,
DOV,DENİZ PORTFÖY ONÜÇÜNCÜ SERBEST (DÖVİZ-AVRO) FON,TEFAS,YAT,Serbest Şemsiye Fonu,6.0,60.867032,54.4,1.4923,3.5464,10.2053,23.7136,169.6293,,33.0,,,,,,,
DPB,DENİZ PORTFÖY SERBEST (DÖVİZ) FON,TEFAS,YAT,Serbest Şemsiye Fonu,6.0,24.591758,53.7,-0.597,0.8042,9.0531,28.3624,2.7564,7.6427,33.0,,,,,,,
DPI,DENİZ PORTFÖY İSTATİSTİKSEL ARBİTRAJ HİSSE SENEDİ SERBEST FON (HİSSE SENEDİ YOĞU,TEFAS,YAT,Serbest Şemsiye Fonu,2.0,9.196124,58.9,3.5743,9.2866,18.5067,44.1369,2.718,5.6509,7.0,,,,,,,
DPK,DENİZ PORTFÖY KİRA SERTİFİKALARI KATILIM (TL) FONU,TEFAS,YAT,Katılım Şemsiye Fonu,2.0,8.971849,58.4,2.8034,8.0349,18.4847,43.5886,2.0484,3.5116,7.0,,,,,,,
DPT,DENİZ PORTFÖY BİST TEMETTÜ 25 ENDEKSİ HİSSE SENEDİ FONU ( HİSSE SENEDİ YOĞUN FON,TEFAS,YAT,Hisse Senedi Şemsiye Fonu,6.0,17.453934,54.3,-4.1593,-1.5777,24.6954,44.9753,2.3191,8.3799,33.0,,,,,,,
DRA,NEO PORTFÖY DORA SERBEST FON,TEFAS,YAT,Serbest Şemsiye Fonu,7.0,1.11074,48.6,-5.9429,-17.0186,5.981,29.5403,,,42.0,,,,,,,
DRT,DENİZ PORTFÖY ROBOTİK TEKNOLOJİLERİ DEĞİŞKEN FON,TEFAS,YAT,Değişken Şemsiye Fonu,6.0,1.188712,58.4,8.9618,18.5964,,,,,33.0,,,,,,,
DSD,DENİZ PORTFÖY İKİNCİ SERBEST (DÖVİZ_AVRO) FON,TEFAS,YAT,Serbest Şemsiye Fonu,6.0,71.368483,54.0,0.3629,1.0721,9.3975,27.1993,2.1701,5.0823,33.0,,,,,,,
DSP,DENİZ PORTFÖY DENGELİ FON SEPETİ FONU,TEFAS,YAT,Fon Sepeti Şemsiye Fonu,3.0,14.847968,57.2,1.7831,4.4952,18.2161,42.8983,2.6552,6.3239,12.0,,,,,,,
DTH,EMAA BLUE PORTFÖY DÖNÜŞÜM TEKNOLOJİLERİ HİSSE SENEDİ (TL) FONU (HİSSE SENEDİ YOĞ,TEFAS,YAT,Hisse Senedi Şemsiye Fonu,6.0,1.136465,61.2,13.6887,21.9485,,,,,33.0,,,,,,,
DTL,DENİZ PORTFÖY BIST 100 DIŞI ŞİRKETLER HİSSE SENEDİ (TL) FONU (HİSSE SENEDİ YOĞUN,TEFAS,YAT,Hisse Senedi Şemsiye Fonu,6.0,3.546504,62.6,8.1086,11.1756,29.9617,57.3952,3.123,,33.0,,,,,,,
DTM,DENİZ PORTFÖY TEMETTÜ ÖDEYEN ŞİRKETLER DEĞİŞKEN FON,TEFAS,YAT,Değişken Şemsiye Fonu,6.0,1.43227,50.2,-0.3394,1.2944,25.4837,,,,33.0,,,,,,,
DTZ,AK PORTFÖY ROBOTİK TEKNOLOJİLER DEĞİŞKEN FON,TEFAS,YAT,Değişken Şemsiye Fonu,6.0,5.143595,68.9,11.7563,29.9789,29.8926,67.4963,2.8712,,33.0,,,,,,,
DUD,DENİZ PORTFÖY UZUN VADELİ SERBEST (DÖVİZ) FON,TEFAS,YAT,Serbest Şemsiye Fonu,4.0,51.708754,50.3,0.5308,0.25,7.7074,,,,18.0,,,,,,,
DUH,HEDEF PORTFÖY UFUK HİSSE SENEDİ SERBEST FON (HİSSE SENEDİ YOĞUN FON),TEFAS,YAT,Serbest Şemsiye Fonu,6.0,1.056359,42.9,-9.9205,-10.5873,-18.7134,-12.5486,,,33.0,,,,,,,
DUV,DENİZ PORTFÖY UZUN VADELİ BORÇLANMA ARAÇLARI FONU,TEFAS,YAT,Borçlanma Araçları Şemsiye Fonu,5.0,1.329634,51.3,-2.6018,-4.9297,5.4395,23.5222,,,25.0,,,,,,,
DVS,DENİZ PORTFÖY KISA VADELİ SERBEST (TL) FON,TEFAS,YAT,Serbest Şemsiye Fonu,4.0,1.636481,53.5,2.8948,9.3067,20.1757,,,,18.0,,,,,,,
DVT,DENİZ PORTFÖY METAVERSE VE DİJİTAL YAŞAM TEKNOLOJİLERİ DEĞİŞKEN FON,TEFAS,YAT,Değişken Şemsiye Fonu,6.0,9.873598,72.8,13.8478,32.5051,50.2642,87.3395,5.457,,33.0,,,,,,,
DXP,DENİZ PORTFÖY İHRACATÇI ŞİRKETLER HİSSE SENEDİ FONU (HİSSE SENEDİ YOĞUN FON),TEFAS,YAT,Hisse Senedi Şemsiye Fonu,6.0,1.688595,57.1,1.3085,4.611,32.8734,42.7542,,,33.0,,,,,,,
DYN,DENİZ PORTFÖY ELEKTRİKLİ VE OTONOM ARAÇ TEKNOLOJİLERİ DEĞİŞKEN FON,TEFAS,YAT,Değişken Şemsiye Fonu,6.0,4.383531,67.3,9.5528,20.0821,36.6553,75.814,2.8695,,33.0,,,,,,,
DZE,DENİZ PORTFÖY BIST 100 ENDEKSİ HİSSE SENEDİ FONU(HİSSE SENEDİ YOĞUN FON),TEFAS,YAT,Hisse Senedi Şemsiye Fonu,6.0,0.883393,55.4,-2.2097,0.5748,26.5258,45.3624,2.2297,9.8183,33.0,,,,,,,
DZM,DENİZ PORTFÖY BEŞİNCİ SERBEST (DÖVİZ) FON,TEFAS,YAT,Serbest Şemsiye Fonu,6.0,87.237766,53.5,-0.4034,0.8549,8.3897,25.8507,2.6429,7.5561,33.0,,,,,,,
EBD,GLOBAL MD PORTFÖY İKİNCİ DEĞİŞKEN FON,TEFAS,YAT,Değişken Şemsiye Fonu,4.0,0.266153,69.6,17.2522,26.0753,54.2985,64.4848,3.1576,7.9393,18.0,,,,,,,
EBI,EMAA BLUE PORTFÖY İKİNCİ SERBEST (DÖVİZ-AVRO) FON,TEFAS,YAT,Serbest Şemsiye Fonu,4.0,56.485118,50.7,0.9002,1.2568,9.1727,,,,18.0,,,,,,,
EBS,EMAA BLUE PORTFÖY BİRİNCİ SERBEST (DÖVİZ-ABD DOLARI) FON,TEFAS,YAT,Serbest Şemsiye Fonu,4.0,49.928466,51.5,1.3691,3.7949,9.1644,,,,18.0,,,,,,,
EC2,GLOBAL MD PORTFÖY BİRİNCİ HİSSE SENEDİ FONU(HİSSE SENEDİ YOĞUN FON),TEFAS,YAT,Hisse Senedi Şemsiye Fonu,4.0,77.822644,51.4,-3.2032,-3.4941,5.3595,23.5187,2.7131,12.3907,18.0,,,,,,,
ECA,GLOBAL MD PORTFÖY BİRİNCİ DEĞİŞKEN FON,TEFAS,YAT,Değişken Şemsiye Fonu,6.0,1.983608,59.2,0.9633,12.0983,38.2779,48.8018,2.9451,9.4467,33.0,,,,,,,
EDP,NEO PORTFÖY KORUNCUK EĞİTİME DESTEK PARA PİYASASI SERBEST FON,TEFAS,YAT,Serbest Şemsiye Fonu,2.0,1.218397,52.1,3.1733,,,,,,7.0,,,,,,,
EDT,DENİZ PORTFÖY TED EĞİTİME DESTEK SERBEST FON,TEFAS,YAT,Serbest Şemsiye Fonu,2.0,2.352479,59.4,3.1348,9.6592,20.0506,48.0226,,,7.0,,,,,,,
EDU,İŞ PORTFÖY TEV EĞİTİME DESTEK DEĞİŞKEN FON,TEFAS,YAT,Değişken Şemsiye Fonu,4.0,3.724512,57.1,1.4321,2.9655,20.8068,45.2861,,,18.0,,,,,,,
EIB,ASTRA PORTFÖY DEĞİŞKEN FON,TEFAS,YAT,Değişken Şemsiye Fonu,3.0,0.688831,61.3,7.3277,13.1686,23.0175,46.58,3.1896,6.7816,12.0,,,,,,,
EID,ASTRA PORTFÖY HİSSE SENEDİ FONU (HİSSE YOĞUN FON),TEFAS,YAT,Hisse Senedi Şemsiye Fonu,6.0,1.741538,54.2,0.0972,-3.2852,21.2151,36.1684,3.0201,14.2402,33.0,,,,,,,
EIL,ASTRA PORTFÖY PARA PİYASASI (TL) FONU,TEFAS,YAT,Para Piyasası Şemsiye Fonu,2.0,5.512419,60.0,3.2846,9.9626,21.3683,51.923,2.4627,4.0152,7.0,,,,,,,
EKF,ASTRA PORTFÖY KİRA SERTİFİKASI KATILIM (TL) FONU,TEFAS,YAT,Katılım Şemsiye Fonu,3.0,0.142219,60.0,3.469,10.4577,21.8094,50.3607,2.9295,5.3134,12.0,,,,,,,
ELZ,ASTRA PORTFÖY KATILIM HİSSE SENEDİ FONU (HİSSE SENEDİ YOĞUN FON),TEFAS,YAT,Hisse Senedi Şemsiye Fonu,4.0,12.079802,59.3,1.8113,8.799,31.9636,51.8646,2.9535,10.908,18.0,,,,,,,
EML,AK PORTFÖY EMLAK SEKTÖRÜ DEĞİŞKEN FON,TEFAS,YAT,Değişken Şemsiye Fonu,3.0,1.182972,52.5,1.2572,7.8065,,,,,12.0,,,,,,,
ENJ,AKTİF PORTFÖY ENERJİ ŞİRKETLERİ HİSSE SENEDİ (TL) FONU (HİSSE SENEDİ YOĞUN FON),TEFAS,YAT,Hisse Senedi Şemsiye Fonu,6.0,1.169041,61.0,2.831,14.5835,23.5589,53.2796,,,33.0,,,,,,,
EPA,EMAA BLUE PORTFÖY PARA PİYASASI KATILIM (TL) FONU,TEFAS,YAT,Katılım Şemsiye Fonu,1.0,1.434682,53.7,3.1099,9.6768,20.0003,,,,3.0,,,,,,,
EPI,EMAA BLUE PORTFÖY İNŞAAT SEKTÖRÜ KATILIM FONU,TEFAS,YAT,Katılım Şemsiye Fonu,5.0,1.019985,50.4,-0.6038,2.4382,15.4412,,,,25.0,,,,,,,
EPK,EMAA BLUE PORTFÖY KIYMETLİ MADENLER KATILIM FON SEPETİ FONU,TEFAS,YAT,Fon Sepeti Şemsiye Fonu,6.0,1.304055,47.1,0.1543,-11.6722,37.8043,,,,33.0,,,,,,,
EPP,EMAA BLUE PORTFÖY PARA PİYASASI SERBEST FON,TEFAS,YAT,Serbest Şemsiye Fonu,2.0,1.545158,53.9,3.2738,10.0147,21.063,,,,7.0,,,,,,,
EPT,EMAA BLUE PORTFÖY PARA PİYASASI (TL) FONU,TEFAS,YAT,Para Piyasası Şemsiye Fonu,1.0,1.391261,53.8,3.1364,9.8363,20.4787,,,,3.0,,,,,,,
ESG,AKTİF PORTFÖY ESG SÜRDÜRÜLEBİLİRLİK SERBEST FON,TEFAS,YAT,Serbest Şemsiye Fonu,6.0,4.224484,51.5,-4.3183,-3.2076,10.9914,26.96,132.4884,2.5646,33.0,,,,,,,
ESP,AURA PORTFÖY EMTİA SERBEST FON,TEFAS,YAT,Serbest Şemsiye Fonu,7.0,0.249586,48.4,7.2548,8.73,-42.0384,-43.5121,,,42.0,,,,,,,
EUN,GARANTİ PORTFÖY İKİNCİ SERBEST (DÖVİZ-AVRO) FON,TEFAS,YAT,Serbest Şemsiye Fonu,4.0,63.152878,54.2,0.9611,1.8594,9.3862,26.1227,,,18.0,,,,,,,
EUZ,GARANTİ PORTFÖY SERBEST (DÖVİZ-AVRO) FON,TEFAS,YAT,Serbest Şemsiye Fonu,4.0,63.057242,54.3,1.4546,3.4548,9.9568,23.5156,189.4187,4.7795,18.0,,,,,,,
EVM,DENİZ PORTFÖY ENERJİ VE MADENCİLİK SEKTÖRÜ DEĞİŞKEN FON,TEFAS,YAT,Değişken Şemsiye Fonu,6.0,1.125455,51.3,1.0601,3.4098,,,,,33.0,,,,,,,
EYT,AKTİF PORTFÖY İKİNCİ FON SEPETİ FONU,TEFAS,YAT,Fon Sepeti Şemsiye Fonu,3.0,3.006351,60.8,3.4583,6.7742,29.3372,62.3067,,,12.0,,,,,,,
FAK,FONMAP PORTFÖY ALTIN KATILIM FONU,TEFAS,YAT,Katılım Şemsiye Fonu,6.0,1.251509,47.0,-1.3667,-9.6427,10.4252,,,,33.0,,,,,,,
FAL,ONE PORTFÖY ALTIN FONU,TEFAS,YAT,Kıymetli Madenler Şemsiye Fonu,6.0,1.207609,46.4,-1.7731,-11.6165,21.463,,,,33.0,,,,,,,
FBC,ONE PORTFÖY KAR PAYI ÖDEYEN KATILIM FONU,TEFAS,YAT,Katılım Şemsiye Fonu,4.0,1.585577,60.4,1.6778,13.3977,25.9434,53.6942,,,18.0,,,,,,,
FBI,FİBA PORTFÖY BİRİNCİ SERBEST (DÖVİZ) FON,TEFAS,YAT,Serbest Şemsiye Fonu,4.0,54.359051,54.5,1.9881,5.0472,9.4455,21.4066,,,18.0,,,,,,,
FBV,İŞ PORTFÖY MODEL SERBEST FON,TEFAS,YAT,Serbest Şemsiye Fonu,6.0,7.435958,60.0,3.3114,4.9146,25.6094,59.6772,3.3297,6.3062,33.0,,,,,,,
FBZ,FİBA PORTFÖY TEKNOLOJİ SERBEST FON,TEFAS,YAT,Serbest Şemsiye Fonu,6.0,4.888228,67.4,11.8412,23.9228,33.3321,65.2748,2.1654,3.2813,33.0,,,,,,,
FCK,ONE PORTFÖY ÇOKLU VARLIK KATILIM FONU,TEFAS,YAT,Katılım Şemsiye Fonu,5.0,1.529989,60.2,0.5924,13.5721,31.7753,54.5635,,,25.0,,,,,,,
FD1,ONE PORTFÖY BİRİNCİ DEĞİŞKEN FON,TEFAS,YAT,Değişken Şemsiye Fonu,4.0,1.872559,56.6,0.7436,2.7479,16.6629,43.508,,,18.0,,,,,,,
FDG,FONMAP PORTFÖY BİRİNCİ DEĞİŞKEN FON,TEFAS,YAT,Değişken Şemsiye Fonu,4.0,2.669442,60.9,3.6816,8.6245,35.5641,59.9509,,,18.0,,,,,,,
FDV,AZİMUT PORTFÖY DMR SERBEST FON,TEFAS,YAT,Serbest Şemsiye Fonu,5.0,6.080425,63.4,5.3078,13.852,33.0208,66.5341,4.5302,,25.0,,,,,,,
FFH,QNB PORTFÖY ÇOKLU VARLIK KATILIM FONU,TEFAS,YAT,Katılım Şemsiye Fonu,3.0,8.839842,60.2,2.8471,8.7402,26.7058,55.9009,2.7676,6.688,12.0,,,,,,,
FFP,QNB PORTFÖY FON SEPETİ FONU,TEFAS,YAT,Fon Sepeti Şemsiye Fonu,4.0,7.75618,56.3,0.0766,0.6138,18.9525,45.8233,2.6578,5.5227,18.0,,,,,,,
FI3,QNB PORTFÖY BORÇLANMA ARAÇLARI FONU,TEFAS,YAT,Borçlanma Araçları Şemsiye Fonu,4.0,818.848247,54.8,-0.3537,1.2808,12.0115,35.0368,150.1409,3.0951,18.0,,,,,,,
FIB,FİBA PORTFÖY ALTIN FONU,TEFAS,YAT,Kıymetli Madenler Şemsiye Fonu,6.0,0.492539,54.9,-1.3769,-9.6786,14.4274,54.6294,3.9791,11.0434,33.0,,,,,,,
FID,FİBA PORTFÖY ÇOKLU VARLIK İKİNCİ DEĞİŞKEN FON,TEFAS,YAT,Değişken Şemsiye Fonu,6.0,1.00191,52.9,-3.0668,-0.6195,14.2194,30.2393,199.3112,6.6475,33.0,,,,,,,
FIL,FİBA PORTFÖY PARA PİYASASI (TL) FONU,TEFAS,YAT,Para Piyasası Şemsiye Fonu,2.0,0.387072,59.5,3.0281,9.5511,20.371,49.1404,2.4922,4.124,7.0,,,,,,,
FIT,FİBA PORTFÖY BORÇLANMA ARAÇLARI (TL) FONU,TEFAS,YAT,Borçlanma Araçları Şemsiye Fonu,4.0,0.235038,50.9,-3.0622,-5.9007,5.6925,23.4132,95.3214,169.5041,18.0,,,,,,,
FJB,FİBA PORTFÖY BLOK ZİNCİRİ TEKNOLOJİLERİ SERBEST FON,TEFAS,YAT,Serbest Şemsiye Fonu,6.0,7.529438,68.1,10.4231,25.8106,29.679,71.0056,4.067,,33.0,,,,,,,
FJZ,FİBA PORTFÖY FIRTINA SERBEST (DÖVİZ) FON,TEFAS,YAT,Serbest Şemsiye Fonu,4.0,64.850554,54.2,0.2248,2.6819,9.6391,26.6656,2.2259,,18.0,,,,,,,
FKE,QNB PORTFÖY KRİSTAL SERBEST (DÖVİZ-AVRO) FON,TEFAS,YAT,Serbest Şemsiye Fonu,4.0,59.582999,54.3,1.472,3.4393,9.8537,23.1215,164.4415,,18.0,,,,,,,
FLS,YAPI KREDİ PORTFÖY FLORYA SERBEST (DÖVİZ-AVRO) FON,TEFAS,YAT,Serbest Şemsiye Fonu,4.0,61.898351,55.7,1.866,3.3291,11.5042,32.8503,,,18.0,,,,,,,
FLY,AKTİF PORTFÖY HAVACILIK VE SAVUNMA TEKNOLOJİLERİ DEĞİŞKEN FON,TEFAS,YAT,Değişken Şemsiye Fonu,5.0,1.494476,54.7,1.9945,-0.8463,19.9774,31.6088,,,25.0,,,,,,,
FMG,QNB PORTFÖY GÜMÜŞ SERBEST FON,TEFAS,YAT,Serbest Şemsiye Fonu,6.0,3.220685,71.3,5.0394,-11.8771,62.1084,164.8017,,,33.0,,,,,,,
FMV,DENİZ PORTFÖY FMV IŞIK ÜNİVERSİTESİ EĞİTİME DESTEK SERBEST FON,TEFAS,YAT,Serbest Şemsiye Fonu,2.0,1.481488,53.7,3.0932,9.587,19.8861,,,,7.0,,,,,,,
FNO,QNB PORTFÖY BİRİNCİ DEĞİŞKEN FON,TEFAS,YAT,Değişken Şemsiye Fonu,4.0,0.204291,55.4,0.0253,-0.8539,14.0155,41.6535,2.7483,5.9141,18.0,,,,,,,
FNT,HEDEF PORTFÖY MODEL HİSSE SENEDİ SERBEST (TL) FON (HİSSE SENEDİ YOĞUN FON),TEFAS,YAT,Serbest Şemsiye Fonu,6.0,1.74443,54.8,-0.6163,0.0332,20.9932,37.6834,,,33.0,,,,,,,
FP4,ONE PORTFÖY DÖRDÜNCÜ HİSSE SENEDİ SERBEST FON (HİSSE SENEDİ YOĞUN FON),TEFAS,YAT,Serbest Şemsiye Fonu,6.0,0.386298,49.9,-1.7792,2.6966,21.7505,,,,33.0,,,,,,,
FPE,FİBA PORTFÖY EUROBOND BORÇLANMA ARAÇLARI (DÖVİZ) FONU,TEFAS,YAT,Borçlanma Araçları Şemsiye Fonu,4.0,75.918595,54.1,0.5446,2.0339,7.5657,26.2372,2.1548,6.3007,18.0,,,,,,,
FPG,FİBA PORTFÖY GÜMÜŞ SERBEST FON,TEFAS,YAT,Serbest Şemsiye Fonu,6.0,2.11649,67.3,2.752,-12.2581,54.0886,140.8853,,,33.0,,,,,,,
FPH,FİBA PORTFÖY HİSSE SENEDİ (TL) FONU (HİSSE SENEDİ YOĞUN FON),TEFAS,YAT,Hisse Senedi Şemsiye Fonu,6.0,32.937477,53.6,-3.5672,-0.8443,20.5505,37.1163,2.4767,10.1592,33.0,,,,,,,
FPI,FONMAP PORTFÖY BİRİNCİ PARA PİYASASI (TL) FONU,TEFAS,YAT,Para Piyasası Şemsiye Fonu,1.0,2.75185,59.3,3.0442,9.7733,20.103,47.2985,,,3.0,,,,,,,
FPK,FİBA PORTFÖY KISA VADELİ BORÇLANMA ARAÇLARI (TL) FONU,TEFAS,YAT,Borçlanma Araçları Şemsiye Fonu,1.0,0.101932,58.4,2.5604,7.5856,18.4236,45.3381,2.1489,3.4565,3.0,,,,,,,
FPZ,QNB PORTFÖY BİRİNCİ SERBEST (DÖVİZ) FON,TEFAS,YAT,Serbest Şemsiye Fonu,4.0,70.940735,54.6,2.0113,5.1027,9.5985,21.9538,171.9348,5.5364,18.0,,,,,,,
FRC,FONMAP PORTFÖY BİRİNCİ HİSSE SENEDİ SERBEST FON (HİSSE SENEDİ YOĞUN FON),TEFAS,YAT,Serbest Şemsiye Fonu,6.0,0.905203,60.7,4.4676,12.9346,38.4799,49.7773,,,33.0,,,,,,,
FS5,ONE PORTFÖY BİRİNCİ İSTATİSTİKSEL ARBİTRAJ HİSSE SENEDİ SERBEST FON (HİSSE SENED,TEFAS,YAT,Serbest Şemsiye Fonu,2.0,1.886006,48.8,-8.4033,-5.0852,1.7049,19.4532,,,7.0,,,,,,,
FS6,ONE PORTFÖY İKİNCİ İSTATİSTİKSEL ARBİTRAJ SERBEST FON,TEFAS,YAT,Serbest Şemsiye Fonu,4.0,1.961233,61.1,3.0556,5.0228,27.1696,68.4012,,,18.0,,,,,,,
FSF,FİBA PORTFÖY PARA PİYASASI SERBEST (TL) FON,TEFAS,YAT,Serbest Şemsiye Fonu,2.0,7.210619,59.5,3.1513,9.7764,20.4772,48.8745,2.5583,4.3088,7.0,,,,,,,
FSG,FİBA PORTFÖY BİRİNCİ HİSSE SENEDİ SERBEST FON (HİSSE SENEDİ YOĞUN FON),TEFAS,YAT,Serbest Şemsiye Fonu,6.0,3.570525,53.3,-3.9797,-1.2323,21.3242,36.2642,2.6232,,33.0,,,,,,,
FSH,FİBA PORTFÖY FON SEPETİ SERBEST FON,TEFAS,YAT,Serbest Şemsiye Fonu,6.0,4.9552,70.1,12.2672,26.8894,38.2793,80.1226,3.3991,,33.0,,,,,,,
FSK,QNB PORTFÖY İKİNCİ PARA PİYASASI (TL) FONU,TEFAS,YAT,Para Piyasası Şemsiye Fonu,2.0,6.365876,59.3,2.8937,9.2245,20.108,49.0277,2.4557,3.9395,7.0,,,,,,,
FSP,FONMAP PORTFÖY SERBEST (DÖVİZ) FON,TEFAS,YAT,Serbest Şemsiye Fonu,6.0,16.412064,47.2,-2.8428,-6.5871,-5.2709,,,,33.0,,,,,,,
FSR,FİBA PORTFÖY İKİNCİ SERBEST (DÖVİZ-AVRO) FON,TEFAS,YAT,Serbest Şemsiye Fonu,4.0,47.814445,54.2,1.4679,3.4378,9.8181,22.9344,,,18.0,,,,,,,
FSU,TERA PORTFÖY FON SEPETİ FONU,TEFAS,YAT,Fon Sepeti Şemsiye Fonu,7.0,1.109877,51.8,-0.6885,8.2082,29.8881,,,,42.0,,,,,,,
FTL,ONE PORTFÖY PARA PİYASASI KATILIM FONU,TEFAS,YAT,Katılım Şemsiye Fonu,1.0,1.595653,53.7,3.0999,9.664,20.087,,,,3.0,,,,,,,
FUA,AK PORTFÖY İHRACATÇI ŞİRKETLER HİSSE SENEDİ (TL) FONU (HİSSE SENEDİ YOĞUN FON),TEFAS,YAT,Hisse Senedi Şemsiye Fonu,6.0,4.726774,55.3,-2.2131,4.7593,31.0453,38.3145,166.2572,,33.0,,,,,,,
FUB,QNB PORTFÖY EUROBOND (DÖVİZ) BORÇLANMA ARAÇLARI FONU,TEFAS,YAT,Borçlanma Araçları Şemsiye Fonu,5.0,0.750337,54.0,-0.0822,0.8233,7.4814,28.9709,2.1618,6.0353,25.0,,,,,,,
FYD,QNB PORTFÖY BİRİNCİ HİSSE SENEDİ FONU (HİSSE SENEDİ YOĞUN FON),TEFAS,YAT,Hisse Senedi Şemsiye Fonu,6.0,10.815551,51.7,-5.9043,-6.5013,16.7487,37.2144,2.6813,13.3162,33.0,,,,,,,
FYI,AZİMUT PORTFÖY 4.0 SERBEST FON,TEFAS,YAT,Serbest Şemsiye Fonu,7.0,11.372949,60.6,4.3985,10.2582,42.4142,53.1515,2.2305,4.3172,42.0,,,,,,,
FYO,QNB PORTFÖY ÖZEL SEKTÖR BORÇLANMA ARAÇLARI FONU,TEFAS,YAT,Borçlanma Araçları Şemsiye Fonu,1.0,1.236713,59.4,3.0933,9.7235,20.4573,48.1099,2.262,3.7352,3.0,,,,,,,
FZJ,FİBA PORTFÖY BİRİNCİ FON SEPETİ FONU,TEFAS,YAT,Fon Sepeti Şemsiye Fonu,4.0,5.771827,57.2,1.7243,4.7628,19.4048,42.2206,2.4875,,18.0,,,,,,,
FZP,FİBA PORTFÖY SERBEST FON,TEFAS,YAT,Serbest Şemsiye Fonu,2.0,6.740708,58.4,2.0636,7.7613,19.4116,45.8609,2.5398,4.5325,7.0,,,,,,,
GA1,GARANTİ PORTFÖY BORÇLANMA ARAÇLARI FONU,TEFAS,YAT,Borçlanma Araçları Şemsiye Fonu,3.0,2.062952,54.8,-0.3823,0.8339,11.3615,35.6935,176.7345,3.2312,12.0,,,,,,,
GAE,GARANTİ PORTFÖY BİST30 ENDEKSİ HİSSE SENEDİ (TL) FONU (HİSSE SENEDİ YOĞUN FON),TEFAS,YAT,Hisse Senedi Şemsiye Fonu,6.0,0.417297,56.9,-3.4387,3.6155,33.8699,54.5808,2.3634,9.929,33.0,,,,,,,
GAF,INVEO PORTFÖY BİRİNCİ HİSSE SENEDİ FONU (HİSSE SENEDİ YOĞUN FON),TEFAS,YAT,Hisse Senedi Şemsiye Fonu,6.0,1.526257,55.7,-2.8023,-3.1605,25.0423,54.6211,3.8013,14.8134,33.0,,,,,,,
GAG,INVEO PORTFÖY BİRİNCİ SERBEST (DÖVIZ)  FON,TEFAS,YAT,Serbest Şemsiye Fonu,6.0,18.596478,54.8,1.9866,5.1913,9.9569,22.932,166.2776,5.4188,33.0,,,,,,,
GAH,GARANTİ PORTFÖY MUTLAK GETİRİ HEDEFLİ DEĞİŞKEN FON,TEFAS,YAT,Değişken Şemsiye Fonu,3.0,12.787378,57.0,1.3287,3.0059,17.8088,44.7263,3.0364,5.8434,12.0,,,,,,,
GAS,GARANTİ PORTFÖY ÜÇÜNCÜ SERBEST(DÖVİZ) FON,TEFAS,YAT,Serbest Şemsiye Fonu,4.0,0.323579,54.5,1.5171,3.934,8.8785,24.2039,181.8999,5.7088,18.0,,,,,,,
GBC,AZİMUT PORTFÖY YABANCI HİSSE SENEDİ FONU,TEFAS,YAT,Hisse Senedi Şemsiye Fonu,6.0,0.322432,63.2,7.9697,14.1299,23.2573,58.1285,2.5443,4.9262,33.0,,,,,,,
GBG,INVEO PORTFÖY G-20 ÜLKELERİ YABANCI HİSSE SENEDİ FONU,TEFAS,YAT,Hisse Senedi Şemsiye Fonu,6.0,0.611495,65.4,9.2089,18.3713,43.6259,64.8733,2.8186,7.2305,33.0,,,,,,,
GBH,GARANTİ PORTFÖY BİRİNCİ HİSSE SENEDİ SERBEST FON (HİSSE SENEDİ YOĞUN FON),TEFAS,YAT,Serbest Şemsiye Fonu,6.0,3.751832,54.7,-4.1461,-0.5173,30.5832,46.056,3.3748,,33.0,,,,,,,
GBJ,GARANTİ PORTFÖY BANKACILIK SEKTÖRÜ HİSSE SENEDİ SERBEST FON (HİSSE SENEDİ YOĞUN ,TEFAS,YAT,Serbest Şemsiye Fonu,7.0,1.379052,47.1,-10.0537,-19.3687,5.7117,32.125,,,42.0,,,,,,,
GBL,AZİMUT PYŞ KISA VADELİ BORÇLANMA ARAÇLARI FONU,TEFAS,YAT,Borçlanma Araçları Şemsiye Fonu,2.0,0.904472,59.4,2.9707,9.6797,20.4089,48.3292,2.4504,4.1787,7.0,,,,,,,
GBN,GARANTİ PORTFÖY BEŞİNCİ (TL) SERBEST FON,TEFAS,YAT,Serbest Şemsiye Fonu,2.0,7.148911,59.3,3.0815,9.7104,20.0463,47.7475,2.5174,4.1867,7.0,,,,,,,
GBV,GARANTİ PORTFÖY BLOCKCHAİN TEKNOLOJİLERİ DEĞİŞKEN FON,TEFAS,YAT,Değişken Şemsiye Fonu,6.0,13.549726,72.0,11.9268,25.063,42.3172,97.8024,5.9901,,33.0,,,,,,,
GBZ,AZİMUT PORTFÖY EMTİA FON SEPETİ FONU,TEFAS,YAT,Fon Sepeti Şemsiye Fonu,6.0,3.58714,60.4,1.6698,10.8622,31.8178,57.2028,2.4954,,33.0,,,,,,,
GGK,INVEO PORTFÖY ALTIN FON,TEFAS,YAT,Kıymetli Madenler Şemsiye Fonu,6.0,13.613161,54.8,-1.1466,-10.2875,13.5721,54.1244,4.3224,12.0271,33.0,,,,,,,
GHS,GARANTİ PORTFÖY HİSSE SENEDİ (TL) FONU (HİSSE SENEDİ YOĞUN FON),TEFAS,YAT,Hisse Senedi Şemsiye Fonu,6.0,36.024423,54.3,-3.397,-1.7656,26.4515,43.5699,3.0287,14.5177,33.0,,,,,,,
GID,GARANTİ PORTFÖY İNŞAAT SEKTÖRÜ DEĞİŞKEN FON,TEFAS,YAT,Değişken Şemsiye Fonu,5.0,1.477801,54.3,-1.3669,1.3279,17.5554,33.7223,,,25.0,,,,,,,
GIE,GARANTİ PORTFÖY GARANTİ BBVA İKLİM ENDEKSİ HİSSE SENEDİ (TL) FONU (HİSSE SENEDİ ,TEFAS,YAT,Hisse Senedi Şemsiye Fonu,6.0,3.432823,52.8,-5.6684,-3.1585,24.9497,39.5858,2.6522,,33.0,,,,,,,
GIH,ALLBATROSS PORTFÖY GIDA VE İÇECEK SEKTÖRÜ HİSSE SENEDİ FONU (HİSSE SENEDİ YOĞUN ,TEFAS,YAT,Hisse Senedi Şemsiye Fonu,6.0,1.6741,60.3,1.6558,16.7313,41.558,48.1279,,,33.0,,,,,,,
GJB,INVEO PORTFÖY BİRİNCİ FON SEPETİ FONU,TEFAS,YAT,Fon Sepeti Şemsiye Fonu,4.0,10.214233,62.1,4.2495,6.8015,26.4204,70.1175,3.3808,9.5515,18.0,,,,,,,
GKF,GLOBAL MD PORTFÖY KATILIM FONU,TEFAS,YAT,Katılım Şemsiye Fonu,7.0,4.030242,60.1,2.0774,16.16,27.5437,46.3008,2.8138,3.9452,42.0,,,,,,,
GKG,GARANTİ PORTFÖY KAR PAYI ÖDEYEN HİSSE SENEDİ (TL) FONU (HİSSE SENEDİ YOĞUN FON),TEFAS,YAT,Hisse Senedi Şemsiye Fonu,6.0,1.332634,57.1,-1.287,2.394,31.2255,52.9352,,,33.0,,,,,,,
GKH,GARANTİ PORTFÖY PARA PİYASASI KATILIM SERBEST (TL) FON,TEFAS,YAT,Serbest Şemsiye Fonu,2.0,4.669951,59.3,3.0824,9.5401,20.0236,47.3783,2.4757,,7.0,,,,,,,
GKV,GARANTİ PORTFÖY KATILIM HİSSE SENEDİ (TL) FONU (HİSSE SENEDİ YOĞUN FON),TEFAS,YAT,Hisse Senedi Şemsiye Fonu,6.0,7.355181,65.4,7.5364,19.352,50.8243,67.9219,3.0493,,33.0,,,,,,,
GL1,AZİMUT PYŞ BİRİNCİ HİSSE SENEDİ FONU (HİSSE SENEDİ YOĞUN FON),TEFAS,YAT,Hisse Senedi Şemsiye Fonu,6.0,1400.923988,56.0,-2.0264,-2.0476,23.5451,52.7657,3.1895,13.1585,33.0,,,,,,,
GLC,AKTİF PORTFÖY ÜÇÜNCÜ FON SEPETİ FONU,TEFAS,YAT,Fon Sepeti Şemsiye Fonu,4.0,4.229937,53.8,-1.0741,0.4946,9.6092,30.2048,2.1176,,18.0,,,,,,,
GLG,AKTİF PORTFÖY CAPİTAL HİSSE SENEDİ SERBEST FON (HİSSE SENEDİ YOĞUN FON),TEFAS,YAT,Serbest Şemsiye Fonu,6.0,7.464718,58.9,3.2437,-1.0224,32.0671,59.9085,3.4524,,33.0,,,,,,,
GLS,AZİMUT PORTFÖY  KİRA SERTİFİKALARI (SUKUK) KATILIM FONU,TEFAS,YAT,Katılım Şemsiye Fonu,2.0,0.176967,59.0,2.9016,8.8052,20.3912,46.7299,2.2036,3.7531,7.0,,,,,,,
GMA,AZİMUT PORTFÖY BİRİNCİ DEĞİŞKEN FON,TEFAS,YAT,Değişken Şemsiye Fonu,5.0,2.18006,59.8,3.4493,8.1874,25.0788,52.7293,2.8289,8.562,25.0,,,,,,,
GMC,TEB PORTFÖY GÜMÜŞ FON SEPETİ FONU,TEFAS,YAT,Fon Sepeti Şemsiye Fonu,7.0,7.336896,69.6,2.2023,-13.2285,60.1351,161.0772,5.865,,42.0,,,,,,,
GMD,GLOBAL MD PORTFÖY BİRİNCİ FON SEPETİ FONU,TEFAS,YAT,Fon Sepeti Şemsiye Fonu,5.0,2.67895,50.9,2.6296,10.3864,18.6269,-15.1532,82.056,,25.0,,,,,,,
GMI,AK PORTFÖY GÜMÜŞ SERBEST FON,TEFAS,YAT,Serbest Şemsiye Fonu,7.0,1.330255,47.8,3.6233,-14.7663,48.0416,,,,42.0,,,,,,,
GMN,GLOBAL MD PORTFÖY BİRİNCİ PARA PİYASASI SERBEST (TL) FON,TEFAS,YAT,Serbest Şemsiye Fonu,2.0,1.420317,53.7,3.0534,9.7643,20.2693,,,,7.0,,,,,,,
GMR,INVEO PORTFÖY BIST 30 DIŞI ŞİRKETLER HİSSE SENEDİ FONU (HİSSE SENEDİ YOĞUN FON),TEFAS,YAT,Hisse Senedi Şemsiye Fonu,6.0,1.165838,61.9,6.9369,7.6526,16.1504,60.2588,2.8497,11.015,33.0,,,,,,,
GNH,GLOBAL MD PORTFÖY ALGORİTMİK MODEL HİSSE SENEDİ FONU (HİSSE SENEDİ YOĞUN FON),TEFAS,YAT,Hisse Senedi Şemsiye Fonu,7.0,1.131124,59.1,2.2631,9.1986,21.38,48.5534,,,42.0,,,,,,,
GNS,GARANTİ PORTFÖY ENERJİ ŞİRKETLERİ HİSSE SENEDİ (TL) FONU (HİSSE SENEDİ YOĞUN FON,TEFAS,YAT,Hisse Senedi Şemsiye Fonu,6.0,1.365203,61.2,2.9131,11.8567,26.0585,58.7449,,,33.0,,,,,,,
GO1,ONE PORTFÖY BİRİNCİ FON SEPETİ FONU,TEFAS,YAT,Fon Sepeti Şemsiye Fonu,3.0,4.602341,59.6,1.1657,6.4744,25.3235,59.2397,2.7531,,12.0,,,,,,,
GO2,ONE PORTFÖY KATILIM FON SEPETİ FONU,TEFAS,YAT,Fon Sepeti Şemsiye Fonu,3.0,4.970396,59.6,2.0573,7.7078,26.3758,55.3924,2.8372,,12.0,,,,,,,
GO3,ONE PORTFÖY ÜÇÜNCÜ FON SEPETİ FONU,TEFAS,YAT,Fon Sepeti Şemsiye Fonu,5.0,4.47802,59.0,1.7427,1.4376,26.3248,60.8028,2.8754,,25.0,,,,,,,
GO4,ONE PORTFÖY DÖRDÜNCÜ FON SEPETİ FONU,TEFAS,YAT,Fon Sepeti Şemsiye Fonu,5.0,4.913453,58.3,1.2585,-0.3277,24.3047,59.6475,3.0503,,25.0,,,,,,,
GO6,ONE PORTFÖY PARA PİYASASI (TL) FONU,TEFAS,YAT,Para Piyasası Şemsiye Fonu,2.0,4.423603,60.7,3.431,11.0315,23.3324,55.3143,2.6378,,7.0,,,,,,,
GO9,ONE PORTFÖY BİRİNCİ HİSSE SENEDİ FONU (HİSSE SENEDİ YOĞUN FON),TEFAS,YAT,Hisse Senedi Şemsiye Fonu,6.0,2.409233,61.7,0.7129,6.5536,38.12,76.3748,,,33.0,,,,,,,
GOH,GARANTİ PORTFÖY BIST 100 DIŞI ŞİRKETLER HİSSE SENEDİ (TL) FONU (HİSSE SENEDİ YOĞ,TEFAS,YAT,Hisse Senedi Şemsiye Fonu,6.0,13.770681,58.0,2.4523,7.4108,25.1481,42.7009,2.9911,,33.0,,,,,,,
GOL,GARANTİ PORTFÖY ALTIN KATILIM FONU,TEFAS,YAT,Katılım Şemsiye Fonu,6.0,2.745069,54.7,-1.0587,-10.0126,13.5774,52.9042,,,33.0,,,,,,,
GOP,GOLDEN GLOBAL PORTFÖY PARA PİYASASI KATILIM FONU,TEFAS,YAT,Katılım Şemsiye Fonu,1.0,1.28199,53.9,3.2457,10.3273,,,,,3.0,,,,,,,
GPA,GARANTİ PORTFÖY EUROBOND BORÇLANMA ARAÇLARI (DÖVİZ) FONU,TEFAS,YAT,Borçlanma Araçları Şemsiye Fonu,6.0,23.252573,54.5,0.2378,2.2809,8.0634,29.3836,2.1862,5.9815,33.0,,,,,,,
GPB,GARANTİ PORTFÖY BİRİNCİ DEĞİŞKEN FON,TEFAS,YAT,Değişken Şemsiye Fonu,2.0,12.456369,56.7,0.4637,4.711,17.4265,41.6664,2.3203,3.6488,7.0,,,,,,,
GPC,GARANTİ PORTFÖY İKİNCİ SERBEST ( DÖVİZ ) FON,TEFAS,YAT,Serbest Şemsiye Fonu,4.0,72.233283,54.2,0.6842,2.3443,8.0857,26.5457,2.2066,5.8987,18.0,,,,,,,
GPF,GARANTİ PORTFÖY ÇOKLU VARLIK KATILIM FONU,TEFAS,YAT,Katılım Şemsiye Fonu,2.0,8.975017,58.7,2.7684,8.035,18.9025,46.4024,2.0212,3.9076,7.0,,,,,,,
GPG,INVEO PORTFÖY BİRİNCİ DEĞİŞKEN FON,TEFAS,YAT,Değişken Şemsiye Fonu,6.0,15.763919,56.7,-0.6507,4.9919,25.1448,44.071,2.6137,7.5348,33.0,,,,,,,
GPI,GARANTİ PORTFÖY İKİNCİ DEĞİŞKEN FON,TEFAS,YAT,Değişken Şemsiye Fonu,3.0,18.71784,57.2,1.4215,3.697,18.6002,45.1478,2.9835,6.0686,12.0,,,,,,,
GPL,GARANTİ PORTFÖY BİRİNCİ SERBEST (DÖVİZ) FON,TEFAS,YAT,Serbest Şemsiye Fonu,4.0,54.608011,54.5,1.9952,4.9946,9.3595,21.3104,149.6573,,18.0,,,,,,,
GPN,GARANTİ PORTFÖY PARA PİYASASI KATILIM (TL) FONU,TEFAS,YAT,Katılım Şemsiye Fonu,1.0,1.449424,53.7,3.1338,9.705,20.1502,,,,3.0,,,,,,,
GPT,AKTİF PORTFÖY ROBOTİK TEKNOLOJİLERİ DEĞİŞKEN FON,TEFAS,YAT,Değişken Şemsiye Fonu,5.0,2.771643,69.6,11.8902,22.8888,44.2299,82.7803,,,25.0,,,,,,,
GPU,GARANTİ PORTFÖY ÜÇÜNCÜ DEĞİŞKEN FON,TEFAS,YAT,Değişken Şemsiye Fonu,4.0,21.162044,56.7,0.0749,1.2444,21.2485,48.2122,3.1806,6.8229,18.0,,,,,,,
GPZ,GARANTİ PORTFÖY ÜÇÜNCÜ PARA PİYASASI FONU,TEFAS,YAT,Para Piyasası Şemsiye Fonu,1.0,2.045889,59.4,2.7766,9.5639,20.3917,49.3029,25.7546,,3.0,,,,,,,
GRL,QNB PORTFÖY AGRESİF SERBEST FON,TEFAS,YAT,Serbest Şemsiye Fonu,3.0,1.732996,55.4,0.1505,1.4159,21.7074,38.3295,,,12.0,,,,,,,
GRO,GARANTİ PORTFÖY OTUZUNCU SERBEST (DÖVİZ) FON,TEFAS,YAT,Serbest Şemsiye Fonu,4.0,55.668681,54.6,2.0163,5.0308,9.5362,22.0314,,,18.0,,,,,,,
GRT,GARANTİ PORTFÖY TEKNOLOJİ ŞİRKETLERİ HİSSE SENEDİ (TL) FONU (HİSSE SENEDİ YOĞUN ,TEFAS,YAT,Hisse Senedi Şemsiye Fonu,6.0,1.225659,67.9,10.1883,28.0316,52.1943,66.5694,,,33.0,,,,,,,
GSP,AZİMUT PYŞ KAR PAYI ÖDEYEN HİSSE SENEDİ FONU (HİSSE SENEDİ YOĞUN FON),TEFAS,YAT,Hisse Senedi Şemsiye Fonu,6.0,0.544777,60.0,1.2666,8.1267,36.6232,59.3801,3.6065,10.5241,33.0,,,,,,,
GTA,GARANTİ PORTFÖY ALTIN FONU,TEFAS,YAT,Kıymetli Madenler Şemsiye Fonu,6.0,1.563853,54.8,-1.3619,-9.8208,14.5877,54.1987,3.6439,10.4116,33.0,,,,,,,
GTF,AZİMUT PYŞ BİRİNCİ BORÇLANMA ARAÇLARI FONU,TEFAS,YAT,Borçlanma Araçları Şemsiye Fonu,3.0,15.354808,56.3,0.9001,3.9335,17.7239,39.1254,181.7448,3.368,12.0,,,,,,,
GTH,GARANTİ PORTFÖY İHRACATÇI ŞİRKETLER HİSSE SENEDİ (TL) FONU (HİSSE SENEDİ YOĞUN F,TEFAS,YAT,Hisse Senedi Şemsiye Fonu,6.0,1.345392,57.1,0.6033,8.6785,29.67,38.7511,,,33.0,,,,,,,
GTM,GARANTİ PORTFÖY TEMETTÜ ÖDEYEN ŞİRKETLER HİSSE SENEDİ (TL) FONU (HİSSE SENEDİ YO,TEFAS,YAT,Hisse Senedi Şemsiye Fonu,6.0,7.441674,57.9,-1.215,2.6685,34.1474,58.1058,3.5047,,33.0,,,,,,,
GTY,GARANTİ PORTFÖY TREND SERBEST FON,TEFAS,YAT,Serbest Şemsiye Fonu,6.0,6.325659,56.1,0.6937,-2.2892,17.453,47.5829,2.4865,4.3928,33.0,,,,,,,
GTZ,GARANTİ PORTFÖY GÜMÜŞ FON SEPETİ FONU,TEFAS,YAT,Fon Sepeti Şemsiye Fonu,7.0,11.210806,68.2,2.223,-13.1962,55.5816,150.4364,5.732,10.5343,42.0,,,,,,,
GUB,GARANTİ PORTFÖY ÖZEL SEKTÖR BORÇLANMA ARAÇLARI FONU,TEFAS,YAT,Borçlanma Araçları Şemsiye Fonu,1.0,2.67371,59.3,3.0755,9.7301,20.5184,47.7744,,,3.0,,,,,,,
GUF,İŞ PORTFÖY GÜMÜŞ FON SEPETİ FONU,TEFAS,YAT,Fon Sepeti Şemsiye Fonu,7.0,0.864912,50.0,0.0,,,,,,42.0,,,,,,,
GUH,GARANTİ PORTFÖY YABANCI TEKNOLOJİ HİSSE SENEDİ FONU,TEFAS,YAT,Hisse Senedi Şemsiye Fonu,6.0,0.492493,74.8,15.903,31.453,43.7762,98.8535,3.7588,8.7508,33.0,,,,,,,
GUK,GARANTİ PORTFÖY GÜMÜŞ KATILIM SERBEST FON,TEFAS,YAT,Serbest Şemsiye Fonu,7.0,1.350608,48.2,3.0914,-12.3115,52.659,,,,42.0,,,,,,,
GUM,AK PORTFÖY GÜMÜŞ FON SEPETI FONU,TEFAS,YAT,Fon Sepeti Şemsiye Fonu,7.0,11.948334,69.2,2.8708,-12.283,56.4908,155.3049,5.6987,10.8078,42.0,,,,,,,
GUV,GARANTİ PORTFÖY UZUN VADELİ BORÇLANMA ARAÇLARI FONU,TEFAS,YAT,Borçlanma Araçları Şemsiye Fonu,5.0,1.768359,51.7,-2.5967,-4.7345,6.9062,26.2398,,,25.0,,,,,,,
GVA,GARANTİ PORTFÖY ELEKTRİKLİ VE OTONOM ARAÇLAR DEĞİŞKEN FON,TEFAS,YAT,Değişken Şemsiye Fonu,6.0,4.018924,65.2,7.4745,13.1614,36.0979,75.2489,2.4451,,33.0,,,,,,,
GVI,GARANTİ PORTFÖY ÜÇÜNCÜ FON SEPETİ FONU,TEFAS,YAT,Fon Sepeti Şemsiye Fonu,5.0,5.518064,54.3,-1.6902,-3.6541,17.5686,41.9038,2.9157,,25.0,,,,,,,
GYK,INVEO PORTFÖY BORÇLANMA ARAÇLARI (TL) FONU,TEFAS,YAT,Borçlanma Araçları Şemsiye Fonu,2.0,0.119313,58.5,2.4691,7.5115,18.1335,46.2293,2.1634,3.9917,7.0,,,,,,,
GZE,GARANTİ PORTFÖY EMTİA SERBEST FON,TEFAS,YAT,Serbest Şemsiye Fonu,6.0,7.942789,61.1,2.7533,9.9547,31.9031,61.7936,2.4636,,33.0,,,,,,,
GZG,GARANTİ PORTFÖY SAĞLIK SEKTÖRÜ DEĞİŞKEN FON,TEFAS,YAT,Değişken Şemsiye Fonu,5.0,7.364249,59.4,7.38,6.6012,14.3437,42.4782,188.0733,,25.0,,,,,,,
GZH,GARANTİ PORTFÖY TEMİZ ENERJİ DEĞİŞKEN FON,TEFAS,YAT,Değişken Şemsiye Fonu,5.0,4.684574,64.6,3.1691,8.8538,41.306,88.39,168.1035,4.9073,25.0,,,,,,,
GZJ,GARANTİ PORTFÖY İKİNCİ FON SEPETİ FONU,TEFAS,YAT,Fon Sepeti Şemsiye Fonu,4.0,8.688588,55.6,-0.5292,-0.4692,17.8853,43.6845,3.0278,6.7663,18.0,,,,,,,
GZL,GARANTİ PORTFÖY TARIM VE GIDA SEKTÖRÜ DEĞİŞKEN FON,TEFAS,YAT,Değişken Şemsiye Fonu,5.0,5.487844,57.3,1.0554,5.7632,33.0799,43.6089,163.4689,,25.0,,,,,,,
GZM,GLOBAL MD PORTFÖY DURU SERBEST FON,TEFAS,YAT,Serbest Şemsiye Fonu,7.0,10.722118,59.6,7.6739,26.7312,46.7095,12.8562,94.3204,6.0391,42.0,,,,,,,
GZN,GLOBAL MD PORTFÖY BOĞAZİÇİ SERBEST FON,TEFAS,YAT,Serbest Şemsiye Fonu,7.0,45.508469,62.7,0.8768,23.0344,48.1605,58.5397,3.8124,27.5536,42.0,,,,,,,
GZP,GARANTİ PORTFÖY BİRİNCİ FON SEPETİ FONU,TEFAS,YAT,Fon Sepeti Şemsiye Fonu,3.0,7.780474,57.4,1.2091,4.2169,17.7392,46.5027,2.9741,5.8203,12.0,,,,,,,
GZR,GARANTİ PORTFÖY SÜRDÜRÜLEBİLİRLİK HİSSE SENEDİ (TL) FONU (HİSSE SENEDİ YOĞUN FON,TEFAS,YAT,Hisse Senedi Şemsiye Fonu,6.0,10.767533,54.8,-3.1468,0.9934,26.9338,42.5975,2.6254,11.0549,33.0,,,,,,,
GZV,GARANTİ PORTFÖY ESG SÜRDÜRÜLEBİLİRLİK FON SEPETİ FONU,TEFAS,YAT,Fon Sepeti Şemsiye Fonu,5.0,8.672364,58.9,4.2604,6.367,23.0359,46.723,2.3258,6.2907,25.0,,,,,,,
GZY,GARANTİ PORTFÖY TURİZM VE SEYAHAT SEKTÖRÜ DEĞİŞKEN FON,TEFAS,YAT,Değişken Şemsiye Fonu,6.0,7.391731,52.0,-1.5975,-3.4747,9.1853,24.2903,2.2851,,33.0,,,,,,,
GZZ,GARANTİ PORTFÖY FİNANS SEKTÖRÜ DEĞİŞKEN FON,TEFAS,YAT,Değişken Şemsiye Fonu,6.0,6.77599,52.4,-0.9953,-3.8986,7.0079,26.3727,2.648,,33.0,,,,,,,
HAM,HEDEF PORTFÖY ALTIN KATILIM FONU,TEFAS,YAT,Katılım Şemsiye Fonu,6.0,3.049108,56.6,-1.2767,-8.0269,16.5064,64.802,,,33.0,,,,,,,
HAR,BV PORTFÖY HARMONY SERBEST FON,TEFAS,YAT,Serbest Şemsiye Fonu,6.0,1.100911,52.4,1.3183,7.4135,16.2602,,,,33.0,,,,,,,
HAT,HEDEF PORTFÖY ATLAS İSTATİSTİKSEL ARBİTRAJ HİSSE SENEDİ SERBEST FON (HİSSE SENED,TEFAS,YAT,Serbest Şemsiye Fonu,2.0,1.868338,56.4,2.2411,6.1768,13.2531,33.1123,,,7.0,,,,,,,
HBF,HSBC PORTFÖY ALTIN FONU,TEFAS,YAT,Kıymetli Madenler Şemsiye Fonu,4.0,49.887607,55.2,-1.432,-10.0427,16.0103,57.9274,4.0447,10.9707,18.0,,,,,,,
HBN,HSBC PORTFÖY BİRİNCİ FON SEPETİ FONU,TEFAS,YAT,Fon Sepeti Şemsiye Fonu,4.0,4.382312,56.5,1.5204,4.128,20.8594,38.6953,2.5598,,18.0,,,,,,,
HBU,HSBC PORTFÖY BİST 30 ENDEKSİ HİSSE SENEDİ FONU (HİSSE SENEDİ YOĞUN FON),TEFAS,YAT,Hisse Senedi Şemsiye Fonu,4.0,1.313566,56.9,-4.493,3.4816,35.9017,57.6902,2.4765,10.8445,18.0,,,,,,,
HCV,HEDEF PORTFÖY ATAK ÇOKLU VARLIK KATILIM FONU,TEFAS,YAT,Katılım Şemsiye Fonu,5.0,0.987129,53.5,5.2351,,,,,,25.0,,,,,,,
HDA,HEDEF PORTFÖY DÖRDÜNCÜ İSTATİSTİKSEL ARBİTRAJ HİSSE SENEDİ SERBEST (TL) FON (HİS,TEFAS,YAT,Serbest Şemsiye Fonu,2.0,3.213702,58.2,3.446,8.7846,17.268,39.604,,,7.0,,,,,,,
HDK,HEDEF PORTFÖY VEGA İSTATİSTİKSEL ARBİTRAJ HİSSE SENEDİ SERBEST FON (HİSSE SENEDİ,TEFAS,YAT,Serbest Şemsiye Fonu,2.0,3.065827,56.2,2.1981,5.8542,14.2056,31.888,,,7.0,,,,,,,
HEH,HEDEF PORTFÖY ALGO EVEREST İSTATİSTİKSEL ARBİTRAJ HİSSE SENEDİ SERBEST FON (HİSS,TEFAS,YAT,Serbest Şemsiye Fonu,3.0,3.387368,58.8,4.3679,9.5003,17.6639,40.7154,3.1025,,12.0,,,,,,,
HFI,HEDEF PORTFÖY İKİNCİ KATILIM HİSSE SENEDİ SERBEST FON (HİSSE SENEDİ YOĞUN FON),TEFAS,YAT,Serbest Şemsiye Fonu,6.0,1.61672,59.6,2.3533,16.0264,41.7492,42.2723,,,33.0,,,,,,,
HFR,A1 CAPİTAL PORTFÖY HİSSE SENEDİ (TL) FONU (HİSSE SENEDİ YOĞUN FON),TEFAS,YAT,Hisse Senedi Şemsiye Fonu,6.0,1.357641,50.8,-0.1639,3.5447,30.3108,,,,33.0,,,,,,,
HGM,HEDEF PORTFÖY İKİNCİ HİSSE SENEDİ (TL) FONU (HİSSE SENEDİ YOĞUN FON),TEFAS,YAT,Hisse Senedi Şemsiye Fonu,6.0,3.750734,60.8,-0.6074,8.6279,41.7552,69.9014,,,33.0,,,,,,,
HGR,HEDEF PORTFÖY ALGORİTMİK STRATEJİLER SERBEST FON,TEFAS,YAT,Serbest Şemsiye Fonu,5.0,1.398042,55.7,7.2422,10.5768,20.1727,,,,25.0,,,,,,,
HGV,HEDEF PORTFÖY BİRİNCİ SERBEST FON,TEFAS,YAT,Serbest Şemsiye Fonu,7.0,4.237938,52.4,-3.7699,-1.1806,19.4434,29.1989,2.7305,,42.0,,,,,,,
HIA,HEDEF PORTFÖY İSTATİSTİKSEL ARBİTRAJ SERBEST FON,TEFAS,YAT,Serbest Şemsiye Fonu,3.0,1.601212,54.1,3.7413,9.9656,21.0425,,,,12.0,,,,,,,
HIF,HEDEF PORTFÖY İKİNCİ SERBEST FON,TEFAS,YAT,Serbest Şemsiye Fonu,6.0,0.49514,39.3,-8.6646,-28.4753,,,,,33.0,,,,,,,
HIH,GARANTİ  PORTFÖY HOLDİNGLER VE İŞTİRAKLERİ HİSSE SENEDİ (TL) FONU (HİSSE SENEDİ ,TEFAS,YAT,Hisse Senedi Şemsiye Fonu,6.0,1.283135,48.5,-2.1621,-2.2118,18.8046,,,,33.0,,,,,,,
HIM,HEDEF PORTFÖY İKİNCİ MUTLAK GETİRİ HEDEFLİ HİSSE SENEDİ SERBEST FON (HİSSE SENED,TEFAS,YAT,Serbest Şemsiye Fonu,2.0,4.112668,58.9,4.0287,9.5759,18.0377,42.0668,,,7.0,,,,,,,
HIZ,AZİMUT PORTFÖY DİNAMİK DEĞİŞKEN FON,TEFAS,YAT,Değişken Şemsiye Fonu,5.0,2.161552,64.6,4.2492,14.2974,34.3924,77.568,,,25.0,,,,,,,
HJB,HEDEF PORTFÖY BİRİNCİ DEĞİŞKEN FON,TEFAS,YAT,Değişken Şemsiye Fonu,5.0,4.526455,55.5,-5.5431,-2.1665,25.7822,58.1438,2.4517,,25.0,,,,,,,
HKG,ZİRAAT PORTFÖY HALK'IN ÜRETEN KADINLARI DEĞİŞKEN FON,TEFAS,YAT,Değişken Şemsiye Fonu,6.0,1.448685,54.6,-2.0462,-2.8614,17.8667,44.1482,,,33.0,,,,,,,
HKH,HEDEF PORTFÖY KATILIM HİSSE SENEDİ (TL) FONU (HİSSE SENEDİ YOĞUN FON),TEFAS,YAT,Hisse Senedi Şemsiye Fonu,6.0,7.974845,53.7,1.0321,0.1216,12.1477,24.866,2.6175,,33.0,,,,,,,
HKJ,HEDEF PORTFÖY PARA PİYASASI SERBEST FON,TEFAS,YAT,Serbest Şemsiye Fonu,1.0,1.455374,54.2,3.478,11.0651,25.0421,,,,3.0,,,,,,,
HKM,HEDEF PORTFÖY BAŞAK HİSSE SENEDİ SERBEST (TL) FON (HİSSE SENEDİ YOĞUN FON),TEFAS,YAT,Serbest Şemsiye Fonu,7.0,2.624464,58.0,-5.1403,27.7418,-0.1676,30.907,2.7524,,42.0,,,,,,,
HKR,HSBC PORTFÖY KIRMIZI HİSSE SENEDİ SERBEST (TL) FON (HİSSE SENEDİ YOĞUN FON),TEFAS,YAT,Serbest Şemsiye Fonu,4.0,3.630468,54.8,0.6883,0.934,27.5389,33.111,3.2599,,18.0,,,,,,,
HMC,HEDEF PORTFÖY EKİNOKS SERBEST (TL) FON,TEFAS,YAT,Serbest Şemsiye Fonu,5.0,9.081837,50.2,-4.528,-2.3676,2.0886,16.0208,158.4318,,25.0,,,,,,,
HMG,HSBC PYŞ MUTLAK GETİRİ HEDEFLİ HİSSE SENEDİ SERBEST (TL) FON(HİSSE SENEDİ YOĞUN ,TEFAS,YAT,Serbest Şemsiye Fonu,4.0,0.070484,56.2,4.437,6.5937,12.949,25.5884,2.1454,4.8127,18.0,,,,,,,
HML,HEDEF PORTFÖY KATILIM SERBEST (DÖVİZ) FON,TEFAS,YAT,Serbest Şemsiye Fonu,4.0,49.000756,53.1,0.0388,2.7258,6.6206,19.2316,,,18.0,,,,,,,
HMS,HSBC PORTFÖY SÜRDÜRÜLEBİLİRLİK HİSSE SENEDİ (TL) FONU (HİSSE SENEDİ YOĞUN FON),TEFAS,YAT,Hisse Senedi Şemsiye Fonu,4.0,0.087752,51.8,-5.6486,-4.3275,23.3028,33.9169,2.9045,,18.0,,,,,,,
HNC,HEDEF PORTFÖY ÜÇÜNCÜ HİSSE SENEDİ FONU (HİSSE SENEDİ YOĞUN FON),TEFAS,YAT,Hisse Senedi Şemsiye Fonu,6.0,0.0,57.3,0.57,8.1761,24.5011,40.7018,,,33.0,,,,,,,
HOA,HSBC PORTFÖY TEKNOLOJİ DEĞİŞKEN FON,TEFAS,YAT,Değişken Şemsiye Fonu,4.0,0.253726,65.7,8.5559,19.1102,29.8353,68.0343,4.0055,8.2533,18.0,,,,,,,
HOY,HSBC PORTFÖY YABANCI BYF FON SEPETI,TEFAS,YAT,Fon Sepeti Şemsiye Fonu,4.0,0.369054,59.1,5.4426,7.6365,20.006,43.1528,2.3015,5.9979,18.0,,,,,,,
HP3,HEDEF PORTFÖY LİDYA SERBEST (DÖVİZ) FON,TEFAS,YAT,Serbest Şemsiye Fonu,4.0,60.252181,54.5,2.1711,5.5939,9.0951,20.134,194.7565,,18.0,,,,,,,
HPD,HSBC PORTFÖY İKİNCİ DEĞİŞKEN FON,TEFAS,YAT,Değişken Şemsiye Fonu,4.0,0.213147,53.1,-0.877,0.9933,16.1916,24.0137,198.5722,5.2392,18.0,,,,,,,
HPH,HEDEF PORTFÖY PARA PİYASASI KATILIM FONU,TEFAS,YAT,Katılım Şemsiye Fonu,1.0,2.453659,59.4,3.1573,9.8683,20.4472,48.1474,,,3.0,,,,,,,
HPO,HSBC PORTFÖY ÇOKLU VARLIK BİRİNCİ DEĞİŞKEN FON,TEFAS,YAT,Değişken Şemsiye Fonu,4.0,0.17565,58.0,2.3555,7.5242,19.2848,42.4731,2.2727,4.3903,18.0,,,,,,,
HPT,HSBC PORTFÖY KISA VADELİ BORÇLANMA ARAÇLARI (TL) FONU,TEFAS,YAT,Borçlanma Araçları Şemsiye Fonu,4.0,0.117808,58.6,2.6198,8.2148,18.5194,45.582,2.1093,3.2599,18.0,,,,,,,
HRZ,AKTİF PORTFÖY BIST HALKA ARZ ŞİRKETLERİ HİSSE SENEDİ (TL) FONU (HİSSE SENEDİ YOĞ,TEFAS,YAT,Hisse Senedi Şemsiye Fonu,6.0,1.565495,67.0,3.3031,23.4151,55.6465,84.3194,,,33.0,,,,,,,
HSA,HSBC PORTFÖY DEĞİŞKEN (TL) FON,TEFAS,YAT,Değişken Şemsiye Fonu,4.0,1621.833907,56.1,2.9053,4.725,22.2938,31.2418,2.3627,9.7591,18.0,,,,,,,
HSL,HSBC PORTFÖY PARA PİYASASI (TL) FONU,TEFAS,YAT,Para Piyasası Şemsiye Fonu,4.0,429.356138,59.4,3.0597,9.6787,20.3089,48.5902,2.3851,3.6094,18.0,,,,,,,
HST,HSBC PORTFÖY  BORÇLANMA ARAÇLARI (TL) FONU,TEFAS,YAT,Borçlanma Araçları Şemsiye Fonu,4.0,1.032869,53.7,-0.8063,-0.4711,11.3198,30.6998,111.5446,2.5556,18.0,,,,,,,
HTF,HSBC PORTFÖY PARA PİYASASI SERBEST (TL) FON,TEFAS,YAT,Serbest Şemsiye Fonu,4.0,1.506522,53.8,3.1272,9.8334,20.3898,,,,18.0,,,,,,,
HTJ,HEDEF PORTFÖY TEKNOLOJİ DEĞİŞKEN FON,TEFAS,YAT,Değişken Şemsiye Fonu,4.0,2.03213,66.3,13.1948,22.23,26.434,55.7516,,,18.0,,,,,,,
HTK,QNB PORTFÖY HAVACILIK VE SAVUNMA TEKNOLOJİLERİ FON SEPETİ FONU,TEFAS,YAT,Fon Sepeti Şemsiye Fonu,6.0,0.955911,50.0,0.0,,,,,,33.0,,,,,,,
HTS,HSBC PORTFÖY ALTINCI SERBEST (DÖVİZ) FON,TEFAS,YAT,Serbest Şemsiye Fonu,4.0,60.812047,56.8,7.3047,15.0877,20.2827,,,,18.0,,,,,,,
HVI,DENİZ PORTFÖY HOLDİNGLER VE İŞTİRAKLERİ HİSSE SENEDİ (TL) FONU (HİSSE SENEDİ YOĞ,TEFAS,YAT,Hisse Senedi Şemsiye Fonu,4.0,1.19006,49.2,-1.9986,-0.05,21.9109,,,,18.0,,,,,,,
HVK,HEDEF PORTFÖY BİRİNCİ BORÇLANMA ARAÇLARI (TL) FONU,TEFAS,YAT,Borçlanma Araçları Şemsiye Fonu,2.0,5.030688,60.0,2.9408,10.19,21.0659,52.0436,2.7032,,7.0,,,,,,,
HVS,HSBC PORTFÖY HİSSE SENEDİ (TL) FONU (HİSSE SENEDİ YOĞUN FON),TEFAS,YAT,Hisse Senedi Şemsiye Fonu,4.0,1.469254,55.8,-0.5893,1.4221,32.552,42.7242,3.0798,16.4284,18.0,,,,,,,
HVT,ALLBATROSS PORTFÖY BİRİNCİ PARA PİYASASI (TL) FONU,TEFAS,YAT,Para Piyasası Şemsiye Fonu,2.0,4.941159,60.4,3.2055,10.5531,23.4525,54.3443,2.6832,,7.0,,,,,,,
HVU,ALLBATROSS PORTFÖY BİRİNCİ DEĞİŞKEN FON,TEFAS,YAT,Değişken Şemsiye Fonu,4.0,5.48537,55.7,-0.5088,6.8169,15.917,33.6885,2.2507,,18.0,,,,,,,
HVZ,ALLBATROSS PORTFÖY BİRİNCİ HİSSE SENEDİ (TL) FONU (HİSSE SENEDİ YOĞUN FON),TEFAS,YAT,Hisse Senedi Şemsiye Fonu,6.0,6.222384,52.9,0.1052,-2.8589,17.9663,26.1337,2.4506,,33.0,,,,,,,
HYP,AZİMUT PORTFÖY İVME SERBEST FON,TEFAS,YAT,Serbest Şemsiye Fonu,6.0,11.12085,62.2,7.6232,15.5087,21.4795,49.3534,2.6166,7.3977,33.0,,,,,,,
HYU,HSBC PORTFÖY KISA VADELİ SERBEST (TL) FON,TEFAS,YAT,Serbest Şemsiye Fonu,4.0,1.871672,59.2,3.0079,9.3031,19.8418,47.6902,,,18.0,,,,,,,
HYV,HEDEF PORTFÖY PARA PİYASASI (TL) FONU,TEFAS,YAT,Para Piyasası Şemsiye Fonu,1.0,6.563332,59.6,3.0248,9.562,20.3555,50.3945,2.623,4.4747,3.0,,,,,,,
IAE,İSTANBUL PORTFÖY AGRESİF DEĞİŞKEN FON,TEFAS,YAT,Değişken Şemsiye Fonu,5.0,2.044305,60.9,2.5138,9.5086,48.1835,61.5171,,,25.0,,,,,,,
IAM,İŞ PORTFÖY AGRESİF FON SEPETİ FONU,TEFAS,YAT,Fon Sepeti Şemsiye Fonu,5.0,1.682567,58.8,5.227,2.6271,19.4002,48.9278,,,25.0,,,,,,,
IAR,İSTANBUL PORTFÖY DÖRDÜNCÜ SERBEST FON,TEFAS,YAT,Serbest Şemsiye Fonu,6.0,70.029727,63.0,13.6216,12.7817,21.7457,44.2782,4.2324,15.4648,33.0,,,,,,,
IAT,İŞ PORTFÖY KİRA SERTİFİKALARI KATILIM (TL) FONU,TEFAS,YAT,Katılım Şemsiye Fonu,1.0,0.203092,58.3,2.6331,8.2502,18.0169,43.6653,187.8965,3.4077,3.0,,,,,,,
IAU,PARDUS PORTFÖY İKİNCİ İSTATİSTİKSEL ARBİTRAJ HİSSE SENEDİ SERBEST (TL) FON (HİSS,TEFAS,YAT,Serbest Şemsiye Fonu,3.0,2.742873,58.4,3.5122,9.2004,17.6387,40.338,,,12.0,,,,,,,
IAY,INVEO PORTFÖY ALTIN KATILIM FONU,TEFAS,YAT,Katılım Şemsiye Fonu,4.0,1.471559,47.2,-0.991,-9.5375,14.0112,,,,18.0,,,,,,,
IBB,İŞ PORTFÖY ATAK DEĞİŞKEN FON,TEFAS,YAT,Değişken Şemsiye Fonu,5.0,16.363766,58.8,3.4752,4.1789,20.984,51.1494,2.4818,7.2058,25.0,,,,,,,
ICA,ICBC TURKEY PORTFÖY ALTIN FONU,TEFAS,YAT,Kıymetli Madenler Şemsiye Fonu,6.0,0.539106,54.2,-1.437,-10.7867,12.7983,50.9908,3.6863,10.4412,33.0,,,,,,,
ICC,ICBC TURKEY PORTFÖY İKİNCİ DEĞİŞKEN FON,TEFAS,YAT,Değişken Şemsiye Fonu,4.0,1.305731,57.1,1.8,4.9176,20.1832,41.4884,2.7924,8.4051,18.0,,,,,,,
ICD,ICBC TURKEY PORTFÖY BİRİNCİ DEĞİŞKEN FON,TEFAS,YAT,Değişken Şemsiye Fonu,2.0,139.180973,57.2,2.0256,5.6287,14.7711,40.7173,2.3277,4.8941,7.0,,,,,,,
ICE,ICBC TURKEY PORTFÖY PARA PİYASASI (TL) FONU,TEFAS,YAT,Para Piyasası Şemsiye Fonu,1.0,132.920985,59.3,2.9782,9.4514,20.0891,48.3833,2.3984,3.8491,3.0,,,,,,,
ICF,ICBC TURKEY PORTFÖY HİSSE SENEDİ FONU(HİSSE SENEDİ YOĞUN FON),TEFAS,YAT,Hisse Senedi Şemsiye Fonu,6.0,179.232802,56.8,2.1417,3.564,25.3299,40.2652,2.7893,14.9322,33.0,,,,,,,
ICH,PARDUS PORTFÖY İKİNCİ DEĞİŞKEN FON,TEFAS,YAT,Değişken Şemsiye Fonu,4.0,2.264279,64.3,2.3137,12.2689,33.2527,82.9447,,,18.0,,,,,,,
ICS,ICBC TURKEY PORTFÖY SERBEST (DÖVİZ) FON,TEFAS,YAT,Serbest Şemsiye Fonu,4.0,50.370025,52.7,0.9979,1.4439,9.2889,15.8256,122.6749,4.2259,18.0,,,,,,,
ICV,ICBC TURKEY PORTFÖY BİRİNCİ SERBEST FON,TEFAS,YAT,Serbest Şemsiye Fonu,2.0,6.152651,56.1,1.4474,3.4016,14.8525,36.9628,2.2305,4.3698,7.0,,,,,,,
ICZ,AK PORTFÖY TEKNOLOJİ ŞİRKETLERİ HİSSE SENEDİ (TL) FONU (HİSSE SENEDİ YOĞUN FON),TEFAS,YAT,Hisse Senedi Şemsiye Fonu,7.0,6.773593,67.7,8.1179,26.2327,50.8583,73.177,4.6648,7.8644,42.0,,,,,,,
IDD,LOGOS PORTFÖY DİNAMİK DAĞIMLI SERBEST FON,TEFAS,YAT,Serbest Şemsiye Fonu,4.0,0.150929,54.3,-1.1243,-2.1022,14.9817,38.5484,180.4314,3.4954,18.0,,,,,,,
IDF,İŞ PORTFÖY SERBEST (DÖVİZ) FON,TEFAS,YAT,Serbest Şemsiye Fonu,4.0,78.23983,54.4,0.8816,3.6207,9.6394,25.3913,199.3249,6.304,18.0,,,,,,,
IDH,İŞ PORTFÖY BIST 100 DIŞI ŞİRKETLER HİSSE SENEDİ (TL) FONU (HİSSE SENEDİ YOĞUN FO,TEFAS,YAT,Hisse Senedi Şemsiye Fonu,6.0,11.085296,57.4,1.0874,7.6342,22.2911,40.9812,3.9515,11.4603,33.0,,,,,,,
IDI,AZİMUT PORTFÖY İNŞAAT SEKTÖRÜ HİSSE SENEDİ FONU (HİSSE SENEDİ YOĞUN FON),TEFAS,YAT,Hisse Senedi Şemsiye Fonu,6.0,1.567985,60.4,2.9012,14.6554,33.5219,48.8582,,,33.0,,,,,,,
IDL,AKTİF PORTFÖY PARA PİYASASI (TL) FONU,TEFAS,YAT,Para Piyasası Şemsiye Fonu,1.0,6.291105,59.4,3.0401,9.5915,20.3594,48.5442,2.4765,4.088,3.0,,,,,,,
IDO,İŞ PORTFÖY ONDOKUZUNCU SERBEST (DÖVİZ-AVRO) FON,TEFAS,YAT,Serbest Şemsiye Fonu,4.0,58.562205,54.3,1.4617,3.4638,9.9578,23.4257,,,18.0,,,,,,,
IDY,TEB PORTFÖY İKİNCİ DEĞİŞKEN FON,TEFAS,YAT,Değişken Şemsiye Fonu,4.0,0.240593,60.1,3.451,7.3911,26.4558,56.236,3.0954,5.7812,18.0,,,,,,,
IED,İŞ PORTFÖY AGRESİF DEĞİŞKEN FON,TEFAS,YAT,Değişken Şemsiye Fonu,6.0,1.01199,50.2,0.3175,,,,,,33.0,,,,,,,
IEN,İSTANBUL PORTFÖY İNŞAAT SEKTÖRÜ HİSSE SENEDİ SERBEST (TL) FON (HİSSE SENEDİ YOĞU,TEFAS,YAT,Serbest Şemsiye Fonu,6.0,1.065078,50.0,-2.3304,4.0329,24.7917,,,,33.0,,,,,,,
IEV,İŞ PORTFÖY TAŞIMACILIK DEĞİŞKEN FON,TEFAS,YAT,Değişken Şemsiye Fonu,6.0,4.681762,56.0,0.5285,4.4331,20.6895,37.3006,2.3639,,33.0,,,,,,,
IFN,ICBC TURKEY PORTFÖY SÜRDÜRÜLEBİLİRLİK HİSSE SENEDİ FONU(HİSSE SENEDİ YOĞUN FON),TEFAS,YAT,Hisse Senedi Şemsiye Fonu,6.0,8.565755,53.4,-2.2497,-1.3309,19.6272,33.255,2.5772,,33.0,,,,,,,
IFV,ICBC TURKEY PORTFÖY BİRİNCİ KISA VADELİ BORÇLANMA ARAÇLARI (TL) FONU,TEFAS,YAT,Borçlanma Araçları Şemsiye Fonu,2.0,4.840763,58.7,2.199,8.6708,19.4075,47.0685,2.2542,,7.0,,,,,,,
IHA,ALLBATROSS PORTFÖY İKİNCİ HİSSE SENEDİ (TL) FONU (HİSSE SENEDİ YOĞUN FON),TEFAS,YAT,Hisse Senedi Şemsiye Fonu,6.0,2.88415,54.9,-1.0733,-2.9893,25.4588,44.206,,,33.0,,,,,,,
IHC,INVEO PORTFÖY INTER SERBEST FON,TEFAS,YAT,Serbest Şemsiye Fonu,6.0,7.464925,57.0,-1.532,5.6776,28.2452,48.0183,2.8618,,33.0,,,,,,,
IHK,İŞ PORTFÖY İŞ'TE KADIN HİSSE SENEDİ (TL) FONU (HİSSE SENEDİ YOĞUN FON),TEFAS,YAT,Hisse Senedi Şemsiye Fonu,6.0,15.213659,52.2,-3.9453,-4.7036,18.8732,33.4976,3.5225,16.5069,33.0,,,,,,,
IHP,İSTANBUL PORTFÖY İKİNCİ HİSSE SENEDİ SERBEST (TL) FON (HİSSE SENEDİ YOĞUN FON),TEFAS,YAT,Serbest Şemsiye Fonu,7.0,1.540602,57.3,4.7765,4.1538,30.9829,36.2773,,,42.0,,,,,,,
IHT,İŞ PORTFÖY İHRACATÇI ŞİRKETLER HİSSE SENEDİ (TL) FONU (HİSSE SENEDİ YOĞUN FON),TEFAS,YAT,Hisse Senedi Şemsiye Fonu,6.0,3.402376,54.3,-2.1553,3.9329,25.3999,31.8095,162.5965,,33.0,,,,,,,
IHV,INVEO PORTFÖY BEŞİNCİ HİSSE SENEDİ SERBEST FON (HİSSE SENEDİ YOĞUN FON),TEFAS,YAT,Serbest Şemsiye Fonu,7.0,1.665037,50.0,-0.5338,1.0119,6.5361,,,,42.0,,,,,,,
IHZ,ALLBATROSS PORTFÖY İKİNCİ HİSSE SENEDİ SERBEST FON (HİSSE SENEDİ YOĞUN FON),TEFAS,YAT,Serbest Şemsiye Fonu,6.0,0.787139,46.2,-6.2292,-15.7645,0.0866,10.7162,,,33.0,,,,,,,
IIE,BULLS PORTFÖY İKİNCİ SERBEST FON,TEFAS,YAT,Serbest Şemsiye Fonu,7.0,3.825372,48.9,-9.1583,7.4988,14.6363,3.3305,6.1349,,42.0,,,,,,,
IIH,İSTANBUL PORTFÖY ÜÇÜNCÜ HİSSE SENEDİ FONU (HİSSE SENEDİ YOĞUN FON),TEFAS,YAT,Hisse Senedi Şemsiye Fonu,6.0,30.833682,53.2,-3.6722,-2.5929,21.5685,37.3957,4.0045,17.9791,33.0,,,,,,,
IIN,INVEO PORTFÖY PARA PİYASASI SERBEST (TL) FON,TEFAS,YAT,Serbest Şemsiye Fonu,2.0,1.470004,53.9,3.2659,10.2011,21.6143,,,,7.0,,,,,,,
IJA,INVEO PORTFÖY ATAK DEĞİŞKEN FON,TEFAS,YAT,Değişken Şemsiye Fonu,5.0,13.148767,58.9,1.6114,2.7977,24.2005,58.414,3.6288,,25.0,,,,,,,
IJB,İŞ PORTFÖY DİJİTAL OYUN SEKTÖRÜ KARMA FON,TEFAS,YAT,Karma Şemsiye Fonu,6.0,6.519694,53.7,0.9721,4.044,-0.3085,19.015,2.1898,4.8723,33.0,,,,,,,
IJC,İŞ PORTFÖY YARI İLETKEN TEKNOLOJİLERİ DEĞİŞKEN FON,TEFAS,YAT,Değişken Şemsiye Fonu,6.0,15.422429,85.0,19.8186,53.7266,87.1447,161.2166,4.9023,,33.0,,,,,,,
IJH,ICBC TURKEY PORTFÖY BİRİNCİ FON SEPETİ FONU,TEFAS,YAT,Fon Sepeti Şemsiye Fonu,3.0,7.395371,56.8,1.9277,4.9951,17.0696,38.9281,2.6791,,12.0,,,,,,,
IJP,İŞ PORTFÖY BLOCKCHAİN TEKNOLOJİLERİ KARMA FON,TEFAS,YAT,Karma Şemsiye Fonu,6.0,9.363666,64.7,8.5948,18.0892,31.3746,61.4026,3.7391,7.6959,33.0,,,,,,,
IJT,İŞ PORTFÖY TARIM SERBEST FON,TEFAS,YAT,Serbest Şemsiye Fonu,6.0,7.111363,56.8,3.8772,11.1225,18.8669,24.9401,169.2216,,33.0,,,,,,,
IJV,İSTANBUL PORTFÖY BİRİNCİ PARA PİYASASI (TL) FONU,TEFAS,YAT,Para Piyasası Şemsiye Fonu,1.0,5.874921,59.7,3.0783,9.8406,20.7284,49.9708,2.5964,4.1197,3.0,,,,,,,
IJZ,İŞ PORTFÖY SİBER GÜVENLİK TEKNOLOJİLERİ DEĞİŞKEN FON,TEFAS,YAT,Değişken Şemsiye Fonu,6.0,14.303207,72.7,21.9125,39.0654,37.0545,56.7379,4.2287,11.7937,33.0,,,,,,,
IKL,İŞ PORTFÖY SAĞLIK ŞİRKETLERİ KARMA FON,TEFAS,YAT,Karma Şemsiye Fonu,6.0,10.063173,55.6,2.9602,0.1382,8.3235,34.2399,2.0594,6.5476,33.0,,,,,,,
IKP,İŞ PORTFÖY YENİLENEBİLİR ENERJİ KARMA FON,TEFAS,YAT,Karma Şemsiye Fonu,6.0,9.009621,66.9,6.0244,15.6952,39.1341,87.8182,2.9039,7.4512,33.0,,,,,,,
IKV,İŞ PORTFÖY İKİNCİ KISA VADELİ BORÇLANMA ARAÇLARI (TL) FONU,TEFAS,YAT,Borçlanma Araçları Şemsiye Fonu,1.0,1.580202,52.9,2.0127,8.3457,19.1207,,,,3.0,,,,,,,
ILU,İSTANBUL PORTFÖY ONALTINCI SERBEST FON,TEFAS,YAT,Serbest Şemsiye Fonu,6.0,1.022105,53.1,12.8014,-9.0008,21.2819,,,,33.0,,,,,,,
ILZ,İŞ PORTFÖY TEMKİNLİ FON SEPETİ FONU,TEFAS,YAT,Fon Sepeti Şemsiye Fonu,2.0,8.510368,56.1,0.2372,1.4202,15.1916,42.8252,2.7213,6.2845,7.0,,,,,,,
IMB,İSTANBUL PORTFÖY ALGORİTMİK MODEL HİSSE SENEDİ FONU (HİSSE SENEDİ YOĞUN FON),TEFAS,YAT,Hisse Senedi Şemsiye Fonu,5.0,1.063252,55.9,0.0362,0.7424,22.0801,42.9653,,,25.0,,,,,,,
IMF,İSTANBUL PORTFÖY MAESTRO SERBEST FON,TEFAS,YAT,Serbest Şemsiye Fonu,5.0,5.642057,55.2,1.5473,6.3578,6.0839,25.698,166.2602,3.1124,25.0,,,,,,,
IML,İŞ PORTFÖY MODEL PORTFÖY HİSSE SENEDİ (TL) FONU (HİSSE SENEDİ YOĞUN FON),TEFAS,YAT,Hisse Senedi Şemsiye Fonu,6.0,1.613159,55.0,-2.8056,-3.9408,21.7531,50.1983,,,33.0,,,,,,,
IOG,İŞ PORTFÖY GÜMÜŞ SERBEST FON,TEFAS,YAT,Serbest Şemsiye Fonu,7.0,13.20474,68.3,1.9783,-13.8195,51.6747,152.7049,5.9711,11.9656,42.0,,,,,,,
IOO,İŞ PORTFÖY İKİNCİ PARA PİYASASI (TL) FONU,TEFAS,YAT,Para Piyasası Şemsiye Fonu,2.0,4.795694,59.4,3.0119,9.4201,20.14,48.6192,2.4685,,7.0,,,,,,,
IPB,İSTANBUL PORTFÖY BİRİNCİ DEĞİŞKEN FON,TEFAS,YAT,Değişken Şemsiye Fonu,6.0,0.725532,55.8,-0.2853,12.1101,32.4561,25.843,3.8844,16.3664,33.0,,,,,,,
IPG,İŞ PORTFÖY ATAK FON SEPETİ FONU,TEFAS,YAT,Fon Sepeti Şemsiye Fonu,5.0,9.744497,55.5,-0.3957,-0.8861,15.5246,43.6849,2.2271,4.7818,25.0,,,,,,,
IPJ,İŞ PORTFÖY ELEKTRİKLİ ARAÇLAR KARMA FON,TEFAS,YAT,Karma Şemsiye Fonu,6.0,19.918808,68.0,7.6868,18.8681,40.3761,87.423,2.697,6.9212,33.0,,,,,,,
IPV,İŞ PORTFÖY EUROBOND BORÇLANMA ARAÇLARI (DÖVİZ) FONU,TEFAS,YAT,Borçlanma Araçları Şemsiye Fonu,4.0,79.042539,54.4,0.7862,2.9098,10.1596,26.3107,2.0448,6.1984,18.0,,,,,,,
IRB,İSTANBUL PORTFÖY İSTATİSTİKSEL ARBİTRAJ HİSSE SENEDİ SERBEST FON (HİSSE SENEDİ Y,TEFAS,YAT,Serbest Şemsiye Fonu,2.0,1.372146,55.1,4.1205,13.6405,,,,,7.0,,,,,,,
IRF,İSTANBUL PORTFÖY BİRİNCİ FON SEPETİ FONU,TEFAS,YAT,Fon Sepeti Şemsiye Fonu,3.0,7.661774,60.4,3.2829,9.447,24.0669,55.9194,3.5889,,12.0,,,,,,,
IRO,İSTANBUL PORTFÖY ROBOTİK TEKNOLOJİLERİ SERBEST FON,TEFAS,YAT,Serbest Şemsiye Fonu,6.0,2.148921,59.8,5.5044,12.3853,15.9597,40.8806,,,33.0,,,,,,,
IRT,INVEO PORTFÖY TEKNOLOJİ DEĞİŞKEN FON,TEFAS,YAT,Değişken Şemsiye Fonu,6.0,7.961724,70.5,12.656,27.2025,45.2861,81.3678,4.8455,,33.0,,,,,,,
IRV,İSTANBUL PORTFÖY İSTATİSTİKSEL ARBİTRAJ SERBEST FON,TEFAS,YAT,Serbest Şemsiye Fonu,3.0,7.315153,56.4,0.667,5.6017,15.7122,37.8229,2.1174,,12.0,,,,,,,
IRY,INVEO PORTFÖY PARA PİYASASI (TL) FONU,TEFAS,YAT,Para Piyasası Şemsiye Fonu,2.0,4.170321,59.8,3.1972,9.9754,21.253,50.487,2.6051,,7.0,,,,,,,
IST,İSTANBUL PORTFÖY KISA VADELİ BORÇLANMA ARAÇLARI (TL) FONU,TEFAS,YAT,Borçlanma Araçları Şemsiye Fonu,1.0,0.202429,59.7,3.1539,9.9469,21.1132,50.1535,2.4814,4.1858,3.0,,,,,,,
ITC,INVEO PORTFÖY TEMETTÜ ÖDEYEN ŞİRKETLER HİSSE SENEDİ (TL) FONU (HİSSE SENEDİ YOĞU,TEFAS,YAT,Hisse Senedi Şemsiye Fonu,6.0,1.085818,47.9,-3.9633,-1.6759,,,,,33.0,,,,,,,
ITP,İŞ PORTFÖY TEKNOLOJİ KARMA FON,TEFAS,YAT,Karma Şemsiye Fonu,6.0,13.538549,65.9,10.005,19.922,29.8791,64.3217,3.7528,10.1976,33.0,,,,,,,
IUF,İŞ PORTFÖY YEDİNCİ SERBEST (DÖVİZ-AVRO) FON,TEFAS,YAT,Serbest Şemsiye Fonu,4.0,67.658445,53.7,0.2734,0.3824,8.6314,26.6797,2.0612,,18.0,,,,,,,
IUH,INVEO PORTFÖY DÖNÜŞTÜRÜCÜ TEKNOLOJİLER FON SEPETİ FONU,TEFAS,YAT,Fon Sepeti Şemsiye Fonu,4.0,6.266744,68.5,10.9584,25.1727,39.3003,73.4504,3.4404,,18.0,,,,,,,
IUV,İŞ PORTFÖY BEŞİNCİ SERBEST (DÖVİZ)  FON,TEFAS,YAT,Serbest Şemsiye Fonu,4.0,66.881095,54.1,-0.3795,1.7186,9.3764,29.4052,2.1437,,18.0,,,,,,,
IV8,INVEO PORTFÖY KİRA SERTİFİKALARI KATILIM FONU,TEFAS,YAT,Katılım Şemsiye Fonu,2.0,2.386212,58.2,2.5622,7.9172,18.1979,43.4099,,,7.0,,,,,,,
IVF,İSTANBUL PORTFÖY KATILIM HİSSE SENEDİ (TL) FONU (HİSSE SENEDİ YOĞUN FON),TEFAS,YAT,Hisse Senedi Şemsiye Fonu,6.0,5.772006,61.3,1.0109,15.5135,46.6768,58.7505,3.1781,,33.0,,,,,,,
IVY,İSTANBUL PORTFÖY BLOCKCHAIN TEKNOLOJİLERİ DEĞİŞKEN FON,TEFAS,YAT,Değişken Şemsiye Fonu,6.0,6.546929,68.4,11.3854,30.294,30.3606,64.3166,5.0475,,33.0,,,,,,,
IYB,AURA PORTFÖY DEĞİŞKEN FONU,TEFAS,YAT,Değişken Şemsiye Fonu,3.0,5.778068,60.6,0.5322,7.2119,26.8734,67.2078,3.1786,6.3144,12.0,,,,,,,
IZB,İSTANBUL PORTFÖY BİRİNCİ FON SEPETİ SERBEST FON,TEFAS,YAT,Serbest Şemsiye Fonu,6.0,9.712449,56.2,4.2407,12.7079,26.3604,16.8074,3.4292,,33.0,,,,,,,
IZS,İSTANBUL PORTFÖY ALTINCI SERBEST FON,TEFAS,YAT,Serbest Şemsiye Fonu,6.0,10.804666,48.8,-1.8875,-4.2397,-3.9285,1.8866,173.006,4.8485,33.0,,,,,,,
JET,ATA PORTFÖY HAVACILIK VE SAVUNMA TEKNOLOJİLERİ DEĞİŞKEN FON,TEFAS,YAT,Değişken Şemsiye Fonu,6.0,2.166999,54.8,0.8338,-2.1882,22.0043,36.8888,,,33.0,,,,,,,
JUP,AURA PORTFÖY JÜPİTER SERBEST (DÖVİZ) FON,TEFAS,YAT,Serbest Şemsiye Fonu,3.0,0.542185,52.7,0.9184,2.8023,2.4004,13.8171,,,12.0,,,,,,,
KAV,KUVEYT TÜRK PORTFÖY ALTINCI KATILIM SERBEST (DÖVİZ-AVRO) FON,TEFAS,YAT,Serbest Şemsiye Fonu,4.0,57.717648,54.0,1.3576,3.1555,9.3033,21.9443,157.0668,,18.0,,,,,,,
KCL,KARE PORTFÖY ÇOKLU VARLIK KATILIM FONU,TEFAS,YAT,Katılım Şemsiye Fonu,6.0,1.677996,58.7,1.5984,6.5442,27.5518,51.681,,,33.0,,,,,,,
KCV,KUVEYT TÜRK PORTFÖY ÇOKLU VARLIK KATILIM FONU,TEFAS,YAT,Katılım Şemsiye Fonu,2.0,5.260896,62.1,3.8639,13.0064,31.7365,61.4343,3.7825,,7.0,,,,,,,
KDE,KUVEYT TÜRK PORTFÖY DENGELİ KATILIM FONU,TEFAS,YAT,Katılım Şemsiye Fonu,2.0,1.78751,61.3,2.3486,12.7887,30.771,59.6304,,,7.0,,,,,,,
KDL,KUVEYT TÜRK PORTFÖY BEŞİNCİ KATILIM SERBEST (DÖVİZ) FON,TEFAS,YAT,Serbest Şemsiye Fonu,4.0,53.881059,54.2,1.885,4.6822,8.7018,19.7688,145.1866,,18.0,,,,,,,
KDO,İŞ PORTFÖY KATILIM SERBEST (DÖVİZ-AVRO) FON,TEFAS,YAT,Serbest Şemsiye Fonu,4.0,56.825978,51.5,1.4717,3.55,10.1699,,,,18.0,,,,,,,
KDT,GARANTİ PORTFÖY KATILIM SERBEST (DÖVİZ) FON,TEFAS,YAT,Serbest Şemsiye Fonu,4.0,55.707528,54.8,1.851,4.4891,9.337,24.9843,,,18.0,,,,,,,
KGM,KUVEYT TÜRK PORTFÖY GÜMÜŞ KATILIM FON SEPETİ FONU,TEFAS,YAT,Fon Sepeti Şemsiye Fonu,6.0,2.821372,69.3,2.3547,-9.5911,56.1117,153.3833,,,33.0,,,,,,,
KH1,AK PORTFÖY KATILIM HİSSE SENEDİ FONU (HİSSE SENEDİ YOĞUN FON),TEFAS,YAT,Hisse Senedi Şemsiye Fonu,6.0,1.244631,53.0,1.3761,9.6411,36.5981,,,,33.0,,,,,,,
KHA,PARDUS PORTFÖY İKİNCİ HİSSE SENEDİ (TL) FONU (HİSSE SENEDİ YOĞUN FON),TEFAS,YAT,Hisse Senedi Şemsiye Fonu,6.0,3.330959,66.6,-3.8605,12.1011,43.096,116.2826,,,33.0,,,,,,,
KHB,KARE PORTFÖY BIST 100 DIŞI ŞİRKETLER HİSSE SENEDİ FONU (HİSSE SENEDİ YOĞUN FON),TEFAS,YAT,Hisse Senedi Şemsiye Fonu,7.0,1.263059,56.2,-1.777,4.5846,18.0262,44.4201,,,42.0,,,,,,,
KHC,PARDUS PORTFÖY KATILIM HİSSE SENEDİ (TL) FONU (HİSSE SENEDİ YOĞUN FON),TEFAS,YAT,Hisse Senedi Şemsiye Fonu,6.0,1.663495,63.0,4.6186,13.0618,34.4204,66.6761,,,33.0,,,,,,,
KHJ,ATLAS PORTFÖY KATILIM HİSSE SENEDİ FONU (HİSSE SENEDİ YOĞUN FON),TEFAS,YAT,Hisse Senedi Şemsiye Fonu,6.0,0.942701,58.8,3.1349,11.6278,36.2055,41.0814,,,33.0,,,,,,,
KHT,ALLBATROSS PORTFÖY KARTAL HİSSE SENEDİ SERBEST (TL) FON (HİSSE SENEDİ YOĞUN FON),TEFAS,YAT,Serbest Şemsiye Fonu,7.0,1.38817,47.1,-5.9782,-2.1497,29.9858,-3.8908,140.3405,,42.0,,,,,,,
KIA,TRIVE PORTFÖY MUTLAK GETİRİ HEDEFLİ DEĞİŞKEN FON,TEFAS,YAT,Değişken Şemsiye Fonu,5.0,4.482157,54.9,-2.0987,-0.0916,21.8914,42.4253,2.6463,,25.0,,,,,,,
KIB,TRIVE PORTFÖY ROBOTİK TEKNOLOJİLERİ DEĞİŞKEN FON,TEFAS,YAT,Değişken Şemsiye Fonu,6.0,4.099216,60.0,5.6663,9.5724,17.5334,46.7623,2.7056,,33.0,,,,,,,
KIE,TRIVE PORTFÖY PARA PİYASASI (TL) FONU,TEFAS,YAT,Para Piyasası Şemsiye Fonu,1.0,4.861271,59.2,3.1588,9.8211,18.4574,46.6423,2.4906,,3.0,,,,,,,
KIH,KARE PORTFÖY İSTATİSTİKSEL ARBİTRAJ SERBEST FON,TEFAS,YAT,Serbest Şemsiye Fonu,2.0,1.594776,57.0,3.0515,8.539,16.1377,32.3566,,,7.0,,,,,,,
KIK,KUVEYT TÜRK PORTFÖY İKİNCİ KATILIM FONU,TEFAS,YAT,Katılım Şemsiye Fonu,6.0,1.458687,54.2,3.536,10.9583,33.0923,,,,33.0,,,,,,,
KIS,ASTRA PORTFÖY KİRA SERTİFİKASI KATILIM (DÖVİZ) FONU,TEFAS,YAT,Katılım Şemsiye Fonu,6.0,0.222824,53.8,0.5769,3.0703,8.2258,22.4289,175.5318,5.3819,33.0,,,,,,,
KKC,KARE PORTFÖY KATILIM SERBEST (DÖVİZ-AVRO) FON,TEFAS,YAT,Serbest Şemsiye Fonu,4.0,57.692633,54.4,1.4496,3.4369,10.0091,23.9039,,,18.0,,,,,,,
KKH,İŞ PORTFÖY DENGELİ FON SEPETİ FONU,TEFAS,YAT,Fon Sepeti Şemsiye Fonu,4.0,7.054349,56.5,0.691,1.6619,16.0436,44.7143,2.4365,4.7979,18.0,,,,,,,
KKL,ALLBATROSS PORTFÖY KISA VADELİ KATILIM SERBEST (TL) FON,TEFAS,YAT,Serbest Şemsiye Fonu,2.0,2.614914,60.9,3.5936,11.3929,24.7339,55.6923,,,7.0,,,,,,,
KLH,ATLAS PORTFÖY KATILIM HİSSE SENEDİ SERBEST FON (HİSSE SENEDİ YOĞUN FON),TEFAS,YAT,Serbest Şemsiye Fonu,7.0,2.197656,85.0,32.8234,41.9225,58.2457,119.2401,,,42.0,,,,,,,
KLI,AK PORTFÖY PARA PİYASASI KATILIM SERBEST FON,TEFAS,YAT,Serbest Şemsiye Fonu,1.0,1.365427,53.8,3.1914,9.8333,,,,,3.0,,,,,,,
KLS,ALLBATROSS PORTFÖY KATILIM SERBEST (DÖVİZ) FON,TEFAS,YAT,Serbest Şemsiye Fonu,6.0,40.812258,50.7,0.0617,-1.1594,-1.0133,6.6242,,,33.0,,,,,,,
KLU,KUVEYT TÜRK PORTFÖY PARA PİYASASI KATILIM (TL) FONU,TEFAS,YAT,Katılım Şemsiye Fonu,1.0,5.037306,58.9,3.0892,9.5255,19.4819,44.8707,2.0858,3.3294,3.0,,,,,,,
KME,KUVEYT TÜRK PORTFÖY TEMKİNLİ KATILIM FONU,TEFAS,YAT,Katılım Şemsiye Fonu,1.0,1.634192,60.0,3.3063,9.5064,24.5991,52.7424,,,3.0,,,,,,,
KMF,AZİMUT PORTFÖY ALTIN KATILIM FONU,TEFAS,YAT,Katılım Şemsiye Fonu,6.0,3.373949,55.7,-1.3573,-7.9797,17.6451,58.1496,,,33.0,,,,,,,
KMN,YAPI KREDİ PORTFÖY KIYMETLİ MADENLER KATILIM FONU,TEFAS,YAT,Kıymetli Madenler Şemsiye Fonu,6.0,0.917432,47.9,1.1373,-10.2542,,,,,33.0,,,,,,,
KNI,AZİMUT PORTFÖY İKİNCİ PARA PİYASASI SERBEST (TL) FON,TEFAS,YAT,Serbest Şemsiye Fonu,2.0,1.429634,53.6,2.9776,9.3354,19.4832,,,,7.0,,,,,,,
KNJ,KUVEYT TÜRK PORTFÖY ENERJİ KATILIM FONU,TEFAS,YAT,Katılım Şemsiye Fonu,5.0,2.008251,64.3,2.1978,13.7026,43.7221,81.4488,,,25.0,,,,,,,
KOD,YAPI KREDİ PORTFÖY KÜÇÜK ÖLÇEKLİ ŞİRKETLER DEĞİŞKEN FON,TEFAS,YAT,Değişken Şemsiye Fonu,5.0,0.950864,50.0,0.0,,,,,,25.0,,,,,,,
KOT,AZİMUT PORTFÖY KOÇ TOPLULUĞU ŞİRKETLERİ HİSSE SENEDİ FONU (HİSSE SENEDİ YOĞUN FO,TEFAS,YAT,Hisse Senedi Şemsiye Fonu,6.0,1.425169,51.6,-7.3473,-5.1223,13.0314,37.9967,,,33.0,,,,,,,
KP3,KARE PORTFÖY ÜÇÜNCÜ SERBEST (DÖVİZ) FON,TEFAS,YAT,Serbest Şemsiye Fonu,6.0,53.029105,53.0,0.7104,2.2586,6.3439,17.2429,,,33.0,,,,,,,
KPA,KUVEYT TÜRK PORTFÖY KAR PAYI ÖDEYEN KATILIM HİSSE SENEDİ FONU (HİSSE SENEDİ YOĞU,TEFAS,YAT,Hisse Senedi Şemsiye Fonu,6.0,1.544051,60.1,3.7314,14.2434,33.5636,45.3436,,,33.0,,,,,,,
KPC,KUVEYT TÜRK PORTFÖY KATILIM HİSSE SENEDİ (TL) FONU (HİSSE SENEDİ YOĞUN FON),TEFAS,YAT,Hisse Senedi Şemsiye Fonu,6.0,19.774648,62.7,2.9132,14.7755,42.5801,65.8529,3.9667,13.1479,33.0,,,,,,,
KPD,KUVEYT TÜRK PORTFÖY KAR PAYI ÖDEYEN KATILIM SERBEST (DÖVİZ) FON,TEFAS,YAT,Serbest Şemsiye Fonu,4.0,48.706661,53.1,0.5197,1.7898,5.7543,19.1503,,,18.0,,,,,,,
KPF,NEO PORTFÖY MUTLAK GETİRİ HEDEFLİ HİSSE SENEDİ SERBEST FON (HİSSE SENEDİ YOĞUN F,TEFAS,YAT,Serbest Şemsiye Fonu,5.0,1.845224,60.7,4.5047,10.8785,18.9686,53.0187,,,25.0,,,,,,,
KPH,İŞ PORTFÖY KAR PAYI ÖDEYEN HİSSE SENEDİ (TL) FONU (HİSSE SENEDİ YOĞUN FON),TEFAS,YAT,Hisse Senedi Şemsiye Fonu,6.0,1.165246,52.2,-4.4959,-0.9109,18.7663,29.2698,,,33.0,,,,,,,
KPI,İŞ PORTFÖY PARA PİYASASI KATILIM (TL) FONU,TEFAS,YAT,Katılım Şemsiye Fonu,1.0,1.532577,53.7,3.0485,9.5864,19.9747,,,,3.0,,,,,,,
KPP,KARE PORTFÖY PARA PİYASASI FONU,TEFAS,YAT,Para Piyasası Şemsiye Fonu,1.0,3.294512,59.7,3.1294,9.9682,20.9941,49.8718,,,3.0,,,,,,,
KPU,KUVEYT TÜRK PORTFÖY İKİNCİ KATILIM HİSSE SENEDİ (TL) FONU (HİSSE SENEDİ YOĞUN FO,TEFAS,YAT,Hisse Senedi Şemsiye Fonu,6.0,3.646569,61.6,3.9528,14.348,46.0356,55.4074,,,33.0,,,,,,,
KRC,KARE PORTFÖY BİRİNCİ BORÇLANMA ARAÇLARI FONU,TEFAS,YAT,Borçlanma Araçları Şemsiye Fonu,2.0,0.151275,55.5,0.4934,2.014,12.6546,37.1978,2.0696,3.5231,7.0,,,,,,,
KRF,KARE PORTFÖY BİRİNCİ DEĞİŞKEN FON,TEFAS,YAT,Değişken Şemsiye Fonu,5.0,21.288678,56.9,2.2639,2.0801,18.7711,43.1818,3.2633,9.9119,25.0,,,,,,,
KRR,İŞ PORTFÖY KARMA FON,TEFAS,YAT,Karma Şemsiye Fonu,5.0,1.118183,49.5,-0.7579,,,,,,25.0,,,,,,,
KRS,KARE PORTFÖY SERBEST (DÖVİZ) FON,TEFAS,YAT,Serbest Şemsiye Fonu,5.0,0.52832,55.5,2.4942,1.4349,12.7728,32.8399,2.1086,5.6427,25.0,,,,,,,
KRT,KARE PORTFÖY TÜRKİYE ODAKLI SERBEST (DÖVİZ ) FON,TEFAS,YAT,Serbest Şemsiye Fonu,3.0,75.917782,54.7,1.7809,4.2501,9.7389,24.446,191.5088,6.0855,12.0,,,,,,,
KSA,HEDEF PORTFÖY KISA VADELİ SERBEST (TL) FON,TEFAS,YAT,Serbest Şemsiye Fonu,2.0,4.2752,60.3,3.2834,10.4768,22.1974,53.3685,,,7.0,,,,,,,
KSK,AZİMUT PORTFÖY İKİNCİ PARA PİYASASI KATILIM FONU,TEFAS,YAT,Katılım Şemsiye Fonu,2.0,3.049838,59.4,3.1245,9.901,20.5384,48.1777,,,7.0,,,,,,,
KSR,KUVEYT TÜRK PORTFÖY SÜRDÜRÜLEBİLİRLİK KATILIM FONU,TEFAS,YAT,Katılım Şemsiye Fonu,5.0,5.24496,59.3,1.9514,9.023,26.2774,51.2857,2.4698,,25.0,,,,,,,
KST,ALLBATROSS PORTFÖY KATILIM HİSSE SENEDİ (TL) FONU (HİSSE SENEDİ YOĞUN FON),TEFAS,YAT,Hisse Senedi Şemsiye Fonu,6.0,1.7808,60.9,3.3589,14.85,30.6207,51.3713,,,33.0,,,,,,,
KSV,KUVEYT TÜRK PORTFÖY KISA VADELİ KATILIM SERBEST (TL) FON,TEFAS,YAT,Serbest Şemsiye Fonu,1.0,5.958976,58.6,2.9706,8.8956,18.4427,43.6955,2.1754,3.5525,3.0,,,,,,,
KTI,AZİMUT PORTFÖY KATILIM HİSSE SENEDİ FONU (HİSSE SENEDİ YOĞUN FON),TEFAS,YAT,Hisse Senedi Şemsiye Fonu,6.0,1.887024,61.0,5.0177,12.8966,33.8374,50.5133,,,33.0,,,,,,,
KTJ,KUVEYT TÜRK PORTFÖY TEKNOLOJİ KATILIM FONU,TEFAS,YAT,Katılım Şemsiye Fonu,6.0,2.801346,69.0,11.3423,24.3718,43.5541,77.7419,,,33.0,,,,,,,
KTM,KUVEYT TÜRK PORTFÖY BİRİNCİ KATILIM (TL) FONU,TEFAS,YAT,Katılım Şemsiye Fonu,3.0,21.891258,60.6,4.3266,11.5332,26.9349,51.2101,2.9371,7.7092,12.0,,,,,,,
KTN,KUVEYT TÜRK PORTFÖY KİRA SERTİFİKALARI KATILIM (TL) FONU,TEFAS,YAT,Katılım Şemsiye Fonu,2.0,8.148001,58.6,2.5043,7.5814,18.5462,47.2062,164.816,2.9796,7.0,,,,,,,
KTR,KUVEYT TÜRK PORTFÖY BİRİNCİ KATILIM SERBEST (TL) FON,TEFAS,YAT,Serbest Şemsiye Fonu,1.0,11.03432,58.9,3.0194,9.1003,19.301,45.9091,2.2567,3.8267,3.0,,,,,,,
KTS,KUVEYT TÜRK PORTFÖY KATILIM HİSSE SENEDİ SERBEST FON (HİSSE SENEDİ YOĞUN FON),TEFAS,YAT,Serbest Şemsiye Fonu,5.0,14.38257,58.8,0.1195,10.177,38.5338,50.2547,2.6584,6.3339,25.0,,,,,,,
KTT,KUVEYT TÜRK PORTFÖY DÖRDÜNCÜ KATILIM SERBEST (DÖVİZ) FON,TEFAS,YAT,Serbest Şemsiye Fonu,4.0,71.564748,54.6,1.2067,4.0222,8.941,25.3244,191.2432,5.8927,18.0,,,,,,,
KTV,KUVEYT TÜRK PORTFÖY KISA VADELİ KİRA SERTİFİKALARI KATILIM (TL) FONU,TEFAS,YAT,Katılım Şemsiye Fonu,1.0,7.996837,58.5,2.7533,8.6222,18.593,43.7709,2.0208,3.2732,3.0,,,,,,,
KU3,KUVEYT TÜRK PORTFÖY ÜÇÜNCÜ KATILIM FONU,TEFAS,YAT,Katılım Şemsiye Fonu,5.0,1.118241,53.5,5.2799,,,,,,25.0,,,,,,,
KUA,KUVEYT TÜRK PORTFÖY AGRESİF KATILIM FONU,TEFAS,YAT,Katılım Şemsiye Fonu,5.0,1.378664,58.3,2.5541,7.648,23.7243,44.61,,,25.0,,,,,,,
KUB,KARE PORTFÖY DEĞİŞKEN  (DÖVİZ) FONU,TEFAS,YAT,Değişken Şemsiye Fonu,6.0,0.761759,55.0,2.5579,2.6689,9.7341,26.8059,2.3548,6.5723,33.0,,,,,,,
KUD,KUVEYT TÜRK PORTFÖY DİNAMİK KATILIM FONU,TEFAS,YAT,Katılım Şemsiye Fonu,3.0,1.705804,62.5,4.6958,14.2916,35.954,60.34,,,12.0,,,,,,,
KUT,KUVEYT TÜRK PORTFÖY KIYMETLİ MADENLER KATILIM FONU,TEFAS,YAT,Katılım Şemsiye Fonu,6.0,11.76514,61.6,0.4379,-9.3069,35.5109,99.6338,4.6773,,33.0,,,,,,,
KVK,HEDEF PORTFÖY KATILIM İSTATİSTİKSEL ARBİTRAJ SERBEST FON,TEFAS,YAT,Serbest Şemsiye Fonu,2.0,1.315826,53.5,3.0997,8.8349,17.6015,,,,7.0,,,,,,,
KVR,ATLAS PORTFÖY KISA VADELİ KATILIM SERBEST FON,TEFAS,YAT,Serbest Şemsiye Fonu,2.0,1.349217,53.6,3.0886,9.3925,,,,,7.0,,,,,,,
KVS,AZİMUT PORTFÖY KISA VADELİ SERBEST (TL) FON,TEFAS,YAT,Serbest Şemsiye Fonu,2.0,3.977883,60.0,3.2917,10.2406,21.4892,51.4447,2.4519,,7.0,,,,,,,
KVT,AK PORTFÖY ENERJİ ŞİRKETLERİ HİSSE SENEDİ (TL) FONU (HİSSE SENEDİ YOĞUN FON),TEFAS,YAT,Hisse Senedi Şemsiye Fonu,4.0,1.209982,60.0,2.269,14.4802,22.0512,47.7493,,,18.0,,,,,,,
KYA,KARE PORTFÖY HİSSE SENEDİ FONU(HİSSE SENEDİ YOĞUN FON),TEFAS,YAT,Hisse Senedi Şemsiye Fonu,6.0,1.075959,51.4,-5.3725,-7.721,14.7911,35.4014,2.8254,13.369,33.0,,,,,,,
KYS,KARE PORTFÖY YEDİNCİ SERBEST (DÖVİZ) FON,TEFAS,YAT,Serbest Şemsiye Fonu,3.0,54.243798,51.0,0.0679,3.7104,11.2416,,,,12.0,,,,,,,
KZL,KUVEYT TÜRK PORTFÖY ALTIN KATILIM FONU,TEFAS,YAT,Katılım Şemsiye Fonu,4.0,27.572502,55.9,-0.9433,-9.5934,15.9165,60.7065,4.4177,12.6733,18.0,,,,,,,
KZU,KUVEYT TÜRK PORTFÖY İKİNCİ ALTIN KATILIM FONU,TEFAS,YAT,Katılım Şemsiye Fonu,6.0,2.33109,54.4,-1.0036,-9.9016,9.937,50.5057,,,33.0,,,,,,,
LKT,AKTİF PORTFÖY İKİNCİ PARA PİYASASI (TL) FONU,TEFAS,YAT,Para Piyasası Şemsiye Fonu,2.0,1.952741,59.1,2.965,9.3898,19.4755,46.4156,,,7.0,,,,,,,
LLA,ALLBATROSS PORTFÖY AYDIN HİSSE SENEDİ SERBEST (TL) FON (HİSSE SENEDİ YOĞUN FON),TEFAS,YAT,Serbest Şemsiye Fonu,6.0,0.933579,40.5,-8.0585,-7.625,-5.036,-39.5442,,,33.0,,,,,,,
LPH,STATECH PORTFÖY İSTATİSTİKSEL ARBİTRAJ HİSSE SENEDİ SERBEST (TL) FON (HİSSE SENE,TEFAS,YAT,Serbest Şemsiye Fonu,4.0,1.515403,63.1,5.0411,12.5149,28.7335,66.7745,,,18.0,,,,,,,
MAC,MARMARA CAPITAL PORTFÖY HİSSE SENEDİ (TL) FONU (HİSSE SENEDİ YOĞUN FON),TEFAS,YAT,Hisse Senedi Şemsiye Fonu,6.0,0.66746,57.3,4.3452,5.0436,20.448,36.6066,2.8464,13.3906,33.0,,,,,,,
MAD,MEKSA PORTFÖY BİRİNCİ DEĞİŞKEN FON,TEFAS,YAT,Değişken Şemsiye Fonu,6.0,0.945882,53.2,-0.8395,1.4779,8.8309,23.7244,2.3937,7.614,33.0,,,,,,,
MBL,MEKSA PORTFÖY İKİNCİ DEĞİŞKEN FON,TEFAS,YAT,Değişken Şemsiye Fonu,2.0,0.299028,59.2,2.9895,9.5721,19.7754,47.0478,2.1347,2.8353,7.0,,,,,,,
MBR,MT PORTFÖY BİRİNCİ BORÇLANMA ARAÇLARI FONU,TEFAS,YAT,Borçlanma Araçları Şemsiye Fonu,3.0,1.80356,57.7,1.3896,4.4197,23.6558,47.8378,,,12.0,,,,,,,
MCU,AZİMUT PORTFÖY MUTLAK GETİRİ HEDEFLİ HİSSE SENEDİ SERBEST FON (HİSSE SENEDİ YOĞU,TEFAS,YAT,Serbest Şemsiye Fonu,2.0,1.437399,54.1,3.2985,10.7821,21.7155,,,,7.0,,,,,,,
MD1,MT PORTFÖY BİRİNCİ DEĞİŞKEN FON,TEFAS,YAT,Değişken Şemsiye Fonu,5.0,1.857511,59.1,-1.907,1.8903,32.5207,70.4472,,,25.0,,,,,,,
MD2,MT PORTFÖY İKİNCİ DEĞİŞKEN FON,TEFAS,YAT,Değişken Şemsiye Fonu,3.0,1.956909,59.7,0.1046,5.3571,28.7443,64.3792,,,12.0,,,,,,,
MDF,FİBA PORTFÖY MODEL EMTİA FON SEPETİ SERBEST FON,TEFAS,YAT,Serbest Şemsiye Fonu,5.0,1.364483,52.2,1.3991,6.5644,23.2951,,,,25.0,,,,,,,
MET,GARANTİ PORTFÖY METAVERSE VE YENİ TEKNOLOJİLER DEĞİŞKEN FON,TEFAS,YAT,Değişken Şemsiye Fonu,6.0,6.236853,64.4,7.0299,20.1398,27.912,60.4925,3.8531,,33.0,,,,,,,
MGB,İŞ PORTFÖY MUTLAK GETİRİ HEDEFLİ HİSSE SENEDİ SERBEST FON (HİSSE SENEDİ YOĞUN FO,TEFAS,YAT,Serbest Şemsiye Fonu,2.0,1.452148,56.2,2.8954,6.0498,10.2574,29.8669,,,7.0,,,,,,,
MGH,TEB PORTFÖY MUTLAK GETİRİ HEDEFLİ HİSSE SENEDİ SERBEST FON (HİSSE SENEDİ YOĞUN F,TEFAS,YAT,Serbest Şemsiye Fonu,2.0,2.307324,55.5,3.1705,4.6665,12.3274,26.0091,,,7.0,,,,,,,
MHF,MT PORTFÖY BIST HALKA ARZ ŞİRKETLERİ HİSSE SENEDİ FONU (HİSSE SENEDİ YOĞUN FON),TEFAS,YAT,Hisse Senedi Şemsiye Fonu,6.0,1.287762,68.7,6.4765,19.5217,41.206,94.6758,,,33.0,,,,,,,
MJB,AKTİF PORTFÖY BİRİNCİ FON SEPETİ FONU,TEFAS,YAT,Fon Sepeti Şemsiye Fonu,6.0,7.510531,60.5,3.2954,8.6284,30.2058,57.7791,2.833,,33.0,,,,,,,
MJG,AKTİF PORTFÖY GÜMÜŞ FON SEPETİ FONU,TEFAS,YAT,Fon Sepeti Şemsiye Fonu,7.0,10.492882,68.2,2.142,-11.8819,53.1137,149.0379,5.7772,,42.0,,,,,,,
MJH,AKTİF PORTFÖY FORTUNA SERBEST FON,TEFAS,YAT,Serbest Şemsiye Fonu,6.0,4.6944,49.7,0.6394,-6.046,-12.1131,5.1663,115.2459,,33.0,,,,,,,
MJL,AKTİF PORTFÖY AKTİF SERBEST (DÖVİZ-AVRO) FON,TEFAS,YAT,Serbest Şemsiye Fonu,4.0,61.517179,54.2,1.3561,3.3427,9.6802,22.9584,166.0703,,18.0,,,,,,,
MKA,MARMARA CAPİTAL PORTFÖY KATILIM HİSSE SENEDİ (TL) FONU (HİSSE SENEDİ YOĞUN FON),TEFAS,YAT,Hisse Senedi Şemsiye Fonu,6.0,1.093881,60.7,5.7723,13.0127,33.2683,46.0847,,,33.0,,,,,,,
MKG,AKTİF PORTFÖY ALTIN KATILIM FONU,TEFAS,YAT,Kıymetli Madenler Şemsiye Fonu,6.0,17.199289,55.5,-1.4825,-8.881,15.8734,58.4551,4.2968,12.5758,33.0,,,,,,,
MLT,DENİZ PORTFÖY MELTEM HİSSE SENEDİ SERBEST (TL) FON (HİSSE SENEDİ YOĞUN FON),TEFAS,YAT,Serbest Şemsiye Fonu,6.0,1.285308,47.3,-4.3381,-3.4906,25.3329,,,,33.0,,,,,,,
MMH,AKTİF PORTFÖY BIST 30 ENDEKSİ HİSSE SENEDİ (TL) FONU (HİSSE SENEDİ YOĞUN FON),TEFAS,YAT,Hisse Senedi Şemsiye Fonu,6.0,15.75219,56.2,-4.1429,1.6707,31.944,54.0147,2.8089,12.5927,33.0,,,,,,,
MOZ,EMAA BLUE PORTFÖY MOZAİK SERBEST FON,TEFAS,YAT,Serbest Şemsiye Fonu,5.0,1.309466,54.2,4.578,9.2791,21.3757,,,,25.0,,,,,,,
MPE,MT PORTFÖY PARA PİYASASI KATILIM (TL) FONU,TEFAS,YAT,Katılım Şemsiye Fonu,1.0,1.438095,53.6,3.0122,9.3905,19.6576,,,,3.0,,,,,,,
MPF,AKTİF PORTFÖY KISA VADELİ KİRA SERTİFİKASI KATILIM (TL) FONU,TEFAS,YAT,Katılım Şemsiye Fonu,1.0,8.664431,58.9,2.9187,9.044,19.1604,45.6266,2.0853,3.4373,3.0,,,,,,,
MPI,MEKSA PORTFÖY İSTATİSTİKSEL ARBİTRAJ SERBEST (TL) FON,TEFAS,YAT,Serbest Şemsiye Fonu,1.0,3.222514,59.3,3.6989,10.0918,19.72,45.2984,,,3.0,,,,,,,
MPK,AKTİF PORTFÖY KİRA SERTİFİKASI KATILIM (TL) FONU,TEFAS,YAT,Katılım Şemsiye Fonu,2.0,10.285375,59.0,2.9382,9.0247,19.3951,46.4135,2.2107,4.1066,7.0,,,,,,,
MPL,MT PORTFÖY PARA PİYASASI (TL) FONU,TEFAS,YAT,Para Piyasası Şemsiye Fonu,2.0,2.102381,58.6,0.5795,8.2226,20.1191,50.5976,,,7.0,,,,,,,
MPN,AKTİF PORTFÖY İKİNCİ AKTİF SERBEST (DÖVİZ) FON,TEFAS,YAT,Serbest Şemsiye Fonu,4.0,61.055153,54.0,0.1644,1.9974,8.3585,26.2513,2.1468,,18.0,,,,,,,
MPP,MEKSA PORTFÖY PRİME SERBEST FON,TEFAS,YAT,Serbest Şemsiye Fonu,7.0,22.300102,55.2,1.3333,0.7106,19.6793,34.8435,142.1407,5.3651,42.0,,,,,,,
MPS,AKTİF PORTFÖY KATILIM HİSSE SENEDİ (TL) FONU (HİSSE SENEDİ YOĞUN FON),TEFAS,YAT,Hisse Senedi Şemsiye Fonu,6.0,22.135089,60.7,1.9969,11.0992,35.334,58.6311,2.716,8.4666,33.0,,,,,,,
MRI,TEB PORTFÖY MERİDYEN SERBEST FON,TEFAS,YAT,Serbest Şemsiye Fonu,4.0,1.220991,48.9,-4.3218,-5.8876,1.4495,11.4302,,,18.0,,,,,,,
MT1,MT PORTFÖY BİRİNCİ SERBEST (DÖVİZ) FON,TEFAS,YAT,Serbest Şemsiye Fonu,4.0,46.936202,54.2,1.6642,4.7897,8.8192,20.1352,,,18.0,,,,,,,
MT2,MT PORTFÖY PARA PİYASASI SERBEST (TL) FON,TEFAS,YAT,Serbest Şemsiye Fonu,2.0,1.466891,54.5,3.6881,12.0078,25.7494,,,,7.0,,,,,,,
MTD,BV PORTFÖY MALZEME TEKNOLOJİLERİ DEĞİŞKEN FON,TEFAS,YAT,Değişken Şemsiye Fonu,5.0,1.212307,50.1,-1.3168,2.6481,29.9199,,,,25.0,,,,,,,
MTF,MT PORTFÖY BİRİNCİ İSTATİSTİKSEL ARBİTRAJ HİSSE SENEDİ SERBEST (TL) FON (HİSSE S,TEFAS,YAT,Serbest Şemsiye Fonu,2.0,1.314289,57.4,3.4876,9.2111,16.5329,33.0967,,,7.0,,,,,,,
MTG,DENİZ PORTFÖY MUTLAK GETİRİ HEDEFLİ HİSSE SENEDİ SERBEST FON (HİSSE SENEDİ YOGUN,TEFAS,YAT,Serbest Şemsiye Fonu,3.0,1.709403,58.1,5.9449,8.6149,14.7532,32.6763,,,12.0,,,,,,,
MTH,MT PORTFÖY BİRİNCİ HİSSE SENEDİ FONU (HİSSE SENEDİ YOĞUN FON),TEFAS,YAT,Hisse Senedi Şemsiye Fonu,6.0,1.806173,60.0,0.865,-1.7813,24.7372,75.8742,,,33.0,,,,,,,
MTK,MT PORTFÖY KATILIM HİSSE SENEDİ (TL) FONU (HİSSE SENEDİ YOĞUN FON),TEFAS,YAT,Hisse Senedi Şemsiye Fonu,6.0,1.353554,52.8,2.6196,6.6343,37.3901,,,,33.0,,,,,,,
MTS,AKTİF PORTFÖY TARIM VE SÜRDÜRÜLEBİLİRLİK FON SEPETİ FONU,TEFAS,YAT,Fon Sepeti Şemsiye Fonu,5.0,2.722676,55.8,0.7084,3.2382,17.7727,36.7452,187.1834,,25.0,,,,,,,
MTV,AK PORTFÖY METAVERSE VE DİJİTAL YAŞAM TEKNOLOJİLERİ DEĞİŞKEN FON,TEFAS,YAT,Değişken Şemsiye Fonu,6.0,5.340744,64.2,8.028,20.9023,26.7424,54.773,3.0417,,33.0,,,,,,,
MTX,TEB PORTFÖY METAVERSE VE DİJİTAL TEKNOLOJİLER DEĞİŞKEN FON,TEFAS,YAT,Değişken Şemsiye Fonu,6.0,5.287936,66.3,12.7605,21.7047,20.4983,57.5753,3.4133,,33.0,,,,,,,
MUT,GARANTİ PORTFÖY MUTLAK GETİRİ HEDEFLİ HİSSE SENEDİ SERBEST FON (HİSSE SENEDİ YOĞ,TEFAS,YAT,Serbest Şemsiye Fonu,2.0,2.003233,57.1,3.2509,5.3503,14.1463,37.3226,,,7.0,,,,,,,
NAK,NEO PORTFÖY ALTIN KATILIM FONU,TEFAS,YAT,Kıymetli Madenler Şemsiye Fonu,6.0,1.052474,47.3,-1.2583,-8.6076,,,,,33.0,,,,,,,
NAU,NEO PORTFÖY ALTIN FONU,TEFAS,YAT,Kıymetli Madenler Şemsiye Fonu,6.0,3.032966,54.8,-1.2886,-10.8465,12.5375,55.2608,,,33.0,,,,,,,
NBH,NEO PORTFÖY ALGORİTMİK STRATEJİLER SERBEST FON,TEFAS,YAT,Serbest Şemsiye Fonu,6.0,7.357073,62.2,3.9838,12.9153,27.9521,62.4069,2.6705,,33.0,,,,,,,
NBO,NEO PORTFÖY BORÇLANMA ARACI FONLARI FON SEPETİ FONU,TEFAS,YAT,Fon Sepeti Şemsiye Fonu,5.0,1.574886,54.0,3.2165,10.5789,23.3234,,,,25.0,,,,,,,
NBZ,NEO PORTFÖY BİRİNCİ SERBEST (DÖVİZ) FON,TEFAS,YAT,Serbest Şemsiye Fonu,6.0,74.482834,54.9,2.1144,5.2945,10.3344,23.4348,160.3882,6.0031,33.0,,,,,,,
NCS,NUROL PORTFÖY ÜÇÜNCÜ SERBEST (DÖVİZ) FON,TEFAS,YAT,Serbest Şemsiye Fonu,4.0,59.33227,54.9,2.1029,5.4314,10.3212,23.4255,,,18.0,,,,,,,
NFF,NEO PORTFÖY FON SEPETİ SERBEST FON,TEFAS,YAT,Serbest Şemsiye Fonu,4.0,1.393662,54.8,2.7914,8.0129,-2.9553,17.1687,,,18.0,,,,,,,
NHP,NEO PORTFÖY BİRİNCİ FON SEPETİ FONU,TEFAS,YAT,Fon Sepeti Şemsiye Fonu,4.0,5.673884,58.5,2.7306,7.9646,16.7133,44.7504,2.7148,,18.0,,,,,,,
NHY,NEO PORTFÖY BİRİNCİ HİSSE SENEDİ (TL) FONU (HİSSE SENEDİ YOĞUN FON),TEFAS,YAT,Hisse Senedi Şemsiye Fonu,7.0,5.013709,60.1,3.8305,5.1137,25.1851,58.261,2.0536,,42.0,,,,,,,
NJF,NUROL PORTFÖY ALTIN KATILIM FONU,TEFAS,YAT,Katılım Şemsiye Fonu,6.0,12.426224,56.7,-0.383,-6.365,17.0674,60.5526,4.1285,,33.0,,,,,,,
NJR,NUROL PORTFÖY BİRİNCİ BORÇLANMA ARAÇLARI FONU,TEFAS,YAT,Borçlanma Araçları Şemsiye Fonu,2.0,6.076708,60.5,3.8581,10.9773,21.7662,52.4856,2.6508,,7.0,,,,,,,
NJY,NUROL PORTFÖY BİRİNCİ KATILIM FONU,TEFAS,YAT,Katılım Şemsiye Fonu,1.0,7.819771,59.4,3.1777,9.7644,20.1122,47.8182,2.6572,,3.0,,,,,,,
NKA,NEO PORTFÖY KATILIM SERBEST (DÖVİZ) FON,TEFAS,YAT,Serbest Şemsiye Fonu,3.0,50.755851,54.3,1.8987,4.8305,9.0227,20.57,,,12.0,,,,,,,
NKC,NEO PORTFÖY İKİNCİ HİSSE SENEDİ FONU (HİSSE SENEDİ YOĞUN FON),TEFAS,YAT,Hisse Senedi Şemsiye Fonu,6.0,1.112586,51.8,2.1244,3.552,25.6482,,,,33.0,,,,,,,
NKM,NEO PORTFÖY KATILIM HİSSE SENEDİ FONU (HİSSE SENEDİ YOĞUN FON),TEFAS,YAT,Hisse Senedi Şemsiye Fonu,6.0,0.862521,53.7,3.1445,9.4796,,,,,33.0,,,,,,,
NKP,NEO PORTFÖY KAR PAYI ÖDEYEN DEĞİŞKEN FON,TEFAS,YAT,Değişken Şemsiye Fonu,5.0,1.132694,50.6,1.5367,0.0372,13.7756,,,,25.0,,,,,,,
NKT,NUROL PORTFÖY BİRİNCİ KATILIM HİSSE SENEDİ FONU (HİSSE SENEDİ YOĞUN FON),TEFAS,YAT,Hisse Senedi Şemsiye Fonu,5.0,1.437199,55.4,4.5594,13.8193,,,,,25.0,,,,,,,
NLE,NUROL PORTFÖY EMLAK SEKTÖRÜ HİSSE SENEDİ FONU (HİSSE SENEDİ YOĞUN FON),TEFAS,YAT,Hisse Senedi Şemsiye Fonu,6.0,1.496152,60.2,4.5154,8.4662,18.1975,52.1581,,,33.0,,,,,,,
NLK,NUROL PORTFÖY KISA VADELİ SERBEST FON,TEFAS,YAT,Serbest Şemsiye Fonu,1.0,1.96769,60.1,3.2838,10.3976,21.8485,51.9936,,,3.0,,,,,,,
NME,NUROL PORTFÖY MERCAN KATILIM SERBEST (DÖVİZ) FON,TEFAS,YAT,Serbest Şemsiye Fonu,4.0,57.920584,54.3,1.3972,3.3476,9.928,23.8759,,,18.0,,,,,,,
NMU,NUROL PORTFÖY MUTLAK GETİRİ HEDEFLİ HİSSE SENEDİ SERBEST FON (HİSSE SENEDİ YOĞUN,TEFAS,YAT,Serbest Şemsiye Fonu,2.0,1.305515,53.5,3.5661,7.9142,,,,,7.0,,,,,,,
NNF,HEDEF PORTFÖY BİRİNCİ HİSSE SENEDİ (TL) FONU (HİSSE SENEDİ YOĞUN FON),TEFAS,YAT,Hisse Senedi Şemsiye Fonu,6.0,19.158756,51.4,-1.9406,-6.5472,6.394,25.0667,2.9123,13.2314,33.0,,,,,,,
NOI,TACİRLER PORTFÖY NOVA İSTATİSTİKSEL ARBİTRAJ SERBEST FON,TEFAS,YAT,Serbest Şemsiye Fonu,1.0,1.620205,54.1,3.6663,10.3919,19.7307,,,,3.0,,,,,,,
NPH,NUROL PORTFÖY BİRİNCİ HİSSE SENEDİ FONU (HİSSE SENEDİ YOĞUN FON),TEFAS,YAT,Hisse Senedi Şemsiye Fonu,6.0,1.427354,55.8,-0.783,6.2941,15.6777,36.2497,,,33.0,,,,,,,
NRC,NEO PORTFÖY BİRİNCİ DEĞİŞKEN FON,TEFAS,YAT,Değişken Şemsiye Fonu,7.0,9.613801,57.6,2.0916,2.2734,21.2044,48.5604,191.8444,,42.0,,,,,,,
NRG,NEO PORTFÖY BİRİNCİ PARA PİYASASI FONU,TEFAS,YAT,Para Piyasası Şemsiye Fonu,1.0,5.81126,59.8,3.1171,9.9176,20.9747,50.6215,2.6295,,3.0,,,,,,,
NSA,NEO PORTFÖY PARA PİYASASI KATILIM SERBEST FON,TEFAS,YAT,Serbest Şemsiye Fonu,2.0,2.660742,59.5,3.195,9.8103,20.7236,48.6871,,,7.0,,,,,,,
NSD,NUROL PORTFÖY DÖRDÜNCÜ SERBEST (DÖVİZ) FON,TEFAS,YAT,Serbest Şemsiye Fonu,4.0,67.075628,55.4,2.8979,6.1049,10.9825,24.0327,2.0021,,18.0,,,,,,,
NSH,NUROL PORTFÖY İSTATİSTİKSEL ARBİTRAJ HİSSE SENEDİ SERBEST FON (HİSSE SENEDİ YOĞU,TEFAS,YAT,Serbest Şemsiye Fonu,2.0,2.302628,59.4,3.5309,9.7122,19.8518,46.7317,,,7.0,,,,,,,
NSK,NEO PORTFÖY BİRİNCİ SERBEST FON,TEFAS,YAT,Serbest Şemsiye Fonu,4.0,7.064584,59.6,3.6166,10.5064,20.7727,47.0147,2.5612,4.819,18.0,,,,,,,
NSP,NUROL PORTFÖY PARA PİYASASI KATILIM FONU,TEFAS,YAT,Katılım Şemsiye Fonu,1.0,1.923457,59.5,3.1559,9.8816,20.5131,48.7521,,,3.0,,,,,,,
NST,İŞ PORTFÖY İNŞAAT SEKTÖRÜ HİSSE SENEDİ FONU (HİSSE SENEDİ YOĞUN FON),TEFAS,YAT,Hisse Senedi Şemsiye Fonu,6.0,1.049952,51.1,-0.4686,5.3572,18.1014,,,,33.0,,,,,,,
NSY,NEO PORTFÖY YEDİNCİ SERBEST FON,TEFAS,YAT,Serbest Şemsiye Fonu,3.0,1.474316,53.4,3.5008,7.7542,25.7923,,,,12.0,,,,,,,
NTI,NEO PORTFÖY TEKNOLOJİ VE İNOVASYON DEĞİŞKEN FON,TEFAS,YAT,Değişken Şemsiye Fonu,6.0,1.719282,66.7,20.149,33.1048,49.5887,,,,33.0,,,,,,,
NUB,NUROL PORTFÖY BEŞİNCİ SERBEST (DÖVİZ) FON,TEFAS,YAT,Serbest Şemsiye Fonu,4.0,60.332166,54.5,1.5347,3.6925,10.4533,24.7013,,,18.0,,,,,,,
NUH,NEO PORTFÖY ÜÇÜNCÜ HİSSE SENEDİ FONU (HİSSE SENEDİ YOĞUN FON),TEFAS,YAT,Hisse Senedi Şemsiye Fonu,6.0,1.157681,54.7,4.4441,11.3564,39.8271,,,,33.0,,,,,,,
NVB,NEO PORTFÖY İKİNCİ PARA PİYASASI (TL) FON,TEFAS,YAT,Para Piyasası Şemsiye Fonu,4.0,5.025764,59.7,3.0749,9.7678,20.7182,50.0617,2.6138,,18.0,,,,,,,
NVC,NEO PORTFÖY VENTO SERBEST FON,TEFAS,YAT,Serbest Şemsiye Fonu,6.0,3.642215,59.8,2.949,8.0376,34.064,53.7252,2.2703,,33.0,,,,,,,
NVK,INVEO PORTFÖY KATILIM SERBEST (DÖVİZ) FON,TEFAS,YAT,Serbest Şemsiye Fonu,4.0,47.867257,51.8,1.6785,4.3099,7.2867,,,,18.0,,,,,,,
NVT,NEO PORTFÖY ÜÇÜNCÜ SERBEST (TL) FON,TEFAS,YAT,Serbest Şemsiye Fonu,4.0,4.840407,59.2,3.2348,9.2229,19.326,47.3833,2.5403,,18.0,,,,,,,
NVZ,NEO PORTFÖY ORSA SERBEST (DÖVİZ) FON,TEFAS,YAT,Serbest Şemsiye Fonu,4.0,58.507176,55.0,1.6655,4.5846,11.9511,26.8014,,,18.0,,,,,,,
NZH,NEO PORTFÖY İKİNCİ DEĞİŞKEN FON,TEFAS,YAT,Değişken Şemsiye Fonu,4.0,3.259306,58.8,2.5802,9.4738,23.9133,45.4092,107.1916,2.1462,18.0,,,,,,,
NZT,NEO PORTFÖY PARA PİYASASI SERBEST FON,TEFAS,YAT,Serbest Şemsiye Fonu,2.0,6.324739,59.5,3.1277,9.7186,20.3761,49.1681,2.5695,3.8709,7.0,,,,,,,
NZU,NUROL PORTFÖY ZÜMRÜT KATILIM SERBEST (DÖVİZ) FON,TEFAS,YAT,Serbest Şemsiye Fonu,4.0,52.324228,54.7,1.9958,5.0684,9.756,22.6629,,,18.0,,,,,,,
OBI,OYAK PORTFÖY İKİNCİ BORÇLANMA ARAÇLARI (TL) FONU,TEFAS,YAT,Borçlanma Araçları Şemsiye Fonu,3.0,3.269021,56.3,1.8952,3.4132,15.3442,37.6698,169.5127,,12.0,,,,,,,
OBP,OYAK PORTFÖY İKİNCİ DEĞİŞKEN FON,TEFAS,YAT,Değişken Şemsiye Fonu,4.0,0.207061,55.4,-0.2472,0.7264,16.793,40.0945,2.6973,4.9978,18.0,,,,,,,
ODD,OYAK PORTFÖY DÖRDÜNCÜ SERBEST FON,TEFAS,YAT,Serbest Şemsiye Fonu,4.0,11.122434,57.6,1.3409,5.5823,16.1947,45.225,155.7503,5.1102,18.0,,,,,,,
ODG,ONE PORTFÖY İKİNCİ DEĞİŞKEN FON,TEFAS,YAT,Değişken Şemsiye Fonu,2.0,1.187896,51.9,2.8831,,,,,,7.0,,,,,,,
ODP,OSMANLI PORTFÖY BİRİNCİ SERBEST FON,TEFAS,YAT,Serbest Şemsiye Fonu,6.0,7.681604,68.4,11.3649,23.7854,35.7572,74.0831,3.7548,,33.0,,,,,,,
ODS,OYAK PORTFÖY İKİNCİ SERBEST(DÖVİZ) FON,TEFAS,YAT,Serbest Şemsiye Fonu,4.0,70.024494,52.8,0.4418,1.3473,5.5577,17.6863,190.8278,5.7327,18.0,,,,,,,
ODV,AK PORTFÖY ÜÇÜNCÜ FON SEPETİ FONU,TEFAS,YAT,Fon Sepeti Şemsiye Fonu,5.0,19.575751,54.7,-1.0223,-2.6711,18.2755,41.7131,2.7701,6.5655,25.0,,,,,,,
OFI,OYAK PORTFÖY İKİNCİ FON SEPETİ FONU,TEFAS,YAT,Fon Sepeti Şemsiye Fonu,4.0,4.005486,57.4,1.2143,4.6343,21.3726,45.6591,2.2107,,18.0,,,,,,,
OFS,OYAK PORTFÖY BİRİNCİ FON SEPETİ FONU,TEFAS,YAT,Fon Sepeti Şemsiye Fonu,4.0,8.176063,56.9,-0.2032,2.3816,20.1592,48.3331,2.4588,6.3674,18.0,,,,,,,
OGD,OYAK PORTFÖY ALTIN KATILIM FONU,TEFAS,YAT,Katılım Şemsiye Fonu,6.0,11.395616,55.3,-0.9224,-9.1722,14.744,55.6639,3.8172,10.194,33.0,,,,,,,
OHB,OYAK PORTFÖY BİRİNCİ HİSSE SENEDİ (TL) FONU (HİSSE SENEDİ YOĞUN FON),TEFAS,YAT,Hisse Senedi Şemsiye Fonu,6.0,22.527824,53.4,-4.0981,-4.0054,22.5855,42.096,2.8195,12.3318,33.0,,,,,,,
OHK,OYAK PORTFÖY KATILIM HİSSE SENEDİ (TL) FONU (HİSSE SENEDİ YOĞUN FON),TEFAS,YAT,Hisse Senedi Şemsiye Fonu,6.0,2.679384,61.7,4.1624,14.9797,39.1327,54.8112,2.169,,33.0,,,,,,,
OIL,OSMANLI PORTFÖY ALTIN FON SEPETİ FONU,TEFAS,YAT,Fon Sepeti Şemsiye Fonu,6.0,3.787882,53.8,-0.7965,-3.7123,18.4414,36.201,151.6636,,33.0,,,,,,,
OIR,OSMANLI PORTFÖY DENGELİ FON SEPETİ FONU,TEFAS,YAT,Fon Sepeti Şemsiye Fonu,3.0,5.113153,58.2,1.8788,5.0227,20.3968,49.6268,2.4831,,12.0,,,,,,,
OJB,QNB PORTFÖY BEŞİNCİ SERBEST (DÖVİZ) FON,TEFAS,YAT,Serbest Şemsiye Fonu,4.0,54.681385,54.6,2.002,5.059,9.4894,21.5516,151.635,4.9855,18.0,,,,,,,
OJK,QNB PORTFÖY ALTIN FONU,TEFAS,YAT,Kıymetli Madenler Şemsiye Fonu,6.0,13.187747,55.5,-0.9131,-9.8205,16.3099,58.4681,4.209,,33.0,,,,,,,
OJT,QNB PORTFÖY TEKNOLOJİ FON SEPETİ FONU,TEFAS,YAT,Fon Sepeti Şemsiye Fonu,6.0,13.214083,71.2,12.9636,29.39,42.3205,82.4555,4.2625,11.1428,33.0,,,,,,,
OKD,OYAK PORTFÖY BİRİNCİ DEĞİŞKEN FON,TEFAS,YAT,Değişken Şemsiye Fonu,6.0,0.593479,56.3,-1.5244,1.9332,21.7792,48.4125,3.224,10.2458,33.0,,,,,,,
OKP,OYAK PORTFÖY BİRİNCİ KISA VADELİ BORÇLANMA ARAÇLARI (TL) FONU,TEFAS,YAT,Borçlanma Araçları Şemsiye Fonu,2.0,6.727583,59.3,2.9742,9.4183,20.1232,48.1843,2.3841,3.7928,7.0,,,,,,,
OKT,OYAK PORTFÖY BİRİNCİ BORÇLANMA ARAÇLARI FONU,TEFAS,YAT,Borçlanma Araçları Şemsiye Fonu,3.0,0.170336,59.3,3.0904,9.6772,20.2834,47.856,2.4066,4.1045,12.0,,,,,,,
OLA,OSMANLI PORTFÖY İKİNCİ SERBEST (DÖVİZ- AVRO) FON,TEFAS,YAT,Serbest Şemsiye Fonu,4.0,53.627003,53.2,0.8986,1.6308,6.8229,19.0762,176.6518,,18.0,,,,,,,
OLD,QNB PORTFÖY TEMİZ ENERJİ VE SU FON SEPETİ FONU,TEFAS,YAT,Fon Sepeti Şemsiye Fonu,6.0,2.98055,59.7,3.3292,7.1076,19.587,53.8184,150.4105,,33.0,,,,,,,
OLE,OSMANLI PORTFÖY BİRİNCİ FON SEPETİ FONU,TEFAS,YAT,Fon Sepeti Şemsiye Fonu,2.0,5.283842,60.0,3.259,10.3799,21.5573,51.1804,2.4211,,7.0,,,,,,,
OMG,AZİMUT PORTFÖY İKİNCİ HİSSE SENEDİ FONU (HİSSE SENEDİ YOĞUN FON),TEFAS,YAT,Hisse Senedi Şemsiye Fonu,6.0,1.73204,59.7,1.3191,4.8087,32.4872,62.5795,,,33.0,,,,,,,
ONE,AKTİF PORTFÖY BİRİNCİ HİSSE SENEDİ SERBEST (TL) FON (HİSSE SENEDİ YOĞUN FON),TEFAS,YAT,Serbest Şemsiye Fonu,6.0,1.389587,54.5,-2.8561,3.4613,30.1867,35.3377,,,33.0,,,,,,,
ONK,AK PORTFÖY ONİKİNCİ SERBEST (DÖVİZ-AVRO) FON,TEFAS,YAT,Serbest Şemsiye Fonu,4.0,60.511076,54.3,1.4563,3.4637,9.9688,23.5312,,,18.0,,,,,,,
ONN,AKTİF PORTFÖY AKTİF ONİKS SERBEST (TL) FON,TEFAS,YAT,Serbest Şemsiye Fonu,2.0,6.694948,58.9,1.972,8.3344,18.9662,49.6735,2.4399,3.9496,7.0,,,,,,,
ONS,İŞ PORTFÖY ONİKİNCİ SERBEST (DÖVİZ) FON,TEFAS,YAT,Serbest Şemsiye Fonu,4.0,55.648306,54.6,1.9953,5.0627,9.5415,21.916,156.079,,18.0,,,,,,,
OPB,OSMANLI PORTFÖY BİRİNCİ DEĞİŞKEN FON,TEFAS,YAT,Değişken Şemsiye Fonu,4.0,13.289864,58.6,2.2631,6.8722,27.5222,48.8504,2.5183,6.6739,18.0,,,,,,,
OPD,OSMANLI PORTFÖY ANKA SERBEST FON,TEFAS,YAT,Serbest Şemsiye Fonu,2.0,8.86031,59.2,3.0514,9.5878,20.0746,47.1379,2.4581,4.6372,7.0,,,,,,,
OPF,OSMANLI PORTFÖY AGRESİF DEĞİŞKEN FON,TEFAS,YAT,Değişken Şemsiye Fonu,6.0,3.416294,68.4,9.1108,21.4418,38.611,82.94,,,33.0,,,,,,,
OPH,OSMANLI PORTFÖY BİRİNCİ HİSSE SENEDİ FONU(HİSSE SENEDİ YOĞUN FON),TEFAS,YAT,Hisse Senedi Şemsiye Fonu,6.0,23.087621,58.1,3.5767,4.6733,30.1247,44.8699,2.4784,11.2386,33.0,,,,,,,
OPI,OSMANLI PORTFÖY KAR PAYI ÖDEYEN HİSSE SENEDİ (TL) FONU (HİSSE SENEDİ YOĞUN FON),TEFAS,YAT,Hisse Senedi Şemsiye Fonu,6.0,20.649705,55.2,-0.7137,0.8076,26.4866,39.2707,2.322,11.0929,33.0,,,,,,,
OPL,OSMANLI PORTFÖY İKİNCİ DEĞİŞKEN FON,TEFAS,YAT,Değişken Şemsiye Fonu,4.0,9.447823,56.2,-0.0244,-1.8817,18.5074,49.7113,2.8637,7.5909,18.0,,,,,,,
ORC,ASTRA PORTFÖY ALFA SERBEST FON,TEFAS,YAT,Serbest Şemsiye Fonu,7.0,1.215636,54.8,-1.483,1.15,25.5964,38.1012,,,42.0,,,,,,,
OSD,OSMANLI PORTFÖY ÖZEL SEKTÖR BORÇLANMA ARAÇLARI FONU,TEFAS,YAT,Borçlanma Araçları Şemsiye Fonu,1.0,14.848863,59.9,3.2176,10.1529,21.64,50.9797,2.596,4.5805,3.0,,,,,,,
OSL,OSMANLI PORTFÖY KISA VADELİ BORÇLANMA ARAÇLARI (TL) FONU,TEFAS,YAT,Borçlanma Araçları Şemsiye Fonu,2.0,0.162211,59.2,2.9129,9.1619,20.046,48.2854,2.2639,3.6411,7.0,,,,,,,
OTJ,OYAK PORTFÖY KIYMETLİ MADENLER FON SEPETİ FONU,TEFAS,YAT,Fon Sepeti Şemsiye Fonu,6.0,6.928897,60.4,-1.2548,-11.3411,32.8399,98.0994,3.9859,,33.0,,,,,,,
OTK,OYAK PORTFÖY BİRİNCİ KATILIM SERBEST FON,TEFAS,YAT,Serbest Şemsiye Fonu,4.0,8.727079,58.7,2.8187,9.2831,18.5033,44.6267,187.0753,3.5343,18.0,,,,,,,
OTM,AZİMUT PORTFÖY OTOMOTİV SEKTÖRÜ DEĞİŞKEN FON,TEFAS,YAT,Değişken Şemsiye Fonu,6.0,1.260679,52.8,-0.6531,-3.2958,8.2824,27.9311,,,33.0,,,,,,,
OUD,OSMANLI PORTFÖY ATLANTİK SERBEST (DÖVİZ) FON,TEFAS,YAT,Serbest Şemsiye Fonu,4.0,67.318525,54.4,1.063,3.1316,9.3219,25.7392,2.0827,6.357,18.0,,,,,,,
OVD,QNB PORTFÖY EMTİA FON SEPETİ FONU,TEFAS,YAT,Fon Sepeti Şemsiye Fonu,6.0,3.56431,62.2,3.2371,14.3714,35.6595,61.8522,2.3916,,33.0,,,,,,,
P1A,A1 CAPİTAL PORTFÖY PARA PİYASASI (TL) SERBEST FON,TEFAS,YAT,Serbest Şemsiye Fonu,2.0,1.583562,54.0,3.3254,10.4136,22.9618,,,,7.0,,,,,,,
PAB,A1 CAPİTAL PORTFÖY PARA PİYASASI (TL) FONU,TEFAS,YAT,Para Piyasası Şemsiye Fonu,1.0,1.458757,53.8,3.1889,10.0481,21.7479,,,,3.0,,,,,,,
PAF,PARDUS PORTFÖY ALTIN FONU,TEFAS,YAT,Kıymetli Madenler Şemsiye Fonu,6.0,3.463126,54.8,-1.3114,-9.97,11.9363,54.0914,,,33.0,,,,,,,
PAL,AK PORTFÖY ALTINCI SERBEST(DÖVİZ) FON,TEFAS,YAT,Serbest Şemsiye Fonu,4.0,58.576286,54.6,1.9772,5.0132,9.5297,22.0574,158.4515,5.3554,18.0,,,,,,,
PAO,PARDUS PORTFÖY ANADOLU HİSSE SENEDİ SERBEST FON (HİSSE SENEDİ YOĞUN FON),TEFAS,YAT,Serbest Şemsiye Fonu,6.0,1.044395,50.0,-8.7302,-2.6846,12.5799,25.6693,,,33.0,,,,,,,
PBI,PARDUS PORTFÖY BİRİNCİ FON SEPETİ FONU,TEFAS,YAT,Fon Sepeti Şemsiye Fonu,4.0,2.165109,61.9,2.0914,11.1933,33.4839,67.0679,,,18.0,,,,,,,
PBK,ASTRA PORTFÖY BİRİNCİ KATILIM SERBEST (DÖVİZ) FON,TEFAS,YAT,Serbest Şemsiye Fonu,6.0,58.515736,53.7,0.2983,2.5835,8.3901,23.4914,176.7468,5.7081,33.0,,,,,,,
PBN,PİRAMİT PORTFÖY BİRİNCİ HİSSE SENEDİ SERBEST FON (HİSSE SENEDİ YOĞUN FON),TEFAS,YAT,Serbest Şemsiye Fonu,7.0,1.399614,56.5,2.7786,3.3023,13.17,36.6113,,,42.0,,,,,,,
PBR,PUSULA PORTFÖY BİRİNCİ DEĞİŞKEN FON,TEFAS,YAT,Değişken Şemsiye Fonu,4.0,0.102259,74.7,4.1537,30.9771,87.3236,128.7066,,,18.0,,,,,,,
PCE,PARDUS PORTFÖY İNCİ SERBEST FON,TEFAS,YAT,Serbest Şemsiye Fonu,4.0,1.140666,53.4,2.5406,9.3635,19.1237,,,,18.0,,,,,,,
PDD,ASTRA PORTFÖY KATILIM FONU,TEFAS,YAT,Katılım Şemsiye Fonu,3.0,6.074832,58.0,2.9087,8.5581,18.0816,39.7032,2.3998,4.2205,12.0,,,,,,,
PDF,ASTRA PORTFÖY BİRİNCİ SERBEST (DÖVİZ) FON,TEFAS,YAT,Serbest Şemsiye Fonu,6.0,61.292504,54.0,1.0169,2.824,8.644,23.1954,178.7655,5.3046,33.0,,,,,,,
PEA,PERFORM PORTFÖY ALTIN FONU,TEFAS,YAT,Kıymetli Madenler Şemsiye Fonu,6.0,1.437728,47.3,-1.0032,-9.0103,14.7414,,,,33.0,,,,,,,
PFO,PHİLLİP PORTFÖY FON SEPETİ FONU,TEFAS,YAT,Fon Sepeti Şemsiye Fonu,4.0,2.18968,56.2,-0.0761,-2.5118,20.0593,50.741,,,18.0,,,,,,,
PFS,ATLAS PORTFÖY FON SEPETİ FONU,TEFAS,YAT,Fon Sepeti Şemsiye Fonu,4.0,2.810277,60.0,4.7858,7.6097,23.583,51.706,,,18.0,,,,,,,
PGD,ASTRA PORTFÖY AGRESİF DEĞİŞKEN FON,TEFAS,YAT,Değişken Şemsiye Fonu,2.0,1.845193,59.4,4.9951,10.599,19.8751,42.3336,,,7.0,,,,,,,
PGS,AZİMUT PORTFÖY PAY GERİ ALIMI YAPAN ŞİRKETLER HİSSE SENEDİ FONU (HİSSE SENEDİ YO,TEFAS,YAT,Hisse Senedi Şemsiye Fonu,6.0,1.204071,56.0,5.5159,-1.2109,22.4606,33.2469,,,33.0,,,,,,,
PHE,PUSULA PORTFÖY HİSSE SENEDİ FONU (HİSSE SENEDİ YOĞUN FON),TEFAS,YAT,Hisse Senedi Şemsiye Fonu,6.0,0.310542,75.8,0.5852,26.4185,106.3143,152.0712,,,33.0,,,,,,,
PHI,PİRAMİT PORTFÖY HİSSE SENEDİ FONU (HİSSE SENEDİ YOĞUN FON),TEFAS,YAT,Hisse Senedi Şemsiye Fonu,6.0,1.433464,57.3,0.4685,4.2897,28.2621,47.0718,,,33.0,,,,,,,
PHK,PHİLLİP PORTFÖY KATILIM HİSSE SENEDİ FONU (HİSSE SENEDİ YOĞUN FON),TEFAS,YAT,Hisse Senedi Şemsiye Fonu,6.0,1.48835,57.3,7.0908,17.3245,40.799,,,,33.0,,,,,,,
PID,PİRAMİT PORTFÖY DEĞİŞKEN FON,TEFAS,YAT,Değişken Şemsiye Fonu,5.0,1.86252,57.3,1.6257,8.0662,22.3257,38.7314,,,25.0,,,,,,,
PIL,ROTA PORTFÖY PİL TEKNOLOJİLERİ VE ENERJİ FON SEPETİ FONU,TEFAS,YAT,Fon Sepeti Şemsiye Fonu,6.0,3.792053,71.9,7.2127,12.0573,51.5839,128.2671,3.3112,,33.0,,,,,,,
PIP,GARANTİ PORTFÖY İKİNCİ PARA PİYASASI SERBEST (TL) FON,TEFAS,YAT,Serbest Şemsiye Fonu,2.0,1.753565,59.6,3.1541,9.9553,20.5975,49.2538,,,7.0,,,,,,,
PIR,PİRAMİT PORTFÖY ALTIN FONU,TEFAS,YAT,Kıymetli Madenler Şemsiye Fonu,6.0,1.61677,47.3,-1.3451,-8.4441,21.7752,,,,33.0,,,,,,,
PIS,PARDUS PORTFÖY İKİNCİ KISA VADELİ SERBEST (TL) FON,TEFAS,YAT,Serbest Şemsiye Fonu,1.0,1.529863,54.4,3.7131,11.3808,25.0284,,,,3.0,,,,,,,
PJL,PHİLLİP PORTFÖY PARA PİYASASI FONU,TEFAS,YAT,Para Piyasası Şemsiye Fonu,1.0,5.411575,59.4,3.059,9.5625,20.2472,48.5973,2.4577,,3.0,,,,,,,
PJP,PERFORM PORTFÖY BİRİNCİ SERBEST (DÖVİZ) FON,TEFAS,YAT,Serbest Şemsiye Fonu,6.0,50.570413,51.5,1.2062,3.8233,10.2074,,,,33.0,,,,,,,
PKD,PUSULA PORTFÖY İKİNCİ DENGE KATILIM SERBEST FON,TEFAS,YAT,Serbest Şemsiye Fonu,3.0,0.842999,50.0,1.7861,2.7207,6.7735,-8.7186,,,12.0,,,,,,,
PKF,ATA PORTFÖY ALTIN KATILIM FONU,TEFAS,YAT,Katılım Şemsiye Fonu,6.0,4.640502,55.3,-1.0623,-9.1095,14.4542,55.9832,3.5418,,33.0,,,,,,,
PKP,ATA PORTFÖY PARA PİYASASI KATILIM SERBEST FON,TEFAS,YAT,Serbest Şemsiye Fonu,1.0,1.311062,53.7,3.1142,9.631,,,,,3.0,,,,,,,
PKR,ROTA PORTFÖY PARA PİYASASI KATILIM FONU,TEFAS,YAT,Katılım Şemsiye Fonu,1.0,1.599678,53.7,3.0858,9.4884,19.8965,,,,3.0,,,,,,,
PKT,YAPI KREDİ PORTFÖY PARA PİYASASI KATILIM SERBEST (TL) FON,TEFAS,YAT,Serbest Şemsiye Fonu,2.0,1.661846,53.8,3.208,9.8068,20.4653,,,,7.0,,,,,,,
PKV,PARDUS PORTFÖY KISA VADELİ SERBEST (TL) FON,TEFAS,YAT,Serbest Şemsiye Fonu,1.0,2.156998,61.2,3.6457,11.4842,24.8564,57.6288,,,3.0,,,,,,,
PLR,OSMANLI PORTFÖY PARA PİYASASI FONU,TEFAS,YAT,Para Piyasası Şemsiye Fonu,2.0,1.742655,59.9,3.147,10.0027,21.2615,51.1189,,,7.0,,,,,,,
PMP,PARDUS PORTFÖY MODEL PORTFÖY HİSSE SENEDİ SERBEST FON (HİSSE SENEDİ YOĞUN FON),TEFAS,YAT,Serbest Şemsiye Fonu,6.0,0.676126,46.7,-11.2994,2.7528,-15.3064,-0.607,,,33.0,,,,,,,
PNU,PUSULA PORTFÖY İKİNCİ PARA PİYASASI (TL) FONU,TEFAS,YAT,Para Piyasası Şemsiye Fonu,1.0,1.284401,52.5,3.7828,,,,,,3.0,,,,,,,
PO9,PARDUS PORTFÖY ONDOKUZUNCU HİSSE SENEDİ SERBEST FON (HİSSE SENEDİ YOĞUN FON),TEFAS,YAT,Serbest Şemsiye Fonu,6.0,0.410659,36.7,-11.0881,-26.1291,-31.0173,-32.9904,,,33.0,,,,,,,
POS,PARDUS PORTFÖY ONBEŞİNCİ HİSSE SENEDİ SERBEST (TL) FON (HİSSE SENEDİ YOĞUN FON),TEFAS,YAT,Serbest Şemsiye Fonu,6.0,1.02975,57.2,-1.722,10.527,14.2007,42.8117,,,33.0,,,,,,,
PP1,PARDUS PORTFÖY BİRİNCİ KATILIM FONU,TEFAS,YAT,Katılım Şemsiye Fonu,5.0,1.45031,61.1,2.2194,13.5041,33.1446,57.2645,,,25.0,,,,,,,
PPB,PHİLLİP PORTFÖY BİRİNCİ HİSSE SENEDİ FONU (HİSSE SENEDİ YOĞUN FON),TEFAS,YAT,Hisse Senedi Şemsiye Fonu,7.0,9.172975,54.2,-0.3702,-5.7848,20.722,41.3431,2.9608,,42.0,,,,,,,
PPE,PHİLLİP PORTFÖY SERBEST (DÖVİZ) FON,TEFAS,YAT,Serbest Şemsiye Fonu,4.0,63.024598,54.4,0.7101,2.2254,7.6766,27.9944,,,18.0,,,,,,,
PPG,ALBARAKA PORTFÖY PARA PİYASASI KATILIM FONU,TEFAS,YAT,Katılım Şemsiye Fonu,1.0,1.513318,53.7,3.0942,9.5433,20.0772,,,,3.0,,,,,,,
PPH,PARDUS PORTFÖY BIST 100 DIŞI ŞİRKETLER HİSSE SENEDİ (TL) FONU (HİSSE SENEDİ YOĞU,TEFAS,YAT,Hisse Senedi Şemsiye Fonu,6.0,1.146321,59.6,2.6236,11.502,20.7932,48.2834,,,33.0,,,,,,,
PPI,YAPI KREDİ PORTFÖY ÜÇÜNCÜ PARA PİYASASI (TL) FONU,TEFAS,YAT,Para Piyasası Şemsiye Fonu,1.0,2.377997,59.4,2.9591,9.3756,20.3529,49.3692,,,3.0,,,,,,,
PPJ,AK PORTFÖY İKİNCİ PARA PİYASASI SERBEST (TL) FON,TEFAS,YAT,Serbest Şemsiye Fonu,1.0,1.930774,59.8,3.2409,10.1256,20.9844,50.009,,,3.0,,,,,,,
PPK,QNB PORTFÖY PARA PİYASASI KATILIM (TL) FONU,TEFAS,YAT,Katılım Şemsiye Fonu,2.0,2.344473,59.4,3.0959,9.7084,20.2073,47.8763,,,7.0,,,,,,,
PPM,PİRAMİT PORTFÖY MUTLAK GETİRİ HEDEFLİ HİSSE SENEDİ SERBEST FON (HİSSE SENEDİ YOĞ,TEFAS,YAT,Serbest Şemsiye Fonu,3.0,2.259854,59.4,3.7568,9.9276,18.7132,46.0065,,,12.0,,,,,,,
PPN,NUROL PORTFÖY PARA PİYASASI (TL) FONU,TEFAS,YAT,Para Piyasası Şemsiye Fonu,1.0,6.019106,59.8,3.1865,10.0716,21.0132,50.6315,2.6209,,3.0,,,,,,,
PPP,PERFORM PORTFÖY PARA PİYASASI (TL) FONU,TEFAS,YAT,Para Piyasası Şemsiye Fonu,2.0,3.252436,59.5,3.0426,9.8266,20.5127,49.1316,,,7.0,,,,,,,
PPS,PHİLLİP PORTFÖY BİRİNCİ SERBEST FON,TEFAS,YAT,Serbest Şemsiye Fonu,6.0,3.335604,52.2,-10.7788,-14.9493,1.124,65.9734,198.1305,,33.0,,,,,,,
PPT,ATLAS PORTFÖY PARA PİYASASI (TL) FONU,TEFAS,YAT,Para Piyasası Şemsiye Fonu,2.0,3.402159,60.5,3.4357,10.8199,23.279,53.9852,,,7.0,,,,,,,
PPV,AKTİF PORTFÖY PARA PİYASASI SERBEST (TL) FON,TEFAS,YAT,Serbest Şemsiye Fonu,2.0,1.200136,52.1,3.1959,,,,,,7.0,,,,,,,
PPZ,AZİMUT PORTFÖY PARA PİYASASI (TL) FONU,TEFAS,YAT,Para Piyasası Şemsiye Fonu,2.0,6.852563,59.5,3.0626,9.6097,20.3839,48.8591,2.576,4.3307,7.0,,,,,,,
PRD,PİRAMİT PORTFÖY PARA PİYASASI (TL) FONU,TEFAS,YAT,Para Piyasası Şemsiye Fonu,2.0,2.44523,59.9,3.224,10.2339,20.7138,51.0606,,,7.0,,,,,,,
PRH,AURA PORTFÖY PARA PİYASASI (TL) FONU,TEFAS,YAT,Para Piyasası Şemsiye Fonu,2.0,2.278207,59.8,3.0594,9.7018,20.668,51.6197,,,7.0,,,,,,,
PRR,INVEO PORTFÖY PARA PİYASASI KATILIM (TL) FONU,TEFAS,YAT,Katılım Şemsiye Fonu,1.0,1.391442,53.7,3.0907,9.6019,19.8524,,,,3.0,,,,,,,
PRU,ALLBATROSS PORTFÖY KISA VADELİ SERBEST (TL) FON,TEFAS,YAT,Serbest Şemsiye Fonu,2.0,3.845694,61.6,3.824,12.0924,26.4444,59.1598,2.6529,,7.0,,,,,,,
PRV,ASTRA PORTFÖY PARA PİYASASI SERBEST FON,TEFAS,YAT,Serbest Şemsiye Fonu,2.0,1.402859,53.8,3.2246,9.9081,21.0419,,,,7.0,,,,,,,
PRY,PUSULA PORTFÖY PARA PİYASASI (TL) FONU,TEFAS,YAT,Para Piyasası Şemsiye Fonu,2.0,3.281222,61.6,3.7216,11.9696,26.1106,59.9781,,,7.0,,,,,,,
PSE,ATLAS PORTFÖY PARA PİYASASI SERBEST FON,TEFAS,YAT,Serbest Şemsiye Fonu,2.0,1.936791,61.6,3.741,11.9724,26.3484,59.3652,,,7.0,,,,,,,
PSH,DENİZ PORTFÖY PERAKENDE SEKTÖRÜ HİSSE SENEDİ (TL) FONU (HİSSE SENEDİ YOĞUN FON),TEFAS,YAT,Hisse Senedi Şemsiye Fonu,6.0,0.877292,49.8,-0.3618,,,,,,33.0,,,,,,,
PSL,AZİMUT PORTFÖY 8.0 SERBEST FON,TEFAS,YAT,Serbest Şemsiye Fonu,5.0,8.738312,55.7,1.8229,5.314,12.2364,30.1465,2.0622,6.0042,25.0,,,,,,,
PTE,TEB PORTFÖY BİRİNCİ PARA PİYASASI SERBEST (TL) FON,TEFAS,YAT,Serbest Şemsiye Fonu,4.0,1.772561,59.6,3.1545,9.8794,20.6224,49.2191,,,18.0,,,,,,,
PTF,QNB PORTFÖY TREND SERBEST FON,TEFAS,YAT,Serbest Şemsiye Fonu,2.0,1.485559,52.2,1.7403,6.0202,18.2784,,,,7.0,,,,,,,
PTN,PHİLLİP PORTFÖY ALTIN FONU,TEFAS,YAT,Kıymetli Madenler Şemsiye Fonu,6.0,1.58508,47.7,-0.8585,-7.9559,18.6464,,,,33.0,,,,,,,
PTO,PARDUS PORTFÖY TEMETTÜ ÖDEYEN ŞİRKETLER HİSSE SENEDİ FONU (HİSSE SENEDİ YOĞUN FO,TEFAS,YAT,Hisse Senedi Şemsiye Fonu,6.0,1.86007,61.4,4.3668,11.104,37.6761,58.291,,,33.0,,,,,,,
PTP,AHLATCI PORTFÖY PARA PİYASASI (TL) FONU,TEFAS,YAT,Para Piyasası Şemsiye Fonu,1.0,1.246071,52.0,3.0709,,,,,,3.0,,,,,,,
PTS,QNB PORTFÖY PARA PİYASASI SERBEST (TL) FON,TEFAS,YAT,Serbest Şemsiye Fonu,2.0,1.670021,53.8,3.1823,9.8425,20.5258,,,,7.0,,,,,,,
PUC,AK PORTFÖY BİRİNCİ KISA VADELİ SERBEST (TL)  FON,TEFAS,YAT,Serbest Şemsiye Fonu,2.0,7.700543,59.7,3.2688,10.1217,20.9905,49.6704,2.445,3.7502,7.0,,,,,,,
PUK,PUSULA PORTFÖY KATILIM HİSSE SENEDİ (TL) FONU (HİSSE SENEDİ YOĞUN FON),TEFAS,YAT,Hisse Senedi Şemsiye Fonu,6.0,1.245032,50.0,0.0,,,,,,33.0,,,,,,,
PVK,ALBARAKA PORTFÖY KISA VADELİ KATILIM SERBEST (TL) FON,TEFAS,YAT,Serbest Şemsiye Fonu,1.0,6.004376,58.9,2.9511,9.1713,19.317,45.3414,2.2585,3.6546,3.0,,,,,,,
PYR,PARDUS PORTFÖY YİRMİNCİ HİSSE SENEDİ SERBEST FON (HİSSE SENEDİ YOĞUN FON),TEFAS,YAT,Serbest Şemsiye Fonu,7.0,1.083842,54.6,-17.4829,1.9768,-0.9712,75.5629,,,42.0,,,,,,,
RAF,ROTA PORTFÖY ALTINCI SERBEST FON,TEFAS,YAT,Serbest Şemsiye Fonu,6.0,3.715051,61.0,3.3573,5.4124,38.5289,65.6833,3.1078,,33.0,,,,,,,
RBA,ALBARAKA PORTFÖY BEREKET VAKFI NA DESTEK ALTIN KATILIM FONU,TEFAS,YAT,Katılım Şemsiye Fonu,4.0,21.083417,55.4,-1.0333,-9.7472,14.484,58.0294,3.9575,10.2554,18.0,,,,,,,
RBB,RE-PIE PORTFÖY BİRİNCİ BORÇLANMA ARAÇLARI (TL) FONU,TEFAS,YAT,Borçlanma Araçları Şemsiye Fonu,4.0,1.725474,58.5,2.8615,7.8802,19.6565,45.0066,,,18.0,,,,,,,
RBF,ROTA PORTFÖY BİRİNCİ BORÇLANMA ARAÇLARI FONU,TEFAS,YAT,Borçlanma Araçları Şemsiye Fonu,3.0,1.829034,54.5,0.2142,0.4923,11.376,32.33,,,12.0,,,,,,,
RBH,ALBARAKA PORTFÖY KATILIM HİSSE SENEDİ FONU (HİSSE SENEDİ YOĞUN FON),TEFAS,YAT,Hisse Senedi Şemsiye Fonu,4.0,31.157154,61.9,2.5014,12.469,42.3553,64.6538,3.1704,11.251,18.0,,,,,,,
RBI,RE-PIE PORTFÖY BİRİNCİ SERBEST (DÖVİZ) FON,TEFAS,YAT,Serbest Şemsiye Fonu,5.0,61.192097,54.3,1.3576,3.7267,8.6443,23.1203,,,25.0,,,,,,,
RBK,ALBARAKA PORTFÖY KATILIM FONU,TEFAS,YAT,Katılım Şemsiye Fonu,4.0,8.989987,55.3,1.957,4.9412,11.1789,27.3906,193.6576,4.705,18.0,,,,,,,
RBL,QNB PORTFÖY ROBOTİK VE BLOCKCHAİN TEKNOLOJİLERİ SERBEST FON,TEFAS,YAT,Serbest Şemsiye Fonu,6.0,1.898041,67.5,11.0443,24.1093,31.2741,67.5774,,,33.0,,,,,,,
RBN,RE-PIE PORTFÖY BEŞİNCİ HİSSE SENEDİ SERBEST (TL) FON (HİSSE SENEDİ YOĞUN FON),TEFAS,YAT,Serbest Şemsiye Fonu,7.0,1.387511,54.6,4.7576,-0.4028,30.2383,22.8353,,,42.0,,,,,,,
RBP,RE-PIE PORTFÖY BİRİNCİ PARA PİYASASI (TL) FONU,TEFAS,YAT,Para Piyasası Şemsiye Fonu,1.0,2.367683,60.2,3.3543,10.5706,22.1791,52.2236,,,3.0,,,,,,,
RBR,RE-PIE  PORTFÖY BİRİNCİ KATILIM SERBEST FON,TEFAS,YAT,Serbest Şemsiye Fonu,3.0,3.935311,58.6,3.5747,5.3155,24.1517,47.5876,192.5205,,12.0,,,,,,,
RBT,ALBARAKA PORTFÖY KİRA SERTİFİKALARI  KATILIM FONU,TEFAS,YAT,Katılım Şemsiye Fonu,4.0,6.860644,59.2,3.0949,9.4231,19.9241,46.7819,2.0423,3.2825,18.0,,,,,,,
RBV,ALBARAKA PORTFÖY KISA VADELİ KİRA SERTİFİKALARI KATILIM (TL) FONU,TEFAS,YAT,Katılım Şemsiye Fonu,1.0,7.199364,58.7,2.9215,8.8797,19.0214,44.7313,2.0745,3.418,3.0,,,,,,,
RCV,AZİMUT PORTFÖY BİRİNCİ ÇOKLU VARLIK KATILIM FONU,TEFAS,YAT,Katılım Şemsiye Fonu,4.0,1.726421,59.0,2.7013,8.2088,25.5741,48.5262,,,18.0,,,,,,,
RD1,ROTA PORTFÖY BİRİNCİ DEĞİŞKEN FON,TEFAS,YAT,Değişken Şemsiye Fonu,2.0,1.969557,52.7,-1.1807,-4.6924,5.5073,30.2812,,,7.0,,,,,,,
RDF,ROTA PORTFÖY DOKUZUNCU HİSSE SENEDİ SERBEST FON (HİSSE SENEDİ YOĞUN FON),TEFAS,YAT,Serbest Şemsiye Fonu,6.0,1.497526,60.4,2.0657,3.567,37.5122,67.4353,,,33.0,,,,,,,
RDT,PHİLLİP PORTFÖY RODOSTO SERBEST FON,TEFAS,YAT,Serbest Şemsiye Fonu,5.0,0.930683,41.2,-8.5432,-20.9562,-15.8797,-13.4787,,,25.0,,,,,,,
RGD,RE-PIE PORTFÖY AGRESİF DEĞİŞKEN FON,TEFAS,YAT,Değişken Şemsiye Fonu,5.0,1.100088,51.4,2.6665,1.3502,,,,,25.0,,,,,,,
RGH,RE-PIE PORTFÖY MUTLAK GETİRİ HEDEFLİ HİSSE SENEDİ SERBEST FON (HİSSE SENEDİ YOĞU,TEFAS,YAT,Serbest Şemsiye Fonu,2.0,1.151747,52.1,3.0525,3.1484,11.9356,,,,7.0,,,,,,,
RHI,RE-PIE PORTFÖY BİRİNCİ HİSSE SENEDİ (TL) FONU (HİSSE SENEDİ YOĞUN FON),TEFAS,YAT,Hisse Senedi Şemsiye Fonu,6.0,1.588733,58.8,0.5864,5.6257,40.9273,55.9861,,,33.0,,,,,,,
RHS,ROTA PORTFÖY HİSSE SENEDİ (TL) FON (HİSSE SENEDİ YOĞUN FON),TEFAS,YAT,Hisse Senedi Şemsiye Fonu,6.0,6.830711,57.7,-1.1474,1.0231,28.0425,58.7359,4.0466,,33.0,,,,,,,
RIA,ROTA PORTFÖY İSTATİSTİKSEL ARBİTRAJ HİSSE SENEDİ SERBEST FON (HİSSE SENEDİ YOĞUN,TEFAS,YAT,Serbest Şemsiye Fonu,2.0,1.414952,53.6,3.4129,8.6365,16.5185,,,,7.0,,,,,,,
RIH,RE-PIE PORTFÖY İKİNCİ HİSSE SENEDİ SERBEST FON (HİSSE SENEDİ YOĞUN FON),TEFAS,YAT,Serbest Şemsiye Fonu,7.0,4.189233,40.3,2.8611,-37.6535,-36.8859,-23.4648,,,42.0,,,,,,,
RIK,RE-PIE PORTFÖY İKİNCİ DEĞİŞKEN FON,TEFAS,YAT,Değişken Şemsiye Fonu,5.0,4.811356,60.7,5.2843,4.7201,28.6058,59.9848,4.0581,,25.0,,,,,,,
RJG,RE-PIE PORTFÖY ALTIN KATILIM FONU,TEFAS,YAT,Katılım Şemsiye Fonu,6.0,3.39058,55.2,-1.0282,-9.4202,12.3353,55.9786,,,33.0,,,,,,,
RKC,ROTA PORTFÖY İKİNCİ DEĞİŞKEN FON,TEFAS,YAT,Değişken Şemsiye Fonu,3.0,1.758161,53.6,4.7747,6.3871,27.0501,,,,12.0,,,,,,,
RKH,RE-PIE PORTFÖY KATILIM HİSSE SENEDİ SERBEST (TL) FON (HİSSE SENEDİ YOĞUN FON),TEFAS,YAT,Serbest Şemsiye Fonu,6.0,0.851955,59.1,5.8467,11.9039,29.514,35.7723,,,33.0,,,,,,,
RKS,ROTA PORTFÖY KİRA SERTİFİKALARI KATILIM FONU,TEFAS,YAT,Katılım Şemsiye Fonu,2.0,2.116951,58.9,2.8927,9.0358,19.2694,45.7907,,,7.0,,,,,,,
RKV,RE-PIE PORTFÖY KISA VADELİ KATILIM SERBEST (TL) FON,TEFAS,YAT,Serbest Şemsiye Fonu,1.0,2.706086,59.1,3.0177,9.301,19.8028,46.8448,,,3.0,,,,,,,
ROF,ROTA PORTFÖY ONUNCU SERBEST FON,TEFAS,YAT,Serbest Şemsiye Fonu,7.0,3.090368,65.9,1.5602,-0.5293,48.8914,116.1493,,,42.0,,,,,,,
RPC,ROTA PORTFÖY İKLİM DEĞİŞİKLİĞİ ÇÖZÜMLERİ DEĞİŞKEN FON,TEFAS,YAT,Değişken Şemsiye Fonu,6.0,5.217839,60.7,3.8541,6.1132,29.6499,61.3768,3.0508,,33.0,,,,,,,
RPD,RE-PIE PORTFÖY BİRİNCİ DEĞİŞKEN FON,TEFAS,YAT,Değişken Şemsiye Fonu,5.0,12.517165,57.9,3.4859,2.2825,25.4236,47.2776,3.5527,,25.0,,,,,,,
RPG,ROTA PORTFÖY ALTIN FONU,TEFAS,YAT,Kıymetli Madenler Şemsiye Fonu,6.0,6.049777,55.1,-1.481,-9.9621,15.5018,56.7546,3.7825,,33.0,,,,,,,
RPI,ROTA PORTFÖY KATILIM HİSSE SENEDİ FONU (HİSSE SENEDİ YOĞUN FON),TEFAS,YAT,Hisse Senedi Şemsiye Fonu,6.0,1.417605,58.5,2.4182,7.6915,31.8294,45.9137,,,33.0,,,,,,,
RPL,RE-PIE PORTFÖY ALGORİTMİK STRATEJİLER SERBEST FON,TEFAS,YAT,Serbest Şemsiye Fonu,2.0,1.602358,57.4,2.4506,7.2829,16.6922,38.4953,,,7.0,,,,,,,
RPM,ROTA PORTFÖY İLAÇ VE MEDİKAL TEKNOLOJİLERİ DEĞİŞKEN FON,TEFAS,YAT,Değişken Şemsiye Fonu,7.0,4.220801,60.8,1.9864,4.6405,13.9778,68.7185,2.3493,,42.0,,,,,,,
RPN,ROTA PORTFÖY NEV SERBEST FON,TEFAS,YAT,Serbest Şemsiye Fonu,7.0,4.716363,54.1,1.6059,-1.6358,16.8901,29.5526,2.2322,,42.0,,,,,,,
RPP,ROTA PORTFÖY PARA PİYASASI (TL) FONU,TEFAS,YAT,Para Piyasası Şemsiye Fonu,2.0,5.170086,59.6,3.0993,9.8493,20.7277,49.405,2.5704,,7.0,,,,,,,
RPS,ROTA PORTFÖY BİRİNCİ SERBEST (DÖVİZ) FON,TEFAS,YAT,Serbest Şemsiye Fonu,4.0,64.288051,54.1,0.8261,2.6794,9.437,24.8829,2.0706,,18.0,,,,,,,
RPT,ROTA PORTFÖY İKİNCİ SERBEST (TL) FON,TEFAS,YAT,Serbest Şemsiye Fonu,2.0,5.357024,59.6,3.1782,9.8229,20.6458,48.9778,2.651,,7.0,,,,,,,
RPX,ROTA PORTFÖY ÜÇÜNCÜ SERBEST (DÖVİZ) FON,TEFAS,YAT,Serbest Şemsiye Fonu,4.0,64.471607,54.6,1.9192,5.0685,9.7545,22.3476,176.4546,,18.0,,,,,,,
RRA,ROTA PORTFÖY PARA PİYASASI SERBEST FON,TEFAS,YAT,Serbest Şemsiye Fonu,2.0,1.566619,53.9,3.2734,10.3087,21.9879,,,,7.0,,,,,,,
RRP,RE-PIE PORTFÖY PARA PİYASASI KATILIM (TL) FON,TEFAS,YAT,Katılım Şemsiye Fonu,2.0,1.711818,59.1,3.0806,9.4704,19.5994,46.5818,,,7.0,,,,,,,
RS1,ROTA PORTFÖY BİRİNCİ KISA VADELİ SERBEST FON,TEFAS,YAT,Serbest Şemsiye Fonu,2.0,1.684954,53.9,3.2562,10.233,21.5192,,,,7.0,,,,,,,
RSK,ROTA PORTFÖY ONSEKİZİNCİ SERBEST FON,TEFAS,YAT,Serbest Şemsiye Fonu,5.0,1.899599,66.2,7.999,16.3304,41.2064,76.8013,,,25.0,,,,,,,
RTD,RE-PIE PORTFÖY TEKNOLOJİ DEĞİŞKEN FON,TEFAS,YAT,Değişken Şemsiye Fonu,6.0,2.077869,73.3,14.4195,33.8361,48.5799,88.0601,,,33.0,,,,,,,
RTG,ATA PORTFÖY ROBOTİK TEKNOLOJİLERİ DEĞİŞKEN FON,TEFAS,YAT,Değişken Şemsiye Fonu,6.0,5.820533,70.8,11.2344,29.6736,44.6348,83.6974,3.5063,,33.0,,,,,,,
RTH,RE-PIE PORTFÖY BİRİNCİ HİSSE SENEDİ SERBEST FON (HİSSE SENEDİ YOĞUN FON),TEFAS,YAT,Serbest Şemsiye Fonu,7.0,5.39585,53.9,-3.3995,0.8975,19.1886,36.2193,2.7071,,42.0,,,,,,,
RTP,RE-PIE PORTFÖY BİRİNCİ SERBEST FON,TEFAS,YAT,Serbest Şemsiye Fonu,5.0,10.031155,54.9,2.4919,-2.844,16.5076,34.4431,4.5275,,25.0,,,,,,,
RUT,BV PORTFÖY ROBOTİK VE UZAY TEKNOLOJİLERİ DEĞİŞKEN FON,TEFAS,YAT,Değişken Şemsiye Fonu,5.0,2.512355,69.2,13.2745,25.4453,40.4865,72.597,,,25.0,,,,,,,
SAS,AK PORTFÖY SABANCI TOPLULUĞU ŞİRKETLERİ ENDEKSİ HİSSE SENEDİ (TL) FONU (HİSSE SE,TEFAS,YAT,Hisse Senedi Şemsiye Fonu,5.0,1.476003,51.0,-7.0234,-6.1611,19.1549,34.0064,,,25.0,,,,,,,
SBH,SPARTA PORTFÖY BİRİNCİ HİSSE SENEDİ SERBEST (TL) FON (HİSSE SENEDİ YOĞUN FON),TEFAS,YAT,Serbest Şemsiye Fonu,6.0,1.576683,47.7,-5.9733,0.8377,31.1272,,,,33.0,,,,,,,
SFS,AZİMUT PORTFÖY AGRESİF FON SEPETİ FONU,TEFAS,YAT,Fon Sepeti Şemsiye Fonu,5.0,1.3887,52.8,2.4539,7.1502,25.8146,,,,25.0,,,,,,,
SGT,GARANTİ PORTFÖY SİBER GÜVENLİK TEKNOLOJİLERİ DEĞİŞKEN FON,TEFAS,YAT,Değişken Şemsiye Fonu,5.0,2.037302,67.7,17.4584,29.3688,29.6493,45.0234,,,25.0,,,,,,,
SHE,TEB PORTFÖY ÖNCE KADIN DEĞİŞKEN FON,TEFAS,YAT,Değişken Şemsiye Fonu,6.0,3.280771,51.7,-5.1196,-2.7191,19.2052,29.3502,2.7377,,33.0,,,,,,,
SKO,STRATEJİ PORTFÖY KAR PAYI ÖDEYEN HİSSE SENEDİ FONU (HİSSE SENEDİ YOĞUN FON),TEFAS,YAT,Hisse Senedi Şemsiye Fonu,6.0,1.55103,50.5,-1.2805,4.1708,37.7007,,,,33.0,,,,,,,
SKZ,NEO PORTFÖY SEKİZİNCİ SERBEST FON,TEFAS,YAT,Serbest Şemsiye Fonu,7.0,1.018652,47.3,3.6117,-16.6423,,,,,42.0,,,,,,,
SLG,QNB PORTFÖY ALGORİTMİK STRATEJİLER HİSSE SENEDİ FONU (HİSSE SENEDİ YOĞUN FON),TEFAS,YAT,Hisse Senedi Şemsiye Fonu,6.0,1.237421,49.1,-2.7971,0.9897,30.8151,,,,33.0,,,,,,,
SNY,ATLAS PORTFÖY SANAYİ SEKTÖRÜ HİSSE SENEDİ SERBEST FON (HİSSE SENEDİ YOĞUN FON),TEFAS,YAT,Serbest Şemsiye Fonu,7.0,0.802037,69.9,-16.2436,40.9229,76.4694,128.3271,,,42.0,,,,,,,
SOS,HEDEF PORTFÖY SAĞLIK SEKTÖRÜ DEĞİŞKEN FON,TEFAS,YAT,Değişken Şemsiye Fonu,3.0,1.549441,55.4,2.1303,1.8433,12.0693,32.3893,,,12.0,,,,,,,
SPE,AZIMUT PORTFÖY 5.0 SERBEST (DÖVIZ) FON,TEFAS,YAT,Serbest Şemsiye Fonu,4.0,108.987924,55.9,1.2707,4.1056,12.3757,35.036,2.5324,7.8355,18.0,,,,,,,
SPN,AZİMUT PORTFÖY İSTATİSTİKSEL ARBİTRAJ HİSSE SENEDİ SERBEST FON (HİSSE SENEDİ YOĞ,TEFAS,YAT,Serbest Şemsiye Fonu,2.0,10.320516,58.6,3.6165,9.0721,17.682,41.7254,2.4756,5.1397,7.0,,,,,,,
SPP,SPARTA PORTFÖY BİRİNCİ PARA PİYASASI (TL) FONU,TEFAS,YAT,Para Piyasası Şemsiye Fonu,1.0,1.665557,54.1,3.3611,10.661,21.1985,,,,3.0,,,,,,,
SPR,BV PORTFÖY SPOR ENDÜSTRİSİ DEĞİŞKEN FON,TEFAS,YAT,Değişken Şemsiye Fonu,5.0,1.236201,52.8,3.8598,-0.4888,5.1697,12.2549,,,25.0,,,,,,,
SPT,AKTİF PORTFÖY KATILIM FON SEPETİ FONU,TEFAS,YAT,Fon Sepeti Şemsiye Fonu,3.0,2.180681,60.9,3.6341,7.4172,28.6312,61.4044,,,12.0,,,,,,,
SRL,PARDUS PORTFÖY SÜRDÜRÜLEBİLİRLİK HİSSE SENEDİ (TL) FONU (HİSSE SENEDİ YOĞUN FON),TEFAS,YAT,Hisse Senedi Şemsiye Fonu,6.0,1.706902,51.4,1.8184,2.7032,18.2925,,,,33.0,,,,,,,
SSK,DENİZ PORTFÖY SAĞLIK SEKTÖRÜ DEĞİŞKEN FON,TEFAS,YAT,Değişken Şemsiye Fonu,4.0,1.774765,57.8,4.2241,1.829,11.4051,44.9779,,,18.0,,,,,,,
SSS,YAPI KREDİ PORTFÖY SAVUNMA SANAYİİ ŞİRKETLERİ ENDEKSİ HİSSE SENEDİ FONU (HİSSE S,TEFAS,YAT,Hisse Senedi Şemsiye Fonu,6.0,1.261756,57.0,0.2959,6.0873,26.8744,42.6584,,,33.0,,,,,,,
ST1,STRATEJİ PORTFÖY BİRİNCİ HİSSE SENEDİ FONU (HİSSE SENEDİ YOĞUN FON),TEFAS,YAT,Hisse Senedi Şemsiye Fonu,4.0,163.070404,55.3,0.23,2.2048,27.4152,35.8099,2.0783,9.785,18.0,,,,,,,
STI,ATLAS PORTFÖY SENTİMENT SERBEST FON,TEFAS,YAT,Serbest Şemsiye Fonu,6.0,1.420495,55.0,2.4335,10.6747,24.9347,15.7204,,,33.0,,,,,,,
SUA,ÜNLÜ PORTFÖY BİRİNCİ DEĞİŞKEN FON,TEFAS,YAT,Değişken Şemsiye Fonu,3.0,0.604753,59.8,2.3191,7.9695,21.4178,56.0154,2.8654,6.1635,12.0,,,,,,,
SUB,ÜNLÜ PORTFÖY İKİNCİ DEĞİŞKEN FON,TEFAS,YAT,Değişken Şemsiye Fonu,6.0,0.370006,54.9,-1.2328,0.8773,19.2185,38.8452,196.9025,8.2882,33.0,,,,,,,
SUC,ÜNLÜ PORTFÖY ÜÇÜNCÜ DEĞIŞKEN FON,TEFAS,YAT,Değişken Şemsiye Fonu,5.0,23.452912,63.8,6.304,13.4704,24.6453,67.3172,2.9851,7.0928,25.0,,,,,,,
SUR,EMAA BLUE PORTFÖY SÜRDÜRÜLEBİLİRLİK HİSSE SENEDİ FONU (HİSSE SENEDİ YOĞUN FON),TEFAS,YAT,Hisse Senedi Şemsiye Fonu,6.0,1.098463,46.8,-5.2127,-4.0955,,,,,33.0,,,,,,,
SVB,STRATEJİ PORTFÖY AGRESİF DEĞİŞKEN FON,TEFAS,YAT,Değişken Şemsiye Fonu,5.0,8.561577,58.0,0.0501,2.7324,18.1376,56.0506,3.7462,,25.0,,,,,,,
TAL,ATLAS PORTFÖY ALTIN KATILIM FONU,TEFAS,YAT,Kıymetli Madenler Şemsiye Fonu,6.0,2.677269,54.5,-1.2121,-9.4882,15.036,50.7869,,,33.0,,,,,,,
TAR,AK PORTFÖY TARIM VE GIDA TEKNOLOJİLERİ DEĞİŞKEN FON,TEFAS,YAT,Değişken Şemsiye Fonu,6.0,2.409814,52.5,1.4973,-0.4461,15.1013,15.5758,136.8507,,33.0,,,,,,,
TAU,İŞ PORTFÖY BIST BANKA ENDEKSİ HİSSE SENEDİ (TL) FONU (HİSSE SENEDİ YOĞUN FON),TEFAS,YAT,Hisse Senedi Şemsiye Fonu,7.0,0.596431,46.2,-10.5777,-20.3982,3.9162,28.3311,3.2323,13.6527,42.0,,,,,,,
TBT,TEB PORTFÖY BORÇLANMA ARAÇLARI FONU,TEFAS,YAT,Borçlanma Araçları Şemsiye Fonu,3.0,54.499486,50.4,-3.1129,-5.832,5.5064,19.8208,70.3234,120.2618,12.0,,,,,,,
TBV,İŞ PORTFÖY ÖZEL SEKTÖR BORÇLANMA ARAÇLARI (TL) FONU,TEFAS,YAT,Borçlanma Araçları Şemsiye Fonu,1.0,0.427627,59.1,2.541,9.3601,20.1214,47.6732,2.3029,3.7606,3.0,,,,,,,
TCA,ZİRAAT PORTFÖY ALTIN KATILIM FONU,TEFAS,YAT,Katılım Şemsiye Fonu,6.0,0.763757,53.1,-1.8381,-10.7938,8.3448,43.7759,3.6939,10.954,33.0,,,,,,,
TCB,TACİRLER PORTFÖY PARA PİYASASI FONU,TEFAS,YAT,Para Piyasası Şemsiye Fonu,2.0,0.244658,59.5,3.0742,9.6225,20.3029,48.9839,2.4329,3.5275,7.0,,,,,,,
TCC,TACİRLER PORTFÖY SERBEST ( DÖVİZ ) FON,TEFAS,YAT,Serbest Şemsiye Fonu,6.0,0.081868,57.0,0.8773,14.0578,20.6232,28.9275,196.6919,5.6058,33.0,,,,,,,
TCD,TACİRLER PORTFÖY DEĞIŞKEN FON,TEFAS,YAT,Değişken Şemsiye Fonu,6.0,45.230867,59.1,0.8843,7.774,31.3759,54.0956,2.1231,8.2808,33.0,,,,,,,
TCF,TEB PORTFÖY ÜÇÜNCÜ FON SEPETİ FONU,TEFAS,YAT,Fon Sepeti Şemsiye Fonu,3.0,4.706896,59.3,2.6559,8.8881,20.6294,49.9439,3.0512,,12.0,,,,,,,
TDG,İŞ PORTFÖY YABANCI BORÇLANMA ARAÇLARI FONU,TEFAS,YAT,Borçlanma Araçları Şemsiye Fonu,4.0,0.525075,54.1,1.3619,4.2601,8.4197,20.6263,155.0101,4.4293,18.0,,,,,,,
TE3,TEB PORTFÖY MUTLAK GETİRİ HEDEFLİ DEĞİŞKEN FON,TEFAS,YAT,Değişken Şemsiye Fonu,4.0,39.753844,59.6,-0.1699,5.3306,31.9406,64.4769,2.9622,5.3059,18.0,,,,,,,
TE4,TEB PORTFÖY BİRİNCİ DEĞİŞKEN FON,TEFAS,YAT,Değişken Şemsiye Fonu,3.0,6.793701,60.1,2.6019,9.2622,21.5999,55.5291,2.5352,4.6514,12.0,,,,,,,
TEJ,AZİMUT PORTFÖY TEKNOLOJİ FON SEPETİ FONU,TEFAS,YAT,Fon Sepeti Şemsiye Fonu,6.0,2.823456,72.2,13.9651,28.7201,43.2582,88.2099,,,33.0,,,,,,,
TFF,TEB PORTFÖY AMERİKA TEKNOLOJİ YABANCI BYF FON SEPETİ FONU,TEFAS,YAT,Fon Sepeti Şemsiye Fonu,6.0,46.400886,68.6,14.1225,28.2434,33.3239,61.6149,3.428,8.268,33.0,,,,,,,
TFU,İŞ PORTFÖY TÜFEYE ENDEKSLİ BORÇLANMA ARAÇLARI (TL) FONU,TEFAS,YAT,Borçlanma Araçları Şemsiye Fonu,4.0,1.313827,54.2,2.3286,12.9075,,,,,18.0,,,,,,,
TGA,GARANTİ PORTFÖY AGRESİF DEĞİŞKEN FON,TEFAS,YAT,Değişken Şemsiye Fonu,5.0,0.461148,55.3,0.5577,2.4048,19.8192,34.9285,2.8102,11.0986,25.0,,,,,,,
TGE,İŞ PORTFÖY EMTİA YABANCI BYF FON SEPETİ FONU,TEFAS,YAT,Fon Sepeti Şemsiye Fonu,6.0,0.308113,65.8,5.0111,20.5354,43.8184,74.8039,2.5969,7.8251,33.0,,,,,,,
TGR,AK PORTFÖY TURİZM VE SEYAHAT SEKTÖRÜ DEĞİŞKEN FON,TEFAS,YAT,Değişken Şemsiye Fonu,6.0,6.441599,51.4,-1.0329,-3.5642,7.1029,18.0913,181.6049,5.3322,33.0,,,,,,,
THD,TRIVE PORTFÖY BİRİNCİ HİSSE SENEDİ (TL) FON (HİSSE SENEDİ YOĞUN FON),TEFAS,YAT,Hisse Senedi Şemsiye Fonu,6.0,2.423405,57.3,1.3613,2.9793,29.1726,46.6584,,,33.0,,,,,,,
THF,TERA PORTFÖY HİSSE SENEDİ (TL) FONU (HİSSE SENEDİ YOĞUN FON),TEFAS,YAT,Hisse Senedi Şemsiye Fonu,4.0,0.768118,63.5,-2.0468,7.8429,36.9035,94.7508,,,18.0,,,,,,,
THT,TRİVE PORTFÖY HİSSE SENEDİ SERBEST FON (HİSSE SENEDİ YOĞUN FON),TEFAS,YAT,Serbest Şemsiye Fonu,7.0,0.13679,49.0,-6.2617,-7.2197,15.6183,19.0527,,,42.0,,,,,,,
THV,ATA PORTFÖY BARBAROS HİSSE SENEDİ SERBEST (TL) FON (HİSSE SENEDİ YOĞUN FON),TEFAS,YAT,Serbest Şemsiye Fonu,7.0,36.443472,33.0,-8.1344,-73.5479,-37.634,3.027,10.3943,41.0015,42.0,,,,,,,
TI2,İŞ PORTFÖY HİSSE SENEDİ (TL) FONU (HİSSE SENEDİ YOĞUN FON),TEFAS,YAT,Hisse Senedi Şemsiye Fonu,6.0,0.117063,52.8,-3.8599,-3.0159,20.5219,35.1714,3.45,15.8822,33.0,,,,,,,
TI3,İŞ PORTFÖY İŞ BANKASI İŞTİRAKLERİ ENDEKSİ HİSSE SENEDİ (TL) FONU (HİSSE SENEDİ Y,TEFAS,YAT,Hisse Senedi Şemsiye Fonu,7.0,0.099911,50.4,-6.1385,-6.4399,13.1334,27.7982,2.3368,10.7527,42.0,,,,,,,
TI4,İŞ PORTFÖY TEMKİNLİ DEĞİŞKEN FON,TEFAS,YAT,Değişken Şemsiye Fonu,2.0,0.067409,57.4,0.7579,4.1116,20.5319,47.2845,2.8145,5.3219,7.0,,,,,,,
TI6,İŞ PORTFÖY BORÇLANMA ARAÇLARI (TL) FONU,TEFAS,YAT,Borçlanma Araçları Şemsiye Fonu,4.0,0.055519,53.6,-0.7463,-0.7523,11.0191,29.6764,148.3768,2.9858,18.0,,,,,,,
TI7,İŞ PORTFÖY DENGELİ DEĞİŞKEN FON,TEFAS,YAT,Değişken Şemsiye Fonu,4.0,81.111676,55.8,0.6568,0.2733,16.2067,41.6749,2.1362,5.6103,18.0,,,,,,,
TIE,İŞ PORTFÖY BIST 30 ENDEKSİ HİSSE SENEDİ (TL) FONU (HİSSE SENEDİ YOĞUN FON),TEFAS,YAT,Hisse Senedi Şemsiye Fonu,6.0,0.682222,56.7,-4.0663,3.5557,34.575,55.2755,2.383,9.9248,33.0,,,,,,,
TIL,İŞ PORTFÖY KATILIM HİSSE SENEDİ (TL) FONU (HİSSE SENEDİ YOĞUN FON),TEFAS,YAT,Hisse Senedi Şemsiye Fonu,6.0,1.267452,53.1,1.1785,10.6093,36.9788,,,,33.0,,,,,,,
TJF,TEB PORTFÖY SÜRDÜRÜLEBİLİRLİK FON SEPETİ FONU,TEFAS,YAT,Fon Sepeti Şemsiye Fonu,6.0,5.183635,58.5,1.7503,5.612,27.2767,51.0842,199.2294,,33.0,,,,,,,
TJI,TEB PORTFÖY İKİNCİ FON SEPETİ FONU,TEFAS,YAT,Fon Sepeti Şemsiye Fonu,4.0,6.381629,58.1,1.1228,2.2241,25.2094,54.3801,2.7612,,18.0,,,,,,,
TJT,TEB PORTFÖY ALTINCI SERBEST (DÖVİZ-AVRO) FON,TEFAS,YAT,Serbest Şemsiye Fonu,4.0,67.74072,54.1,0.8394,1.3463,9.2867,26.4932,2.1437,,18.0,,,,,,,
TKF,TACİRLER PORTFÖY HİSSE SENEDİ FONU (HİSSE SENEDİ YOĞUN FON),TEFAS,YAT,Hisse Senedi Şemsiye Fonu,6.0,62.458312,56.5,-1.292,1.6581,23.9118,49.2332,2.6476,8.1291,33.0,,,,,,,
TLE,AURA PORTFÖY YABANCI BORÇLANMA ARAÇLARI FONU,TEFAS,YAT,Borçlanma Araçları Şemsiye Fonu,5.0,27.867263,56.0,1.3873,5.0251,15.3269,34.3515,2.4866,6.1514,25.0,,,,,,,
TLH,AURA PORTFÖY HİSSE SENEDİ FONU (HİSSE SENEDİ YOĞUN FON),TEFAS,YAT,Hisse Senedi Şemsiye Fonu,6.0,23.337323,55.5,-5.0696,-4.9296,25.8465,61.091,2.8261,13.0311,33.0,,,,,,,
TLK,AKTİF PORTFÖY PARA PİYASASI KATILIM (TL) FONU,TEFAS,YAT,Katılım Şemsiye Fonu,1.0,1.84167,59.2,3.0212,9.4174,19.8012,47.4135,,,3.0,,,,,,,
TLV,TERA PORTFÖY PARA PİYASASI KATILIM (TL) FONU,TEFAS,YAT,Katılım Şemsiye Fonu,1.0,1.397008,54.1,3.2415,11.0804,23.4166,,,,3.0,,,,,,,
TLY,TERA PORTFÖY BİRİNCİ SERBEST FON,TEFAS,YAT,Serbest Şemsiye Fonu,7.0,10308.967128,63.5,8.4671,45.2808,103.8023,12.2241,615.4869,5351.9852,42.0,,,,,,,
TLZ,ATA PORTFÖY KATILIM HİSSE SENEDİ (TL) FONU (HİSSE SENEDİ YOĞUN FON),TEFAS,YAT,Hisse Senedi Şemsiye Fonu,6.0,17.353504,63.8,7.3121,15.3029,40.8294,62.0563,2.5396,12.456,33.0,,,,,,,
TMC,İŞ PORTFÖY TEMA DEĞİŞKEN FON,TEFAS,YAT,Değişken Şemsiye Fonu,4.0,0.171518,54.7,0.5607,1.965,11.0435,30.7464,198.2418,4.1474,18.0,,,,,,,
TMG,İŞ PORTFÖY YABANCI HİSSE SENEDİ FONU,TEFAS,YAT,Hisse Senedi Şemsiye Fonu,4.0,1.48556,64.3,8.6258,13.9983,20.5471,64.7645,2.9988,8.4961,18.0,,,,,,,
TMM,TERA PORTFÖY İKİNCİ SERBEST (DÖVİZ) FON,TEFAS,YAT,Serbest Şemsiye Fonu,6.0,66.023507,55.9,2.9354,7.1682,14.3223,26.4885,3.1713,,33.0,,,,,,,
TMU,AZİMUT PORTFÖY TEMKİNLİ FON SEPETİ FONU,TEFAS,YAT,Fon Sepeti Şemsiye Fonu,2.0,1.456813,53.2,2.8103,8.0173,21.41,,,,7.0,,,,,,,
TMZ,İŞ PORTFÖY SÜRDÜRÜLEBİLİRLİK VE TARIM FON SEPETİ FONU,TEFAS,YAT,Fon Sepeti Şemsiye Fonu,5.0,1.957388,58.0,2.7142,9.1741,18.8118,39.8188,,,25.0,,,,,,,
TND,İŞ PORTFÖY TTF TENİSE DESTEK DEĞİŞKEN FON,TEFAS,YAT,Değişken Şemsiye Fonu,2.0,1.564438,53.7,3.1256,9.6447,19.9692,,,,7.0,,,,,,,
TOT,TEB PORTFÖY ÖZEL SEKTÖR BORÇLANMA ARAÇLARI FONU,TEFAS,YAT,Borçlanma Araçları Şemsiye Fonu,1.0,991.106416,59.2,3.0233,9.5132,20.3052,46.8704,2.2213,3.4893,3.0,,,,,,,
TP2,TERA PORTFÖY PARA PİYASASI (TL) FONU,TEFAS,YAT,Para Piyasası Şemsiye Fonu,2.0,2.243343,61.7,3.7313,11.9769,26.3981,60.2203,,,7.0,,,,,,,
TPC,TEB PORTFÖY BİRİNCİ FON SEPETİ FONU,TEFAS,YAT,Fon Sepeti Şemsiye Fonu,6.0,12.519466,56.6,-0.9743,-10.9739,22.8122,68.106,2.976,6.3296,33.0,,,,,,,
TPF,TACİRLER PORTFÖY BORÇLANMA ARAÇLARI FONU,TEFAS,YAT,Borçlanma Araçları Şemsiye Fonu,3.0,11.414456,59.6,2.6499,10.6612,21.5356,49.2005,175.5504,3.3225,12.0,,,,,,,
TPJ,TEB PORTFÖY BİRİNCİ SERBEST (DÖVİZ) FON,TEFAS,YAT,Serbest Şemsiye Fonu,4.0,80.100602,54.4,0.9953,3.1974,8.5955,26.0694,2.013,6.1323,18.0,,,,,,,
TPL,TEB PORTFÖY EUROBOND (DÖVİZ) BORÇLANMA ARAÇLARI FONU,TEFAS,YAT,Borçlanma Araçları Şemsiye Fonu,6.0,21.232912,53.9,0.7604,2.4324,7.1087,23.4788,189.2333,5.5214,33.0,,,,,,,
TPP,TEB PORTFÖY PUSULA SERBEST FON,TEFAS,YAT,Serbest Şemsiye Fonu,4.0,76.783957,61.7,3.5612,8.9334,36.2324,65.4871,5.0823,18.8397,18.0,,,,,,,
TPV,AURA PORTFÖY İKİNCİ DEĞİŞKEN FON,TEFAS,YAT,Değişken Şemsiye Fonu,3.0,10.358923,52.1,-1.1387,-0.3692,0.7002,19.4945,157.0592,3.3875,12.0,,,,,,,
TPZ,TEB PORTFÖY KİRA SERTİFİKALARI (DÖVİZ) KATILIM FONU,TEFAS,YAT,Katılım Şemsiye Fonu,6.0,29.023641,55.2,1.8896,4.927,10.176,26.9466,2.2012,6.3792,33.0,,,,,,,
TRJ,TERA PORTFÖY BİRİNCİ BORÇLANMA ARAÇLARI (TL) FONU,TEFAS,YAT,Borçlanma Araçları Şemsiye Fonu,4.0,2.264837,62.3,3.7129,13.6619,29.3139,62.1552,,,18.0,,,,,,,
TRO,TRIVE PORTFÖY ALTIN FONU,TEFAS,YAT,Kıymetli Madenler Şemsiye Fonu,6.0,2.451428,55.8,-0.8711,-8.9687,23.0712,59.1753,,,33.0,,,,,,,
TRU,TERA PORTFÖY KATILIM SERBEST (DÖVİZ) FON,TEFAS,YAT,Serbest Şemsiye Fonu,4.0,1.552299,55.6,2.6477,6.9101,12.1606,25.3191,,,18.0,,,,,,,
TTA,İŞ PORTFÖY ALTIN FONU,TEFAS,YAT,Kıymetli Madenler Şemsiye Fonu,6.0,0.607704,53.5,-1.5414,-12.2109,8.3189,48.0502,3.532,10.3758,33.0,,,,,,,
TTE,İŞ PORTFÖY BIST TEKNOLOJİ AĞIRLIK SINIRLAMALI ENDEKSİ HİSSE SENEDİ (TL) FONU (Hİ,TEFAS,YAT,Hisse Senedi Şemsiye Fonu,7.0,1.115524,71.7,11.4504,35.3543,68.311,80.8136,5.3047,10.9109,42.0,,,,,,,
TTL,TACİRLER PORTFÖY KARTOPU SERBEST FON,TEFAS,YAT,Serbest Şemsiye Fonu,7.0,36.254466,60.4,4.6393,9.1641,28.6206,52.7719,7.5765,17.2943,42.0,,,,,,,
TTV,TACİRLER PORTFÖY VEGA SERBEST (TL)  FON,TEFAS,YAT,Serbest Şemsiye Fonu,2.0,9.051883,59.2,4.0169,10.2895,19.2854,43.3601,2.6242,5.7967,7.0,,,,,,,
TUA,TEB PORTFÖY ALTIN FONU,TEFAS,YAT,Kıymetli Madenler Şemsiye Fonu,6.0,1.425066,54.9,-1.394,-9.7822,14.4615,54.5927,4.0891,11.2553,33.0,,,,,,,
TVE,EMAA BLUE PORTFÖY TARIM VE GIDA SEKTÖRÜ KATILIM FONU,TEFAS,YAT,Katılım Şemsiye Fonu,6.0,1.020192,52.7,1.7373,8.0631,,,,,33.0,,,,,,,
TVN,TRIVE PORTFÖY BİRİNCİ FON SEPETİ FONU,TEFAS,YAT,Fon Sepeti Şemsiye Fonu,6.0,2.920091,59.2,3.1768,5.3556,20.9548,53.02,,,33.0,,,,,,,
TYH,TEB PORTFÖY HİSSE SENEDİ FONU (HİSSE SENEDİ YOĞUN FON),TEFAS,YAT,Hisse Senedi Şemsiye Fonu,6.0,1.908445,50.4,-5.5561,-7.2179,19.1416,27.5305,2.8618,13.2566,33.0,,,,,,,
TZD,ZİRAAT PORTFÖY HİSSE SENEDİ FONU (HİSSE SENEDİ YOĞUN FON),TEFAS,YAT,Hisse Senedi Şemsiye Fonu,6.0,2.288898,53.9,-2.3961,-1.4404,25.0299,37.5687,2.1804,10.488,33.0,,,,,,,
TZT,ZİRAAT PORTFÖY BORÇLANMA ARAÇLARI (TL) FONU,TEFAS,YAT,Borçlanma Araçları Şemsiye Fonu,3.0,0.174024,55.1,-0.1833,1.4202,14.1965,36.9074,162.1172,3.632,12.0,,,,,,,
ULH,ÜNLÜ PORTFÖY ONUNCU SERBEST FON,TEFAS,YAT,Serbest Şemsiye Fonu,7.0,6.891547,58.7,1.865,7.5706,17.8329,49.5309,3.4508,,42.0,,,,,,,
UNT,İŞ PORTFÖY ÜÇÜNCÜ SERBEST (TL) FON,TEFAS,YAT,Serbest Şemsiye Fonu,2.0,1.62895,53.8,3.1169,9.8572,20.4922,,,,7.0,,,,,,,
UP1,ÜNLÜ PORTFÖY ALTIN FONU,TEFAS,YAT,Kıymetli Madenler Şemsiye Fonu,6.0,6.075704,55.7,-1.3527,-9.5574,15.8021,60.3613,3.9146,,33.0,,,,,,,
UP2,ÜNLÜ PORTFÖY PARA PİYASASI SERBEST FON,TEFAS,YAT,Serbest Şemsiye Fonu,2.0,4.399357,59.6,3.1708,9.8963,20.6667,49.0281,2.535,,7.0,,,,,,,
UPD,ÜNLÜ PORTFÖY DÖRDÜNCÜ SERBEST (DÖVIZ) FON,TEFAS,YAT,Serbest Şemsiye Fonu,6.0,22.066171,54.4,0.8595,2.987,9.5348,26.313,179.0448,5.7173,33.0,,,,,,,
UPH,ÜNLÜ PORTFÖY HİSSE SENEDİ (TL) FONU(HİSSE SENEDİ YOĞUN FON),TEFAS,YAT,Hisse Senedi Şemsiye Fonu,6.0,28.559151,53.1,-4.2034,-1.5452,24.9042,35.9212,2.5952,10.9607,33.0,,,,,,,
UPP,ÜNLÜ PORTFÖY PARA PİYASASI (TL) FONU,TEFAS,YAT,Para Piyasası Şemsiye Fonu,1.0,7.321653,59.5,3.0376,9.6842,20.4287,48.8107,2.4745,4.0663,3.0,,,,,,,
URA,ATA PORTFÖY ENERJİ DEĞİŞKEN FON,TEFAS,YAT,Değişken Şemsiye Fonu,6.0,1.75146,61.5,-2.4965,3.7936,32.3391,86.4582,,,33.0,,,,,,,
USY,ÜNLÜ PORTFÖY DEĞER YATIRIMLARI SERBEST FON,TEFAS,YAT,Serbest Şemsiye Fonu,6.0,0.261925,59.3,1.5043,6.7756,19.161,55.732,2.5805,9.1285,33.0,,,,,,,
VAY,AK PORTFÖY DEĞER ODAKLI 100 ŞİRKETLERİ HİSSE SENEDİ (TL) FONU (HİSSE SENEDİ YOĞU,TEFAS,YAT,Hisse Senedi Şemsiye Fonu,5.0,1.468166,50.5,-6.0449,-6.5077,12.3276,28.9362,,,25.0,,,,,,,
VCY,AK PORTFÖY ELEKTRİKLİ VE OTONOM ARAÇ TEKNOLOJİLERİ DEĞİŞKEN FON,TEFAS,YAT,Değişken Şemsiye Fonu,6.0,3.445326,63.0,4.4115,11.8249,31.4933,69.0293,195.272,,33.0,,,,,,,
VFK,ZİRAAT PORTFÖY İKİNCİ KISA VADELİ KİRA SERTİFİKALARI KATILIM (TL) FONU,TEFAS,YAT,Katılım Şemsiye Fonu,1.0,5.691166,58.8,2.8939,8.9549,18.9685,45.4125,2.1207,3.4864,3.0,,,,,,,
VMV,VEGA PORTFÖY MAVİ SERBEST FON,TEFAS,YAT,Serbest Şemsiye Fonu,2.0,2.903127,59.4,2.9218,9.6044,21.1041,49.0384,,,7.0,,,,,,,
VNK,VEGA PORTFÖY ANKA SERBEST FON,TEFAS,YAT,Serbest Şemsiye Fonu,3.0,2.501375,57.8,0.753,3.3063,20.8713,51.5372,,,12.0,,,,,,,
VPA,VAKIF KATILIM PORTFÖY PARA PİYASASI KATILIM FONU,TEFAS,YAT,Katılım Şemsiye Fonu,1.0,1.156473,50.0,0.0,,,,,,3.0,,,,,,,
VPP,VEGA PORTFÖY PARLA SERBEST (DÖVİZ) FON,TEFAS,YAT,Serbest Şemsiye Fonu,6.0,56.210938,52.9,2.4072,7.4342,,,,,33.0,,,,,,,
VPS,VEGA PORTFÖY SALUR HİSSE SENEDİ SERBEST (TL) FON (HİSSE SENEDİ YOĞUN FON),TEFAS,YAT,Serbest Şemsiye Fonu,6.0,0.72415,50.0,-7.2021,12.1676,,,,,33.0,,,,,,,
VRK,DENİZ PORTFÖY ÇOKLU VARLIK KATILIM FONU,TEFAS,YAT,Katılım Şemsiye Fonu,4.0,1.294324,52.9,3.1958,6.4279,20.9592,,,,18.0,,,,,,,
YAC,YAPI KREDİ PORTFÖY İKİNCİ FON SEPETİ FONU,TEFAS,YAT,Fon Sepeti Şemsiye Fonu,5.0,14.835066,56.1,0.062,1.0725,17.5815,43.7685,2.2032,5.8316,25.0,,,,,,,
YAE,YAPI KREDİ PORTFÖY TLREF'E ENDEKSLİ BORÇLANMA ARAÇLARI (TL) FONU,TEFAS,YAT,Borçlanma Araçları Şemsiye Fonu,2.0,1.225754,51.4,2.0947,,,,,,7.0,,,,,,,
YAK,YAPI KREDİ PORTFÖY KARMA FON,TEFAS,YAT,Karma Şemsiye Fonu,5.0,5.127228,55.4,-0.569,2.0759,20.8933,38.4453,2.2625,6.2506,25.0,,,,,,,
YAN,YAPI KREDİ PORTFÖY BİRİNCİ FON SEPETİ FONU,TEFAS,YAT,Fon Sepeti Şemsiye Fonu,4.0,15.093089,56.4,1.1578,4.1516,16.8179,39.182,180.2181,4.6429,18.0,,,,,,,
YAS,YAPI KREDİ PORTFÖY KOÇ HOLDİNG İŞTİRAK VE HİSSE SENEDİ FONU(HİSSE SENEDİ YOĞUN F,TEFAS,YAT,Hisse Senedi Şemsiye Fonu,6.0,14.094872,49.8,-7.4904,-6.3125,8.2888,26.9655,165.6857,8.019,33.0,,,,,,,
YAY,YAPI KREDİ PORTFÖY YABANCI TEKNOLOJİ SEKTÖRÜ HİSSE SENEDİ FONU,TEFAS,YAT,Hisse Senedi Şemsiye Fonu,7.0,2007.104596,75.1,14.0954,30.6991,43.3882,106.6746,4.1823,9.8267,42.0,,,,,,,
YBE,YAPI KREDİ PORTFÖY EUROBOND (DOLAR) BORÇLANMA ARAÇLARI FONU,TEFAS,YAT,Borçlanma Araçları Şemsiye Fonu,5.0,1.84098,54.6,0.5448,1.8764,8.2908,30.3206,2.2429,5.9042,25.0,,,,,,,
YBH,YAPI KREDİ PORTFÖY 5-15 YIL VADELİ SERBEST (DÖVİZ) FON,TEFAS,YAT,Serbest Şemsiye Fonu,4.0,53.34852,54.3,0.4177,1.147,6.8636,29.7146,,,18.0,,,,,,,
YBR,İŞ PORTFÖY YİRMİBİRİNCİ SERBEST (DÖVİZ) FON,TEFAS,YAT,Serbest Şemsiye Fonu,4.0,55.359098,54.1,-0.7286,1.5641,9.3591,30.3336,,,18.0,,,,,,,
YBS,YAPI KREDİ PORTFÖY ÖZEL SEKTÖR BORÇLANMA ARAÇLARI FONU,TEFAS,YAT,Borçlanma Araçları Şemsiye Fonu,1.0,0.151553,59.3,3.0795,9.5901,21.0535,47.3583,2.25,3.7563,3.0,,,,,,,
YCK,YAPI KREDİ PORTFÖY CİHANGİR SERBEST FON,TEFAS,YAT,Serbest Şemsiye Fonu,6.0,4.937278,63.7,9.2735,13.6601,34.8593,59.2045,2.1612,3.2657,33.0,,,,,,,
YCP,YAPI KREDİ PORTFÖY BANKACILIK SEKTÖRÜ HİSSE SENEDİ SERBEST FON (HİSSE SENEDİ YOĞ,TEFAS,YAT,Serbest Şemsiye Fonu,7.0,7.982937,45.9,-10.1747,-20.6158,3.1384,25.5089,2.9266,,42.0,,,,,,,
YCY,İSTANBUL PORTFÖY KATILIM FON SEPETİ FONU,TEFAS,YAT,Fon Sepeti Şemsiye Fonu,2.0,4.180432,59.0,2.7731,8.9934,20.2452,47.3344,178.5257,,7.0,,,,,,,
YDI,YAPI KREDİ PORTFÖY MODEL PORTFÖY HİSSE SENEDİ FONU (HİSSE SENEDİ YOĞUN FON),TEFAS,YAT,Hisse Senedi Şemsiye Fonu,6.0,0.44026,52.1,-3.9413,-5.0867,17.4863,33.1714,2.4627,10.1849,33.0,,,,,,,
YDP,YAPI KREDİ PORTFÖY BİRİNCİ DEĞİŞKEN FON,TEFAS,YAT,Değişken Şemsiye Fonu,5.0,2.210091,57.4,-0.1377,2.0386,29.017,53.1023,,,25.0,,,,,,,
YEF,YAPI KREDİ PORTFÖY BIST 30 ENDEKSİ HİSSE SENEDİ FONU (HİSSE SENEDİ YOĞUN FON),TEFAS,YAT,Hisse Senedi Şemsiye Fonu,6.0,0.888735,56.2,-4.6004,2.9062,33.5442,53.846,2.6194,10.7829,33.0,,,,,,,
YFV,YAPI KREDİ PORTFÖY KİRA SERTİFİKALARI KATILIM FONU,TEFAS,YAT,Katılım Şemsiye Fonu,2.0,0.106011,58.3,2.4743,7.6175,18.0815,44.6864,2.0569,3.8391,7.0,,,,,,,
YGM,YAPI KREDİ PORTFÖY EMTİA SERBEST FON,TEFAS,YAT,Serbest Şemsiye Fonu,6.0,3.403918,58.6,2.2419,6.8988,24.1105,48.8743,2.2011,,33.0,,,,,,,
YHB,YAPI KREDİ PORTFÖY BIST 100 DIŞI ŞİRKETLER HİSSE SENEDİ FONU (HİSSE SENEDİ YOĞUN,TEFAS,YAT,Hisse Senedi Şemsiye Fonu,6.0,1.98348,57.7,1.263,7.3026,23.0072,43.7723,,,33.0,,,,,,,
YHI,YAPI KREDİ PORTFÖY İNŞAAT SEKTÖRÜ HİSSE SENEDİ SERBEST (TL) FON (HİSSE SENEDİ YO,TEFAS,YAT,Serbest Şemsiye Fonu,6.0,1.350288,57.3,0.704,6.4786,21.6002,43.3041,,,33.0,,,,,,,
YHK,YAPI KREDİ PORTFÖY KATILIM HİSSE SENEDİ FONU (HİSSE SENEDİ YOĞUN FON),TEFAS,YAT,Hisse Senedi Şemsiye Fonu,6.0,1.845825,66.1,4.4173,18.1454,53.6998,82.1969,,,33.0,,,,,,,
YHP,YAPI KREDİ PORTFÖY KADIKÖY SERBEST FON,TEFAS,YAT,Serbest Şemsiye Fonu,5.0,4.563357,59.6,3.0386,2.8346,28.8017,60.2108,3.2225,3.0852,25.0,,,,,,,
YHS,YAPI KREDİ PORTFÖY BİRİNCİ HİSSE SENEDİ FONU (HİSSE SENEDİ YOĞUN FON),TEFAS,YAT,Hisse Senedi Şemsiye Fonu,6.0,24.397129,54.2,-2.1749,-2.3725,24.5837,40.6909,2.905,11.2648,33.0,,,,,,,
YHT,YAPI KREDİ PORTFÖY KISA VADELİ BORÇLANMA ARAÇLARI (TL) FONU,TEFAS,YAT,Borçlanma Araçları Şemsiye Fonu,1.0,0.429366,58.6,2.314,8.0179,18.9126,46.8154,2.1623,3.4078,3.0,,,,,,,
YHZ,YAPI KREDİ PORTFÖY BIST TEKNOLOJİ AĞIRLIK SINIRLAMALI ENDEKSİ HİSSE SENEDİ FONU ,TEFAS,YAT,Hisse Senedi Şemsiye Fonu,6.0,7.626172,71.2,10.7842,31.8514,60.5471,84.3205,5.4476,8.8612,33.0,,,,,,,
YIK,YAPI KREDİ PORTFÖY İKİNCİ PARA PİYASASI SERBEST (TL) FON,TEFAS,YAT,Serbest Şemsiye Fonu,1.0,1.599684,53.8,3.1455,9.9264,20.764,,,,3.0,,,,,,,
YIT,GARANTİ PORTFÖY YARI İLETKEN TEKNOLOJİLERİ DEĞİŞKEN FON,TEFAS,YAT,Değişken Şemsiye Fonu,6.0,2.719572,81.2,11.5821,37.1583,83.8847,149.4085,,,33.0,,,,,,,
YJH,YAPI KREDİ PORTFÖY TEMİZ ENERJİ DEĞİŞKEN FONU,TEFAS,YAT,Değişken Şemsiye Fonu,4.0,3.671441,65.3,7.0357,12.9445,35.8855,77.6629,145.5656,,18.0,,,,,,,
YJK,YAPI KREDİ PORTFÖY ROBOTİK VE YARI İLETKEN TEKNOLOJİLERİ FON SEPETİ FONU,TEFAS,YAT,Fon Sepeti Şemsiye Fonu,5.0,5.764788,72.8,12.2657,26.8432,54.2639,99.7451,3.2336,,25.0,,,,,,,
YJY,YAPI KREDİ PORTFÖY YENİKÖY SERBEST (DÖVİZ) FON,TEFAS,YAT,Serbest Şemsiye Fonu,4.0,59.467651,54.7,2.0338,5.1324,9.6376,22.1118,168.3187,5.575,18.0,,,,,,,
YKS,YAPI KREDİ PORTFÖY İSTANBUL SERBEST FON,TEFAS,YAT,Serbest Şemsiye Fonu,4.0,0.365482,56.2,-0.2619,5.1553,14.95,39.3239,2.5147,5.9721,18.0,,,,,,,
YKT,YAPI KREDİ PORTFÖY ALTIN FONU,TEFAS,YAT,Kıymetli Madenler Şemsiye Fonu,6.0,0.861362,54.7,-1.4273,-10.1416,15.2642,53.7874,4.0832,11.3729,33.0,,,,,,,
YLC,ATA PORTFÖY TARIM VE GIDA DEĞİŞKEN FON,TEFAS,YAT,Değişken Şemsiye Fonu,5.0,3.742253,56.7,1.1823,4.0903,26.1402,40.8324,164.0289,,25.0,,,,,,,
YLE,YAPI KREDİ PORTFÖY BIST SÜRDÜRÜLEBİLİRLİK ENDEKSİ HİSSE SENEDİ FONU (HİSSE SENED,TEFAS,YAT,Hisse Senedi Şemsiye Fonu,6.0,8.264231,53.4,-4.296,-2.0151,24.5997,39.3768,2.826,,33.0,,,,,,,
YLO,YAPI KREDİ PORTFÖY ELEKTRİKLİ ARAÇLAR DEĞİŞKEN FON,TEFAS,YAT,Değişken Şemsiye Fonu,6.0,5.482775,67.4,9.3022,15.5059,39.0567,83.7809,2.9802,,33.0,,,,,,,
YLY,YAPI KREDİ PORTFÖY KAR PAYI ÖDEYEN HİSSE SENEDİ (TL) FON (HİSSE SENEDİ YOĞUN FON,TEFAS,YAT,Hisse Senedi Şemsiye Fonu,6.0,2.183908,51.9,-3.3559,-1.5986,17.1052,25.0691,166.3371,,33.0,,,,,,,
YMD,YAPI KREDİ PORTFÖY MASLAK SERBEST (DÖVİZ- ABD DOLARI) FON,TEFAS,YAT,Serbest Şemsiye Fonu,4.0,58.178909,54.7,2.019,5.1298,9.5157,22.4423,172.0926,,18.0,,,,,,,
YMH,YAPI KREDİ PORTFÖY MUTLAK GETİRİ HEDEFLİ HİSSE SENEDİ SERBEST FON (HİSSE SENEDİ ,TEFAS,YAT,Serbest Şemsiye Fonu,2.0,1.641059,57.2,2.879,7.3569,15.4983,35.9357,,,7.0,,,,,,,
YNK,YAPI KREDİ PORTFÖY NİŞANTAŞI KAR PAYI ÖDEYEN SERBEST (DÖVİZ) FON,TEFAS,YAT,Serbest Şemsiye Fonu,4.0,48.637115,53.0,1.1846,1.4868,5.8639,17.414,151.778,,18.0,,,,,,,
YOT,YAPI KREDİ PORTFÖY BORÇLANMA ARAÇLARI FONU,TEFAS,YAT,Borçlanma Araçları Şemsiye Fonu,4.0,41.467536,54.8,-0.0649,1.2392,13.6068,34.2881,170.034,3.3837,18.0,,,,,,,
YOZ,DENİZ PORTFÖY YAKAMOZ SERBEST (DÖVİZ) FON,TEFAS,YAT,Serbest Şemsiye Fonu,4.0,50.976325,52.2,2.1014,5.3989,10.1504,,,,18.0,,,,,,,
YP4,YAPI KREDİ PORTFÖY FERİKÖY SERBEST (DÖVİZ) FON,TEFAS,YAT,Serbest Şemsiye Fonu,4.0,55.942123,54.5,1.9955,5.0225,9.412,21.5915,155.9374,,18.0,,,,,,,
YPC,YAPI KREDİ PORTFÖY SÜRDÜRÜLEBİLİRLİK DEĞİŞKEN FON,TEFAS,YAT,Değişken Şemsiye Fonu,5.0,5.76454,63.2,7.7443,11.7321,27.4,62.137,3.1007,,25.0,,,,,,,
YPF,YAPI KREDİ PORTFÖY ALFA SERBEST FON,TEFAS,YAT,Serbest Şemsiye Fonu,5.0,10.271274,61.4,3.6989,11.588,30.3352,58.6184,2.0638,3.4112,25.0,,,,,,,
YPK,YAPI KREDİ PORTFÖY GALATA SERBEST FON,TEFAS,YAT,Serbest Şemsiye Fonu,5.0,14.677019,51.5,-2.3462,-3.9748,7.7777,22.9265,2.0137,4.9143,25.0,,,,,,,
YPL,YAPI KREDİ PORTFÖY BALAT SERBEST (DÖVİZ) FON,TEFAS,YAT,Serbest Şemsiye Fonu,4.0,73.714444,54.5,0.5614,2.9692,9.3891,27.5402,189.6353,6.1141,18.0,,,,,,,
YPR,AZİMUT PORTFÖY YILDIZ PAZAR ŞİRKETLERİ HİSSE SENEDİ FONU (HİSSE SENEDİ YOĞUN FON,TEFAS,YAT,Hisse Senedi Şemsiye Fonu,6.0,1.614528,57.8,-0.9425,3.8486,29.9332,54.9751,,,33.0,,,,,,,
YPV,YAPI KREDİ PORTFÖY ÜÇÜNCÜ FON SEPETİ FONU,TEFAS,YAT,Fon Sepeti Şemsiye Fonu,5.0,7.897147,55.1,-0.6834,0.2413,18.2889,39.3769,176.4125,4.6741,25.0,,,,,,,
YSA,YAPI KREDİ PORTFÖY SUADİYE SERBEST (DÖVİZ) FON,TEFAS,YAT,Serbest Şemsiye Fonu,4.0,50.151056,53.0,3.0239,7.0517,,,,,18.0,,,,,,,
YSL,YAPI KREDİ PORTFÖY KAR PAYI ÖDEYEN KİRA SERTİFİKALARI KATILIM SERBEST (DÖVİZ) FO,TEFAS,YAT,Serbest Şemsiye Fonu,4.0,44.288593,52.6,1.4136,3.3441,4.8637,11.0065,120.2407,,18.0,,,,,,,
YSO,YAPI KREDİ PORTFÖY SAĞLIK SEKTÖRÜ SERBEST FON,TEFAS,YAT,Serbest Şemsiye Fonu,6.0,1.544179,56.1,4.5987,0.145,9.7193,34.0059,,,33.0,,,,,,,
YSU,YAPI KREDİ PORTFÖY ÜÇÜNCÜ DEĞİŞKEN FON,TEFAS,YAT,Değişken Şemsiye Fonu,4.0,0.174889,55.2,-0.6091,1.7551,18.0926,37.9537,2.1324,5.9609,18.0,,,,,,,
YTD,YAPI KREDİ PORTFÖY YABANCI FON SEPETİ FONU,TEFAS,YAT,Fon Sepeti Şemsiye Fonu,6.0,1.010845,63.4,9.5419,11.1566,18.769,59.9868,3.0544,7.65,33.0,,,,,,,
YTV,YAPI KREDİ PORTFÖY TARIM DEĞİŞKEN FON,TEFAS,YAT,Değişken Şemsiye Fonu,5.0,2.969513,55.5,0.1519,2.1019,24.6577,37.7832,186.7402,,25.0,,,,,,,
YTY,YAPI KREDİ PORTFÖY TARABYA SERBEST (DÖVİZ-AVRO) FON,TEFAS,YAT,Serbest Şemsiye Fonu,4.0,59.511687,54.4,1.4778,3.5186,10.0487,23.7312,,,18.0,,,,,,,
YUB,YAPI KREDİ PORTFÖY KARAKÖY HİSSE SENEDİ SERBEST FON (HİSSE SENEDİ YOĞUN FON),TEFAS,YAT,Serbest Şemsiye Fonu,7.0,5.018062,50.4,-7.7154,-5.0007,22.1649,29.8354,2.5502,,42.0,,,,,,,
YUN,YAPI KREDİ PORTFÖY İSTİNYE SERBEST (DÖVİZ) FON,TEFAS,YAT,Serbest Şemsiye Fonu,4.0,60.115938,55.2,2.2848,4.134,10.3738,27.1486,173.2101,,18.0,,,,,,,
YVB,YAPI KREDİ PORTFÖY UZUN VADELİ BORÇLANMA ARAÇLARI FONU,TEFAS,YAT,Borçlanma Araçları Şemsiye Fonu,5.0,1.398208,51.5,-2.4987,-5.3611,5.6297,25.8971,,,25.0,,,,,,,
YVG,YAPI KREDİ PORTFÖY SARIYER SERBEST (DÖVİZ-AVRO) FON,TEFAS,YAT,Serbest Şemsiye Fonu,4.0,63.65456,54.4,1.465,3.4509,10.0687,23.9198,193.5321,,18.0,,,,,,,
YZC,YAPI KREDİ PORTFÖY FİNTECH VE BLOCKCHAİN TEKNOLOJİLERİ DEĞİŞKEN FON,TEFAS,YAT,Değişken Şemsiye Fonu,5.0,5.284255,70.0,13.5166,28.1239,43.0887,74.1002,4.6694,,25.0,,,,,,,
YZG,YAPI KREDİ PORTFÖY GÜMÜŞ FON SEPETİ FONU,TEFAS,YAT,Fon Sepeti Şemsiye Fonu,7.0,12.455519,69.4,2.8484,-13.5229,57.1438,158.8395,5.8339,11.1563,42.0,,,,,,,
YZH,TEB PORTFÖY BIST BANKA ENDEKSİ HİSSE SENEDİ FONU (HİSSE SENEDİ YOĞUN),TEFAS,YAT,Hisse Senedi Şemsiye Fonu,7.0,10.292416,46.6,-9.9738,-20.3155,5.2093,30.1137,3.2021,13.3097,42.0,,,,,,,
YZK,YAPI KREDİ PORTFÖY KALAMIŞ SERBEST FON,TEFAS,YAT,Serbest Şemsiye Fonu,5.0,7.867955,54.2,0.8874,1.5361,9.8379,27.3466,187.1086,4.8774,25.0,,,,,,,
ZBD,ZİRAAT PORTFÖY DENGELİ DEĞİŞKEN FON,TEFAS,YAT,Değişken Şemsiye Fonu,6.0,659.109274,54.4,-1.69,0.9243,14.9915,35.8929,182.491,5.5869,33.0,,,,,,,
ZBI,ZİRAAT PORTFÖY TEMKİNLİ KATILIM FONU,TEFAS,YAT,Katılım Şemsiye Fonu,3.0,2.331002,59.1,2.6462,8.953,22.1225,48.5377,,,12.0,,,,,,,
ZBJ,ZİRAAT PORTFÖY BAŞAK PARA PİYASASI (TL) FONU,TEFAS,YAT,Para Piyasası Şemsiye Fonu,1.0,5.395584,59.7,3.1289,9.922,20.811,49.7218,2.5351,,3.0,,,,,,,
ZBO,ZİRAAT PORTFÖY MUTLAK GETİRİ HEDEFLİ HİSSE SENEDİ SERBEST FON (HİSSE SENEDİ YOĞU,TEFAS,YAT,Serbest Şemsiye Fonu,4.0,3.329201,55.5,1.8432,4.3686,15.553,29.9828,184.2084,,18.0,,,,,,,
ZCD,ZİRAAT PORTFÖY ALTINCI SERBEST (TL) FON,TEFAS,YAT,Serbest Şemsiye Fonu,6.0,4.08007,48.5,-6.7953,-12.6012,6.4932,24.6609,2.7733,,33.0,,,,,,,
ZCK,ZİRAAT PORTFÖY AGRESİF KATILIM FONU,TEFAS,YAT,Katılım Şemsiye Fonu,4.0,1.648716,60.8,6.8069,12.8995,34.6304,44.5013,,,18.0,,,,,,,
ZCN,ZİRAAT PORTFÖY EMTİA FON SEPETİ FONU,TEFAS,YAT,Fon Sepeti Şemsiye Fonu,6.0,4.038745,60.3,2.0895,7.6464,26.8437,60.3876,2.7774,,33.0,,,,,,,
ZDD,ZİRAAT PORTFÖY TEMKİNLİ DEĞİŞKEN FON,TEFAS,YAT,Değişken Şemsiye Fonu,3.0,7.60316,57.4,0.88,5.9509,18.4521,44.706,2.4222,4.8478,12.0,,,,,,,
ZDZ,ZİRAAT PORTFÖY AGRESİF DEĞİŞKEN FON,TEFAS,YAT,Değişken Şemsiye Fonu,6.0,9.953302,52.3,-1.6224,5.4958,9.8339,13.2639,2.2177,9.3791,33.0,,,,,,,
ZFB,AK PORTFÖY FİNTEK VE BLOKZİNCİRİ TEKNOLOJİLERİ DEĞİŞKEN FON,TEFAS,YAT,Değişken Şemsiye Fonu,6.0,7.057016,67.2,8.7765,21.551,38.5195,74.7584,5.5132,,33.0,,,,,,,
ZHH,ZİRAAT PORTFÖY HALKBANK SÜRDÜRÜLEBİLİRLİK 30 ŞİRKETLERİ HİSSE SENEDİ FONU (HİSSE,TEFAS,YAT,Hisse Senedi Şemsiye Fonu,5.0,1.369611,54.1,-2.3697,-2.3385,22.1655,40.3982,,,25.0,,,,,,,
ZJB,ZİRAAT PORTFÖY BİRİNCİ SERBEST (TL) FON,TEFAS,YAT,Serbest Şemsiye Fonu,7.0,9.456017,35.3,-20.622,-20.6376,-20.9946,-28.0235,2.8207,8.3533,42.0,,,,,,,
ZJI,ZİRAAT PORTFÖY İKİNCİ SERBEST (TL) FON,TEFAS,YAT,Serbest Şemsiye Fonu,7.0,9.680296,36.1,-19.6479,-19.4719,-19.6741,-25.5659,3.0429,,42.0,,,,,,,
ZJL,ZİRAAT PORTFÖY BIST 100 DIŞI ŞİRKETLER HİSSE SENEDİ FONU (HİSSE SENEDİ YOĞUN FON,TEFAS,YAT,Hisse Senedi Şemsiye Fonu,6.0,12.751136,56.5,1.7597,3.1972,21.4728,39.3365,3.3749,,33.0,,,,,,,
ZJV,ZİRAAT PORTFÖY BIST 30 DIŞI YILDIZ PAZAR ŞİRKETLERİ HİSSE SENEDİ FONU (HİSSE SEN,TEFAS,YAT,Hisse Senedi Şemsiye Fonu,6.0,9.508914,56.3,4.0631,1.8224,20.7063,34.6347,2.5898,,33.0,,,,,,,
ZLH,ZİRAAT PORTFÖY BIST 100-30 ŞİRKETLERİ HİSSE SENEDİ FONU ( HİSSE SENEDİ YOĞUN FON,TEFAS,YAT,Hisse Senedi Şemsiye Fonu,6.0,10.203828,56.2,2.1918,0.87,20.3748,39.4116,2.4309,,33.0,,,,,,,
ZMT,AZİMUT PORTFÖY 22.0 SERBEST (DÖVİZ-AVRO) FON,TEFAS,YAT,Serbest Şemsiye Fonu,4.0,63.031548,54.3,1.2599,2.744,10.2156,24.6265,,,18.0,,,,,,,
ZMY,ZİRAAT PORTFÖY METAVERSE VE YENİ TEKNOLOJİLER DEĞİŞKEN FON,TEFAS,YAT,Değişken Şemsiye Fonu,6.0,6.674912,60.9,5.8822,17.803,18.6879,40.2982,3.3804,,33.0,,,,,,,
ZP6,ZİRAAT PORTFÖY SEDEF KATILIM SERBEST (DÖVİZ - AMERİKAN DOLARI) FON,TEFAS,YAT,Serbest Şemsiye Fonu,5.0,59.768969,54.5,1.8099,4.6283,9.1673,22.0119,167.9473,,25.0,,,,,,,
ZP8,ZİRAAT PORTFÖY KEHRİBAR PARA PİYASASI KATILIM SERBEST (TL) FON,TEFAS,YAT,Serbest Şemsiye Fonu,2.0,4.250629,59.5,3.128,9.7419,20.3032,48.5707,2.3944,,7.0,,,,,,,
ZP9,ZİRAAT PORTFÖY AKİK KATILIM SERBEST (DÖVİZ-AVRO) FON,TEFAS,YAT,Serbest Şemsiye Fonu,6.0,60.968598,54.0,1.3997,3.2756,9.4919,21.8994,168.123,,33.0,,,,,,,
ZPA,ZİRAAT PORTFÖY SERBEST (DÖVİZ) FON,TEFAS,YAT,Serbest Şemsiye Fonu,6.0,68.888723,54.4,1.5256,4.2265,9.3566,23.1613,181.9048,6.6208,33.0,,,,,,,
ZPC,ZİRAAT PORTFÖY FON SEPETİ FONU,TEFAS,YAT,Fon Sepeti Şemsiye Fonu,5.0,18.235031,53.7,-1.22,0.2729,15.424,30.0218,2.1611,6.9924,25.0,,,,,,,
ZPE,ZİRAAT PORTFÖY KATILIM HİSSE SENEDİ FONU (HİSSE SENEDİ YOĞUN FON),TEFAS,YAT,Hisse Senedi Şemsiye Fonu,6.0,31.480059,57.7,-0.6821,6.6697,30.616,49.2383,2.5462,10.0383,33.0,,,,,,,
ZPF,ZİRAAT PORTFÖY KATILIM FONU (DÖVİZ),TEFAS,YAT,Katılım Şemsiye Fonu,6.0,23.73292,55.0,1.8267,4.4039,9.3611,26.0552,2.0077,5.6577,33.0,,,,,,,
ZPG,ZİRAAT PORTFÖY KİRA SERTİFİKALARI (SUKUK) KATILIM FONU,TEFAS,YAT,Katılım Şemsiye Fonu,2.0,11.092941,58.4,2.7468,8.445,18.0095,43.444,2.1328,3.843,7.0,,,,,,,
ZPR,ZİRAAT PORTFÖY PARA PİYASASI SERBEST FON,TEFAS,YAT,Serbest Şemsiye Fonu,2.0,1.609608,53.8,3.1721,9.7549,20.6783,,,,7.0,,,,,,,
ZSF,ZİRAAT PORTFÖY S&P/OIC COMCEC (İSEDAK) 50 SHARİAH ŞİRKETLERİ YABANCI HİSSE SENED,TEFAS,YAT,Hisse Senedi Şemsiye Fonu,6.0,52.760886,49.6,-1.9848,-7.1398,3.6887,12.9507,164.8255,,33.0,,,,,,,
ZSG,ZİRAAT PORTFÖY ESG SÜRDÜRÜLEBİLİRLİK FON SEPETİ FONU,TEFAS,YAT,Fon Sepeti Şemsiye Fonu,6.0,4.325993,60.4,3.7233,8.3091,27.0261,56.1213,3.139,,33.0,,,,,,,
ZTG,ZİRAAT PORTFÖY TARIM VE GIDA FON SEPETİ FONU,TEFAS,YAT,Fon Sepeti Şemsiye Fonu,5.0,1.315595,51.9,1.4434,5.352,15.3515,,,,25.0,,,,,,,
ZVO,ZİRAAT PORTFÖY ÜÇÜNCÜ SERBEST (TL) FON,TEFAS,YAT,Serbest Şemsiye Fonu,7.0,3.62629,40.8,-9.6157,-10.9799,-11.17,-28.2471,9.9784,,42.0,,,,,,,
